
  
CREATE TABLE goods(    goods_name    VARCHAR(30),    code    INT,    base_price FLOAT,    current_price FLOAT,    pop_demand FLOAT, PRIMARY KEY (code));

CREATE TABLE building(    id INT,    name VARCHAR(80),    level INT, PRIMARY KEY (id));

CREATE TABLE supply(    goods_id INT,    building_id INT,    max_supply FLOAT,    current_output FLOAT,    level INT, PRIMARY KEY (goods_id, building_id));

CREATE TABLE demand(    goods_id INT,    building_id INT,    max_demand FLOAT,    current_input FLOAT,    level INT,   PRIMARY KEY (goods_id, building_id));
    
INSERT INTO goods(goods_name,code,base_price, current_price, pop_demand) VALUES ("ammunition", 0, 50, 87.5, 0);
INSERT INTO goods(goods_name,code,base_price, current_price, pop_demand) VALUES ("small_arms", 1, 60, 62.51800738458702, 0);
INSERT INTO goods(goods_name,code,base_price, current_price, pop_demand) VALUES ("artillery", 2, 70, 72.93767528201819, 0);
INSERT INTO goods(goods_name,code,base_price, current_price, pop_demand) VALUES ("tanks", 3, 80, 80, 0);
INSERT INTO goods(goods_name,code,base_price, current_price, pop_demand) VALUES ("aeroplanes", 4, 80, 80, 0);
INSERT INTO goods(goods_name,code,base_price, current_price, pop_demand) VALUES ("manowars", 5, 70, 112.89524980156281, 0);
INSERT INTO goods(goods_name,code,base_price, current_price, pop_demand) VALUES ("ironclads", 6, 80, 80, 0);
INSERT INTO goods(goods_name,code,base_price, current_price, pop_demand) VALUES ("grain", 7, 20, 24.6362821153372, 6513.849455111417);
INSERT INTO goods(goods_name,code,base_price, current_price, pop_demand) VALUES ("fish", 8, 20, 28.02927253260655, 596.7948643788249);
INSERT INTO goods(goods_name,code,base_price, current_price, pop_demand) VALUES ("fabric", 9, 20, 16.654420488203108, 491.09556025200345);
INSERT INTO goods(goods_name,code,base_price, current_price, pop_demand) VALUES ("wood", 10, 20, 19.35028578534993, 576.9347965867256);
INSERT INTO goods(goods_name,code,base_price, current_price, pop_demand) VALUES ("groceries", 11, 30, 43.207425811999386, 346.8503206057664);
INSERT INTO goods(goods_name,code,base_price, current_price, pop_demand) VALUES ("clothes", 12, 30, 39.94454144991255, 2285.3289070702945);
INSERT INTO goods(goods_name,code,base_price, current_price, pop_demand) VALUES ("furniture", 13, 30, 35.0676818598967, 1673.2179624625098);
INSERT INTO goods(goods_name,code,base_price, current_price, pop_demand) VALUES ("paper", 14, 30, 44.04647427397225, 291.55474833140016);
INSERT INTO goods(goods_name,code,base_price, current_price, pop_demand) VALUES ("services", 15, 30, 14.72111962156508, 1095.7809249924603);
INSERT INTO goods(goods_name,code,base_price, current_price, pop_demand) VALUES ("transportation", 16, 30, 30, 0);
INSERT INTO goods(goods_name,code,base_price, current_price, pop_demand) VALUES ("electricity", 17, 30, 30, 0);
INSERT INTO goods(goods_name,code,base_price, current_price, pop_demand) VALUES ("clippers", 18, 60, 78.37671942020413, 0);
INSERT INTO goods(goods_name,code,base_price, current_price, pop_demand) VALUES ("steamers", 19, 70, 70, 0);
INSERT INTO goods(goods_name,code,base_price, current_price, pop_demand) VALUES ("silk", 20, 40, 45.85556603773584, 0);
INSERT INTO goods(goods_name,code,base_price, current_price, pop_demand) VALUES ("dye", 21, 40, 70.0, 0);
INSERT INTO goods(goods_name,code,base_price, current_price, pop_demand) VALUES ("sulfur", 22, 50, 12.5, 0);
INSERT INTO goods(goods_name,code,base_price, current_price, pop_demand) VALUES ("coal", 23, 30, 34.10672501252949, 135.61187877418283);
INSERT INTO goods(goods_name,code,base_price, current_price, pop_demand) VALUES ("iron", 24, 40, 25.03868362124794, 0);
INSERT INTO goods(goods_name,code,base_price, current_price, pop_demand) VALUES ("lead", 25, 40, 34.095172569291684, 0);
INSERT INTO goods(goods_name,code,base_price, current_price, pop_demand) VALUES ("hardwood", 26, 40, 37.1144851094393, 0);
INSERT INTO goods(goods_name,code,base_price, current_price, pop_demand) VALUES ("rubber", 27, 40, 40, 0);
INSERT INTO goods(goods_name,code,base_price, current_price, pop_demand) VALUES ("oil", 28, 40, 40, 0);
INSERT INTO goods(goods_name,code,base_price, current_price, pop_demand) VALUES ("engines", 29, 60, 60, 0);
INSERT INTO goods(goods_name,code,base_price, current_price, pop_demand) VALUES ("steel", 30, 50, 50, 0);
INSERT INTO goods(goods_name,code,base_price, current_price, pop_demand) VALUES ("glass", 31, 40, 63.54112003192824, 157.1698108115073);
INSERT INTO goods(goods_name,code,base_price, current_price, pop_demand) VALUES ("fertilizer", 32, 30, 46.1457937220602, 0);
INSERT INTO goods(goods_name,code,base_price, current_price, pop_demand) VALUES ("tools", 33, 40, 46.99400249621463, 0);
INSERT INTO goods(goods_name,code,base_price, current_price, pop_demand) VALUES ("explosives", 34, 50, 87.5, 0);
INSERT INTO goods(goods_name,code,base_price, current_price, pop_demand) VALUES ("porcelain", 35, 70, 99.70016615496242, 328.0798940557407);
INSERT INTO goods(goods_name,code,base_price, current_price, pop_demand) VALUES ("meat", 36, 30, 44.639073640296374, 287.24507064298865);
INSERT INTO goods(goods_name,code,base_price, current_price, pop_demand) VALUES ("fruit", 37, 30, 47.49178191572082, 244.09349736079247);
INSERT INTO goods(goods_name,code,base_price, current_price, pop_demand) VALUES ("liquor", 38, 30, 38.208986317660546, 2469.754224748588);
INSERT INTO goods(goods_name,code,base_price, current_price, pop_demand) VALUES ("wine", 39, 50, 78.8074653704802, 435.77344743625264);
INSERT INTO goods(goods_name,code,base_price, current_price, pop_demand) VALUES ("tea", 40, 50, 50, 0);
INSERT INTO goods(goods_name,code,base_price, current_price, pop_demand) VALUES ("coffee", 41, 50, 87.5, 223.07565206374795);
INSERT INTO goods(goods_name,code,base_price, current_price, pop_demand) VALUES ("sugar", 42, 30, 50.198312905847295, 46.0804012050963);
INSERT INTO goods(goods_name,code,base_price, current_price, pop_demand) VALUES ("tobacco", 43, 40, 70.0, 72.6828789385579);
INSERT INTO goods(goods_name,code,base_price, current_price, pop_demand) VALUES ("opium", 44, 50, 50, 0);
INSERT INTO goods(goods_name,code,base_price, current_price, pop_demand) VALUES ("automobiles", 45, 100, 100, 0);
INSERT INTO goods(goods_name,code,base_price, current_price, pop_demand) VALUES ("telephones", 46, 70, 70, 0);
INSERT INTO goods(goods_name,code,base_price, current_price, pop_demand) VALUES ("radios", 47, 80, 80, 0);
INSERT INTO goods(goods_name,code,base_price, current_price, pop_demand) VALUES ("luxury_clothes", 48, 60, 83.64076303784366, 380.241349853899);
INSERT INTO goods(goods_name,code,base_price, current_price, pop_demand) VALUES ("luxury_furniture", 49, 60, 67.01675744253744, 223.1365529144044);
INSERT INTO goods(goods_name,code,base_price, current_price, pop_demand) VALUES ("gold", 50, 100, 25.0, 0);
INSERT INTO goods(goods_name,code,base_price, current_price, pop_demand) VALUES ("fine_art", 51, 200, 299.28810411315754, 0.09557300113049176);
INSERT INTO building(id, name, level) VALUES (382, "building_government_administrationlevel", 11);
INSERT INTO demand(goods_id, building_id, max_demand, current_input, level) VALUES (14, 382, 109.99999999999999, 11, 41.32834799391342);
INSERT INTO building(id, name, level) VALUES (383, "building_construction_sectorlevel", 2);
INSERT INTO building(id, name, level) VALUES (384, "building_universitylevel", 6);
INSERT INTO demand(goods_id, building_id, max_demand, current_input, level) VALUES (14, 384, 30.0, 6, 11.271367634703662);
INSERT INTO building(id, name, level) VALUES (385, "building_arts_academylevel", 2);
INSERT INTO demand(goods_id, building_id, max_demand, current_input, level) VALUES (14, 385, 0.215, 2, 0.08077813471537625);
INSERT INTO supply(goods_id, building_id, max_supply, current_output, level) VALUES (51, 385, 0.08600000000000001, 2, 0.0323112538861505);
INSERT INTO building(id, name, level) VALUES (386, "building_furniture_manufacturieslevel", 5);
INSERT INTO demand(goods_id, building_id, max_demand, current_input, level) VALUES (9, 386, 50.00000000000001, 5, 64.3532641334821);
INSERT INTO demand(goods_id, building_id, max_demand, current_input, level) VALUES (10, 386, 100.00000000000001, 5, 104.52753502173009);
INSERT INTO demand(goods_id, building_id, max_demand, current_input, level) VALUES (26, 386, 50.00000000000001, 5, 55.32098411405234);
INSERT INTO demand(goods_id, building_id, max_demand, current_input, level) VALUES (33, 386, 25.000000000000004, 5, 19.17166458648781);
INSERT INTO supply(goods_id, building_id, max_supply, current_output, level) VALUES (13, 386, 225.00000000000003, 5, 211.88624531959758);
INSERT INTO supply(goods_id, building_id, max_supply, current_output, level) VALUES (49, 386, 100.00000000000001, 5, 94.17166458648782);
INSERT INTO building(id, name, level) VALUES (387, "building_paper_millslevel", 5);
INSERT INTO demand(goods_id, building_id, max_demand, current_input, level) VALUES (10, 387, 150.0, 5, 156.79130253259513);
INSERT INTO supply(goods_id, building_id, max_supply, current_output, level) VALUES (14, 387, 200.00000000000003, 5, 200.00000000000003);
INSERT INTO building(id, name, level) VALUES (388, "building_wheat_farmlevel", 10);
INSERT INTO demand(goods_id, building_id, max_demand, current_input, level) VALUES (32, 388, 46.364000000000004, 10, 13.093618660906708);
INSERT INTO supply(goods_id, building_id, max_supply, current_output, level) VALUES (7, 388, 278.18399999999997, 10, 78.56171196544022);
INSERT INTO supply(goods_id, building_id, max_supply, current_output, level) VALUES (37, 388, 83.45519327731093, 10, 23.568511691083046);
INSERT INTO supply(goods_id, building_id, max_supply, current_output, level) VALUES (42, 388, 55.63679831932774, 10, 15.712341918450793);
INSERT INTO building(id, name, level) VALUES (389, "building_livestock_ranchlevel", 3);
INSERT INTO demand(goods_id, building_id, max_demand, current_input, level) VALUES (7, 389, 24.80759821428571, 3, 17.139929952594787);
INSERT INTO supply(goods_id, building_id, max_supply, current_output, level) VALUES (9, 389, 99.23039285714285, 3, 68.55971981037915);
INSERT INTO supply(goods_id, building_id, max_supply, current_output, level) VALUES (32, 389, 12.403794642857143, 3, 8.569961891857547);
INSERT INTO supply(goods_id, building_id, max_supply, current_output, level) VALUES (36, 389, 12.403794642857143, 3, 8.569961891857547);
INSERT INTO building(id, name, level) VALUES (390, "building_barrackslevel", 34);
INSERT INTO demand(goods_id, building_id, max_demand, current_input, level) VALUES (1, 390, 34.0, 34, 32.09750553164536);
INSERT INTO demand(goods_id, building_id, max_demand, current_input, level) VALUES (2, 390, 34.0, 34, 32.09750553164536);
INSERT INTO building(id, name, level) VALUES (391, "building_government_administrationlevel", 11);
INSERT INTO demand(goods_id, building_id, max_demand, current_input, level) VALUES (14, 391, 109.99999999999999, 11, 41.32834799391342);
INSERT INTO building(id, name, level) VALUES (392, "building_arms_industrylevel", 5);
INSERT INTO demand(goods_id, building_id, max_demand, current_input, level) VALUES (24, 392, 99.16300000000001, 5, 197.8158511026072);
INSERT INTO demand(goods_id, building_id, max_demand, current_input, level) VALUES (26, 392, 49.581500000000005, 5, 54.85794747701771);
INSERT INTO supply(goods_id, building_id, max_supply, current_output, level) VALUES (1, 392, 74.3722456140351, 5, 74.3722456140351);
INSERT INTO supply(goods_id, building_id, max_supply, current_output, level) VALUES (2, 392, 74.3722456140351, 5, 74.3722456140351);
INSERT INTO building(id, name, level) VALUES (393, "building_construction_sectorlevel", 2);
INSERT INTO building(id, name, level) VALUES (394, "building_universitylevel", 1);
INSERT INTO demand(goods_id, building_id, max_demand, current_input, level) VALUES (14, 394, 5.0, 1, 1.8785612724506102);
INSERT INTO building(id, name, level) VALUES (395, "building_food_industrylevel", 4);
INSERT INTO demand(goods_id, building_id, max_demand, current_input, level) VALUES (7, 395, 160.00000000000003, 4, 110.5463241030699);
INSERT INTO demand(goods_id, building_id, max_demand, current_input, level) VALUES (42, 395, 100.00000000000001, 4, 10.229720418456472);
INSERT INTO supply(goods_id, building_id, max_supply, current_output, level) VALUES (11, 395, 60.0, 4, 23.796351894862543);
INSERT INTO supply(goods_id, building_id, max_supply, current_output, level) VALUES (38, 395, 240.0, 4, 95.18540757945017);
INSERT INTO building(id, name, level) VALUES (396, "building_glassworkslevel", 3);
INSERT INTO demand(goods_id, building_id, max_demand, current_input, level) VALUES (10, 396, 60.0, 3, 62.71652101303804);
INSERT INTO demand(goods_id, building_id, max_demand, current_input, level) VALUES (21, 396, 89.99999999999999, 3, 0.0);
INSERT INTO demand(goods_id, building_id, max_demand, current_input, level) VALUES (25, 396, 30.0, 3, 37.35188023293153);
INSERT INTO supply(goods_id, building_id, max_supply, current_output, level) VALUES (31, 396, 60.0, 3, 40.0);
INSERT INTO supply(goods_id, building_id, max_supply, current_output, level) VALUES (35, 396, 120.0, 3, 80.0);
INSERT INTO building(id, name, level) VALUES (397, "building_iron_minelevel", 7);
INSERT INTO demand(goods_id, building_id, max_demand, current_input, level) VALUES (23, 397, 104.99999999999999, 7, 85.83528327486239);
INSERT INTO demand(goods_id, building_id, max_demand, current_input, level) VALUES (33, 397, 104.99999999999999, 7, 80.52099126324877);
INSERT INTO demand(goods_id, building_id, max_demand, current_input, level) VALUES (34, 397, 35.0, 7, 0.0);
INSERT INTO supply(goods_id, building_id, max_supply, current_output, level) VALUES (24, 397, 478.8, 7, 252.86153729792903);
INSERT INTO building(id, name, level) VALUES (398, "building_logging_camplevel", 5);
INSERT INTO demand(goods_id, building_id, max_demand, current_input, level) VALUES (33, 398, 25.000000000000004, 5, 19.17166458648781);
INSERT INTO supply(goods_id, building_id, max_supply, current_output, level) VALUES (10, 398, 200.00000000000003, 5, 153.3733166919025);
INSERT INTO supply(goods_id, building_id, max_supply, current_output, level) VALUES (26, 398, 50.00000000000001, 5, 38.34332917297562);
INSERT INTO building(id, name, level) VALUES (399, "building_rye_farmlevel", 7);
INSERT INTO demand(goods_id, building_id, max_demand, current_input, level) VALUES (32, 399, 34.54779310344828, 7, 9.756613503417617);
INSERT INTO supply(goods_id, building_id, max_supply, current_output, level) VALUES (7, 399, 207.28679310344828, 7, 58.53969075875287);
INSERT INTO supply(goods_id, building_id, max_supply, current_output, level) VALUES (38, 399, 103.64339655172414, 7, 29.269845379376434);
INSERT INTO building(id, name, level) VALUES (400, "building_barrackslevel", 31);
INSERT INTO demand(goods_id, building_id, max_demand, current_input, level) VALUES (1, 400, 31.0, 31, 29.265372690617827);
INSERT INTO demand(goods_id, building_id, max_demand, current_input, level) VALUES (2, 400, 31.0, 31, 29.265372690617827);
INSERT INTO building(id, name, level) VALUES (401, "building_coal_minelevel", 3);
INSERT INTO demand(goods_id, building_id, max_demand, current_input, level) VALUES (33, 401, 45.0, 3, 34.50899625567805);
INSERT INTO supply(goods_id, building_id, max_supply, current_output, level) VALUES (23, 401, 180.0, 3, 138.0359850227122);
INSERT INTO building(id, name, level) VALUES (402, "building_textile_millslevel", 3);
INSERT INTO demand(goods_id, building_id, max_demand, current_input, level) VALUES (9, 402, 89.99999999999999, 3, 115.83587544026776);
INSERT INTO demand(goods_id, building_id, max_demand, current_input, level) VALUES (20, 402, 30.0, 3, 24.144433962264152);
INSERT INTO demand(goods_id, building_id, max_demand, current_input, level) VALUES (21, 402, 15.0, 3, 0.0);
INSERT INTO supply(goods_id, building_id, max_supply, current_output, level) VALUES (12, 402, 120.0, 3, 72.19257861635221);
INSERT INTO supply(goods_id, building_id, max_supply, current_output, level) VALUES (48, 402, 60.0, 3, 36.096289308176104);
INSERT INTO building(id, name, level) VALUES (403, "building_food_industrylevel", 3);
INSERT INTO demand(goods_id, building_id, max_demand, current_input, level) VALUES (7, 403, 120.0, 3, 82.90974307730242);
INSERT INTO demand(goods_id, building_id, max_demand, current_input, level) VALUES (42, 403, 74.99999999999999, 3, 7.6722903138423515);
INSERT INTO supply(goods_id, building_id, max_supply, current_output, level) VALUES (11, 403, 44.99999999999999, 3, 17.847263921146908);
INSERT INTO supply(goods_id, building_id, max_supply, current_output, level) VALUES (38, 403, 179.99999999999997, 3, 71.38905568458763);
INSERT INTO building(id, name, level) VALUES (404, "building_logging_camplevel", 4);
INSERT INTO demand(goods_id, building_id, max_demand, current_input, level) VALUES (33, 404, 20.000000000000004, 4, 15.337331669190247);
INSERT INTO supply(goods_id, building_id, max_supply, current_output, level) VALUES (10, 404, 160.00000000000003, 4, 122.69865335352198);
INSERT INTO supply(goods_id, building_id, max_supply, current_output, level) VALUES (26, 404, 40.00000000000001, 4, 30.674663338380494);
INSERT INTO building(id, name, level) VALUES (405, "building_wheat_farmlevel", 4);
INSERT INTO demand(goods_id, building_id, max_demand, current_input, level) VALUES (32, 405, 18.761, 4, 5.298278399130159);
INSERT INTO supply(goods_id, building_id, max_supply, current_output, level) VALUES (7, 405, 112.566, 4, 31.78967039478096);
INSERT INTO supply(goods_id, building_id, max_supply, current_output, level) VALUES (37, 405, 33.76979646017699, 4, 9.536900118755817);
INSERT INTO supply(goods_id, building_id, max_supply, current_output, level) VALUES (42, 405, 22.51319469026549, 4, 6.357932579438486);
INSERT INTO building(id, name, level) VALUES (406, "building_barrackslevel", 10);
INSERT INTO demand(goods_id, building_id, max_demand, current_input, level) VALUES (1, 406, 9.458, 10, 8.928770803479466);
INSERT INTO demand(goods_id, building_id, max_demand, current_input, level) VALUES (2, 406, 9.458, 10, 8.928770803479466);
INSERT INTO building(id, name, level) VALUES (407, "building_coal_minelevel", 3);
INSERT INTO demand(goods_id, building_id, max_demand, current_input, level) VALUES (33, 407, 45.0, 3, 34.50899625567805);
INSERT INTO supply(goods_id, building_id, max_supply, current_output, level) VALUES (23, 407, 180.0, 3, 138.0359850227122);
INSERT INTO building(id, name, level) VALUES (408, "building_iron_minelevel", 4);
INSERT INTO demand(goods_id, building_id, max_demand, current_input, level) VALUES (23, 408, 59.99999999999999, 4, 49.04873329992137);
INSERT INTO demand(goods_id, building_id, max_demand, current_input, level) VALUES (33, 408, 59.99999999999999, 4, 46.01199500757073);
INSERT INTO supply(goods_id, building_id, max_supply, current_output, level) VALUES (24, 408, 239.99999999999997, 4, 190.12145661498423);
INSERT INTO building(id, name, level) VALUES (409, "building_lead_minelevel", 3);
INSERT INTO demand(goods_id, building_id, max_demand, current_input, level) VALUES (33, 409, 13.638, 3, 10.458526465220828);
INSERT INTO supply(goods_id, building_id, max_supply, current_output, level) VALUES (25, 409, 54.552, 3, 41.83410586088331);
INSERT INTO building(id, name, level) VALUES (410, "building_wheat_farmlevel", 1);
INSERT INTO supply(goods_id, building_id, max_supply, current_output, level) VALUES (7, 410, 14.999999999999998, 1, 16.5);
INSERT INTO supply(goods_id, building_id, max_supply, current_output, level) VALUES (39, 410, 8.0, 1, 8.8);
INSERT INTO building(id, name, level) VALUES (411, "building_livestock_ranchlevel", 2);
INSERT INTO demand(goods_id, building_id, max_demand, current_input, level) VALUES (7, 411, 16.860594594594595, 2, 11.649229716403264);
INSERT INTO supply(goods_id, building_id, max_supply, current_output, level) VALUES (9, 411, 67.44239639639639, 2, 46.596931314523424);
INSERT INTO supply(goods_id, building_id, max_supply, current_output, level) VALUES (32, 411, 8.430297297297297, 2, 5.824614858201632);
INSERT INTO supply(goods_id, building_id, max_supply, current_output, level) VALUES (36, 411, 8.430297297297297, 2, 5.824614858201632);
INSERT INTO building(id, name, level) VALUES (412, "building_barrackslevel", 13);
INSERT INTO demand(goods_id, building_id, max_demand, current_input, level) VALUES (1, 412, 12.298, 13, 11.609856559652195);
INSERT INTO demand(goods_id, building_id, max_demand, current_input, level) VALUES (2, 412, 12.298, 13, 11.609856559652195);
INSERT INTO building(id, name, level) VALUES (413, "building_iron_minelevel", 3);
INSERT INTO demand(goods_id, building_id, max_demand, current_input, level) VALUES (23, 413, 45.0, 3, 36.78654997494103);
INSERT INTO demand(goods_id, building_id, max_demand, current_input, level) VALUES (33, 413, 45.0, 3, 34.50899625567805);
INSERT INTO supply(goods_id, building_id, max_supply, current_output, level) VALUES (24, 413, 180.0, 3, 142.59109246123816);
INSERT INTO building(id, name, level) VALUES (414, "building_gold_minelevel", 2);
INSERT INTO demand(goods_id, building_id, max_demand, current_input, level) VALUES (23, 414, 30.0, 2, 24.52436664996069);
INSERT INTO demand(goods_id, building_id, max_demand, current_input, level) VALUES (33, 414, 30.0, 2, 23.00599750378537);
INSERT INTO supply(goods_id, building_id, max_supply, current_output, level) VALUES (50, 414, 60.0, 2, 47.530364153746056);
INSERT INTO building(id, name, level) VALUES (415, "building_livestock_ranchlevel", 1);
INSERT INTO demand(goods_id, building_id, max_demand, current_input, level) VALUES (7, 415, 8.4294, 1, 5.823994902465108);
INSERT INTO supply(goods_id, building_id, max_supply, current_output, level) VALUES (9, 415, 33.7176, 1, 23.29597960986043);
INSERT INTO supply(goods_id, building_id, max_supply, current_output, level) VALUES (32, 415, 4.2147, 1, 2.911997451232554);
INSERT INTO supply(goods_id, building_id, max_supply, current_output, level) VALUES (36, 415, 4.2147, 1, 2.911997451232554);
INSERT INTO building(id, name, level) VALUES (416, "building_wheat_farmlevel", 1);
INSERT INTO supply(goods_id, building_id, max_supply, current_output, level) VALUES (7, 416, 14.971045454545454, 1, 16.46815);
INSERT INTO supply(goods_id, building_id, max_supply, current_output, level) VALUES (39, 416, 7.984554545454546, 1, 8.78301);
INSERT INTO building(id, name, level) VALUES (417, "building_barrackslevel", 9);
INSERT INTO demand(goods_id, building_id, max_demand, current_input, level) VALUES (1, 417, 8.52192, 9, 8.045069833536447);
INSERT INTO demand(goods_id, building_id, max_demand, current_input, level) VALUES (2, 417, 8.52192, 9, 8.045069833536447);
INSERT INTO building(id, name, level) VALUES (33554985, "building_tooling_workshopslevel", 1);
INSERT INTO demand(goods_id, building_id, max_demand, current_input, level) VALUES (10, 33554985, 29.999999999999996, 1, 31.358260506519013);
INSERT INTO demand(goods_id, building_id, max_demand, current_input, level) VALUES (24, 33554985, 20.0, 1, 39.897109023044315);
INSERT INTO supply(goods_id, building_id, max_supply, current_output, level) VALUES (33, 33554985, 59.99999999999999, 1, 59.99999999999999);
INSERT INTO building(id, name, level) VALUES (588, "building_government_administrationlevel", 3);
INSERT INTO demand(goods_id, building_id, max_demand, current_input, level) VALUES (14, 588, 30.0, 3, 11.271367634703662);
INSERT INTO building(id, name, level) VALUES (589, "building_construction_sectorlevel", 3);
INSERT INTO building(id, name, level) VALUES (590, "building_textile_millslevel", 5);
INSERT INTO demand(goods_id, building_id, max_demand, current_input, level) VALUES (9, 590, 200.00000000000003, 5, 257.4130565339284);
INSERT INTO demand(goods_id, building_id, max_demand, current_input, level) VALUES (21, 590, 25.000000000000004, 5, 0.0);
INSERT INTO supply(goods_id, building_id, max_supply, current_output, level) VALUES (12, 590, 300.0, 5, 150.0);
INSERT INTO building(id, name, level) VALUES (591, "building_arms_industrylevel", 10);
INSERT INTO demand(goods_id, building_id, max_demand, current_input, level) VALUES (24, 591, 198.33, 10, 395.63968162701906);
INSERT INTO demand(goods_id, building_id, max_demand, current_input, level) VALUES (26, 591, 99.165, 10, 109.71810779339998);
INSERT INTO supply(goods_id, building_id, max_supply, current_output, level) VALUES (1, 591, 148.74749579831933, 10, 148.74749579831933);
INSERT INTO supply(goods_id, building_id, max_supply, current_output, level) VALUES (2, 591, 148.74749579831933, 10, 148.74749579831933);
INSERT INTO building(id, name, level) VALUES (592, "building_wheat_farmlevel", 3);
INSERT INTO demand(goods_id, building_id, max_demand, current_input, level) VALUES (32, 592, 14.063392857142855, 3, 3.97163107475515);
INSERT INTO supply(goods_id, building_id, max_supply, current_output, level) VALUES (7, 592, 98.44379464285714, 3, 27.80143013083819);
INSERT INTO supply(goods_id, building_id, max_supply, current_output, level) VALUES (39, 592, 22.501437499999998, 3, 6.354612241118668);
INSERT INTO building(id, name, level) VALUES (593, "building_barrackslevel", 16);
INSERT INTO demand(goods_id, building_id, max_demand, current_input, level) VALUES (1, 593, 1.64592, 16, 1.553821361901345);
INSERT INTO demand(goods_id, building_id, max_demand, current_input, level) VALUES (2, 593, 1.64592, 16, 1.553821361901345);
INSERT INTO building(id, name, level) VALUES (694, "building_government_administrationlevel", 4);
INSERT INTO demand(goods_id, building_id, max_demand, current_input, level) VALUES (14, 694, 40.0, 4, 15.028490179604882);
INSERT INTO building(id, name, level) VALUES (695, "building_paper_millslevel", 5);
INSERT INTO demand(goods_id, building_id, max_demand, current_input, level) VALUES (10, 695, 149.10600000000002, 5, 155.85682636950088);
INSERT INTO supply(goods_id, building_id, max_supply, current_output, level) VALUES (14, 695, 198.80800000000002, 5, 198.80800000000002);
INSERT INTO building(id, name, level) VALUES (696, "building_glassworkslevel", 5);
INSERT INTO demand(goods_id, building_id, max_demand, current_input, level) VALUES (10, 696, 149.9505, 5, 156.73956140275936);
INSERT INTO demand(goods_id, building_id, max_demand, current_input, level) VALUES (21, 696, 74.97524561403509, 5, 0.0);
INSERT INTO supply(goods_id, building_id, max_supply, current_output, level) VALUES (31, 696, 49.9835, 5, 24.99175);
INSERT INTO supply(goods_id, building_id, max_supply, current_output, level) VALUES (35, 696, 124.9587456140351, 5, 62.47937280701755);
INSERT INTO building(id, name, level) VALUES (697, "building_textile_millslevel", 8);
INSERT INTO demand(goods_id, building_id, max_demand, current_input, level) VALUES (9, 697, 240.00000000000003, 8, 308.8956678407141);
INSERT INTO demand(goods_id, building_id, max_demand, current_input, level) VALUES (20, 697, 80.0, 8, 64.3851572327044);
INSERT INTO supply(goods_id, building_id, max_supply, current_output, level) VALUES (12, 697, 200.0, 8, 180.48144654088048);
INSERT INTO supply(goods_id, building_id, max_supply, current_output, level) VALUES (48, 697, 160.0, 8, 144.3851572327044);
INSERT INTO building(id, name, level) VALUES (698, "building_barrackslevel", 10);
INSERT INTO demand(goods_id, building_id, max_demand, current_input, level) VALUES (1, 698, 4.99, 10, 4.710780958909128);
INSERT INTO demand(goods_id, building_id, max_demand, current_input, level) VALUES (2, 698, 4.99, 10, 4.710780958909128);
INSERT INTO building(id, name, level) VALUES (699, "building_fishing_wharflevel", 4);
INSERT INTO demand(goods_id, building_id, max_demand, current_input, level) VALUES (18, 699, 17.0, 4, 10.057683774589554);
INSERT INTO supply(goods_id, building_id, max_supply, current_output, level) VALUES (8, 699, 170.0, 4, 100.57683774589555);
INSERT INTO building(id, name, level) VALUES (700, "building_silk_plantationlevel", 5);
INSERT INTO supply(goods_id, building_id, max_supply, current_output, level) VALUES (20, 700, 98.435, 5, 102.3724);
INSERT INTO building(id, name, level) VALUES (701, "building_wheat_farmlevel", 2);
INSERT INTO demand(goods_id, building_id, max_demand, current_input, level) VALUES (32, 701, 9.866297297297296, 2, 2.786332810066976);
INSERT INTO supply(goods_id, building_id, max_supply, current_output, level) VALUES (7, 701, 69.0640990990991, 2, 19.50433475892231);
INSERT INTO supply(goods_id, building_id, max_supply, current_output, level) VALUES (39, 701, 15.78607207207207, 2, 4.458131478416466);
INSERT INTO building(id, name, level) VALUES (702, "building_portlevel", 3);
INSERT INTO demand(goods_id, building_id, max_demand, current_input, level) VALUES (18, 702, 15.0, 3, 8.87442685993196);
INSERT INTO building(id, name, level) VALUES (857, "building_wheat_farmlevel", 3);
INSERT INTO demand(goods_id, building_id, max_demand, current_input, level) VALUES (32, 857, 14.066999999999998, 3, 3.972649764967963);
INSERT INTO supply(goods_id, building_id, max_supply, current_output, level) VALUES (7, 857, 84.402, 3, 23.83589858980778);
INSERT INTO supply(goods_id, building_id, max_supply, current_output, level) VALUES (37, 857, 25.32059821428571, 3, 7.150769072640247);
INSERT INTO supply(goods_id, building_id, max_supply, current_output, level) VALUES (42, 857, 16.880392857142855, 3, 4.767177700753213);
INSERT INTO building(id, name, level) VALUES (858, "building_livestock_ranchlevel", 1);
INSERT INTO demand(goods_id, building_id, max_demand, current_input, level) VALUES (7, 858, 9.7235, 1, 6.71810739010125);
INSERT INTO demand(goods_id, building_id, max_demand, current_input, level) VALUES (33, 858, 4.861745454545455, 1, 3.7283101263770866);
INSERT INTO supply(goods_id, building_id, max_supply, current_output, level) VALUES (9, 858, 38.894, 1, 28.349469228739636);
INSERT INTO supply(goods_id, building_id, max_supply, current_output, level) VALUES (32, 858, 4.861745454545455, 1, 3.5436803404535704);
INSERT INTO supply(goods_id, building_id, max_supply, current_output, level) VALUES (36, 858, 14.585245454545452, 1, 10.631047647638479);
INSERT INTO building(id, name, level) VALUES (859, "building_logging_camplevel", 2);
INSERT INTO demand(goods_id, building_id, max_demand, current_input, level) VALUES (33, 859, 9.999999999999998, 2, 7.668665834595121);
INSERT INTO supply(goods_id, building_id, max_supply, current_output, level) VALUES (10, 859, 79.99999999999999, 2, 61.34932667676097);
INSERT INTO supply(goods_id, building_id, max_supply, current_output, level) VALUES (26, 859, 19.999999999999996, 2, 15.337331669190242);
INSERT INTO building(id, name, level) VALUES (860, "building_barrackslevel", 5);
INSERT INTO demand(goods_id, building_id, max_demand, current_input, level) VALUES (0, 860, 3.517, 5, 0.0);
INSERT INTO demand(goods_id, building_id, max_demand, current_input, level) VALUES (1, 860, 3.517, 5, 3.3202037339646098);
INSERT INTO demand(goods_id, building_id, max_demand, current_input, level) VALUES (2, 860, 3.517, 5, 3.3202037339646098);
INSERT INTO building(id, name, level) VALUES (861, "building_fishing_wharflevel", 3);
INSERT INTO supply(goods_id, building_id, max_supply, current_output, level) VALUES (8, 861, 75.0, 3, 76.5);
INSERT INTO building(id, name, level) VALUES (862, "building_wheat_farmlevel", 1);
INSERT INTO demand(goods_id, building_id, max_demand, current_input, level) VALUES (32, 862, 4.686496, 1, 1.3235094357662116);
INSERT INTO supply(goods_id, building_id, max_supply, current_output, level) VALUES (7, 862, 32.805496, 1, 9.26457282818351);
INSERT INTO supply(goods_id, building_id, max_supply, current_output, level) VALUES (39, 862, 7.498399999999999, 1, 2.117616904644613);
INSERT INTO building(id, name, level) VALUES (863, "building_barrackslevel", 6);
INSERT INTO demand(goods_id, building_id, max_demand, current_input, level) VALUES (0, 863, 0.64896, 6, 0.0);
INSERT INTO demand(goods_id, building_id, max_demand, current_input, level) VALUES (1, 863, 0.64896, 6, 0.6126469761710757);
INSERT INTO demand(goods_id, building_id, max_demand, current_input, level) VALUES (2, 863, 0.64896, 6, 0.6126469761710757);
INSERT INTO building(id, name, level) VALUES (864, "building_portlevel", 1);
INSERT INTO demand(goods_id, building_id, max_demand, current_input, level) VALUES (18, 864, 5.0, 1, 2.9581422866439864);
INSERT INTO building(id, name, level) VALUES (865, "building_government_administrationlevel", 4);
INSERT INTO demand(goods_id, building_id, max_demand, current_input, level) VALUES (14, 865, 40.0, 4, 15.028490179604882);
INSERT INTO building(id, name, level) VALUES (866, "building_wheat_farmlevel", 2);
INSERT INTO demand(goods_id, building_id, max_demand, current_input, level) VALUES (32, 866, 9.375896825396826, 2, 2.64783922085566);
INSERT INTO supply(goods_id, building_id, max_supply, current_output, level) VALUES (7, 866, 65.63129365079365, 2, 18.534879028674823);
INSERT INTO supply(goods_id, building_id, max_supply, current_output, level) VALUES (39, 866, 15.001436507936509, 2, 4.236543201637576);
INSERT INTO building(id, name, level) VALUES (867, "building_livestock_ranchlevel", 1);
INSERT INTO demand(goods_id, building_id, max_demand, current_input, level) VALUES (7, 867, 8.4294, 1, 5.823994902465108);
INSERT INTO supply(goods_id, building_id, max_supply, current_output, level) VALUES (9, 867, 33.7176, 1, 23.29597960986043);
INSERT INTO supply(goods_id, building_id, max_supply, current_output, level) VALUES (32, 867, 4.214696, 1, 2.9119946875744516);
INSERT INTO supply(goods_id, building_id, max_supply, current_output, level) VALUES (36, 867, 4.214696, 1, 2.9119946875744516);
INSERT INTO building(id, name, level) VALUES (868, "building_logging_camplevel", 4);
INSERT INTO demand(goods_id, building_id, max_demand, current_input, level) VALUES (33, 868, 20.000000000000004, 4, 15.337331669190247);
INSERT INTO supply(goods_id, building_id, max_supply, current_output, level) VALUES (10, 868, 240.0, 4, 184.04798003028293);
INSERT INTO building(id, name, level) VALUES (869, "building_fishing_wharflevel", 2);
INSERT INTO demand(goods_id, building_id, max_demand, current_input, level) VALUES (18, 869, 10.0, 2, 5.916284573287973);
INSERT INTO supply(goods_id, building_id, max_supply, current_output, level) VALUES (8, 869, 100.0, 2, 59.16284573287973);
INSERT INTO building(id, name, level) VALUES (870, "building_portlevel", 1);
INSERT INTO demand(goods_id, building_id, max_demand, current_input, level) VALUES (18, 870, 5.0, 1, 2.9581422866439864);
INSERT INTO building(id, name, level) VALUES (871, "building_barrackslevel", 11);
INSERT INTO demand(goods_id, building_id, max_demand, current_input, level) VALUES (0, 871, 9.09392, 11, 0.0);
INSERT INTO demand(goods_id, building_id, max_demand, current_input, level) VALUES (1, 871, 9.09392, 11, 8.585063161892364);
INSERT INTO demand(goods_id, building_id, max_demand, current_input, level) VALUES (2, 871, 9.09392, 11, 8.585063161892364);
INSERT INTO building(id, name, level) VALUES (872, "building_government_administrationlevel", 3);
INSERT INTO demand(goods_id, building_id, max_demand, current_input, level) VALUES (14, 872, 30.0, 3, 11.271367634703662);
INSERT INTO building(id, name, level) VALUES (873, "building_wheat_farmlevel", 1);
INSERT INTO demand(goods_id, building_id, max_demand, current_input, level) VALUES (32, 873, 5.0, 1, 1.4120458395421778);
INSERT INTO demand(goods_id, building_id, max_demand, current_input, level) VALUES (33, 873, 1.0, 1, 0.7668665834595123);
INSERT INTO supply(goods_id, building_id, max_supply, current_output, level) VALUES (7, 873, 29.999999999999996, 1, 15.739136270519216);
INSERT INTO supply(goods_id, building_id, max_supply, current_output, level) VALUES (37, 873, 9.0, 1, 4.721740881155765);
INSERT INTO supply(goods_id, building_id, max_supply, current_output, level) VALUES (42, 873, 5.999999999999999, 1, 3.147827254103843);
INSERT INTO building(id, name, level) VALUES (874, "building_livestock_ranchlevel", 1);
INSERT INTO demand(goods_id, building_id, max_demand, current_input, level) VALUES (7, 874, 9.2549, 1, 6.394344843384384);
INSERT INTO supply(goods_id, building_id, max_supply, current_output, level) VALUES (9, 874, 37.0196, 1, 25.577379373537536);
INSERT INTO supply(goods_id, building_id, max_supply, current_output, level) VALUES (32, 874, 4.6274454545454535, 1, 3.1971692811716204);
INSERT INTO supply(goods_id, building_id, max_supply, current_output, level) VALUES (36, 874, 4.6274454545454535, 1, 3.1971692811716204);
INSERT INTO building(id, name, level) VALUES (875, "building_barrackslevel", 7);
INSERT INTO demand(goods_id, building_id, max_demand, current_input, level) VALUES (1, 875, 6.75598, 7, 6.377944277108395);
INSERT INTO demand(goods_id, building_id, max_demand, current_input, level) VALUES (2, 875, 6.75598, 7, 6.377944277108395);
INSERT INTO building(id, name, level) VALUES (876, "building_tooling_workshopslevel", 3);
INSERT INTO demand(goods_id, building_id, max_demand, current_input, level) VALUES (10, 876, 89.99999999999999, 3, 94.07478151955705);
INSERT INTO demand(goods_id, building_id, max_demand, current_input, level) VALUES (24, 876, 60.0, 3, 119.69132706913295);
INSERT INTO supply(goods_id, building_id, max_supply, current_output, level) VALUES (33, 876, 179.99999999999997, 3, 179.99999999999997);
INSERT INTO building(id, name, level) VALUES (877, "building_shipyardslevel", 2);
INSERT INTO demand(goods_id, building_id, max_demand, current_input, level) VALUES (9, 877, 39.99999999999999, 2, 51.48261130678567);
INSERT INTO demand(goods_id, building_id, max_demand, current_input, level) VALUES (10, 877, 79.99999999999999, 2, 83.62202801738405);
INSERT INTO supply(goods_id, building_id, max_supply, current_output, level) VALUES (5, 877, 29.999999999999996, 2, 29.999999999999996);
INSERT INTO supply(goods_id, building_id, max_supply, current_output, level) VALUES (18, 877, 39.99999999999999, 2, 39.99999999999999);
INSERT INTO building(id, name, level) VALUES (878, "building_fishing_wharflevel", 4);
INSERT INTO supply(goods_id, building_id, max_supply, current_output, level) VALUES (8, 878, 100.0, 4, 103.0);
INSERT INTO building(id, name, level) VALUES (879, "building_naval_baselevel", 30);
INSERT INTO demand(goods_id, building_id, max_demand, current_input, level) VALUES (5, 879, 44.1078, 30, 8.06941715814529);
INSERT INTO building(id, name, level) VALUES (880, "building_portlevel", 3);
INSERT INTO demand(goods_id, building_id, max_demand, current_input, level) VALUES (18, 880, 15.0, 3, 8.87442685993196);
INSERT INTO building(id, name, level) VALUES (1060, "building_government_administrationlevel", 6);
INSERT INTO demand(goods_id, building_id, max_demand, current_input, level) VALUES (14, 1060, 60.0, 6, 22.542735269407324);
INSERT INTO building(id, name, level) VALUES (1061, "building_rye_farmlevel", 2);
INSERT INTO demand(goods_id, building_id, max_demand, current_input, level) VALUES (32, 1061, 9.999999999999998, 2, 2.824091679084355);
INSERT INTO demand(goods_id, building_id, max_demand, current_input, level) VALUES (33, 1061, 2.0, 2, 1.5337331669190246);
INSERT INTO supply(goods_id, building_id, max_supply, current_output, level) VALUES (7, 1061, 59.99999999999999, 2, 31.478272541038432);
INSERT INTO supply(goods_id, building_id, max_supply, current_output, level) VALUES (38, 1061, 29.999999999999996, 2, 15.739136270519216);
INSERT INTO building(id, name, level) VALUES (1062, "building_livestock_ranchlevel", 1);
INSERT INTO demand(goods_id, building_id, max_demand, current_input, level) VALUES (7, 1062, 9.2549, 1, 6.394344843384384);
INSERT INTO supply(goods_id, building_id, max_supply, current_output, level) VALUES (9, 1062, 37.0196, 1, 25.577379373537536);
INSERT INTO supply(goods_id, building_id, max_supply, current_output, level) VALUES (32, 1062, 4.6274454545454535, 1, 3.1971692811716204);
INSERT INTO supply(goods_id, building_id, max_supply, current_output, level) VALUES (36, 1062, 4.6274454545454535, 1, 3.1971692811716204);
INSERT INTO building(id, name, level) VALUES (1063, "building_barrackslevel", 11);
INSERT INTO demand(goods_id, building_id, max_demand, current_input, level) VALUES (1, 1063, 7.11194, 11, 6.713986279139114);
INSERT INTO demand(goods_id, building_id, max_demand, current_input, level) VALUES (2, 1063, 7.11194, 11, 6.713986279139114);
INSERT INTO building(id, name, level) VALUES (1067, "building_government_administrationlevel", 5);
INSERT INTO demand(goods_id, building_id, max_demand, current_input, level) VALUES (14, 1067, 50.0, 5, 18.7856127245061);
INSERT INTO building(id, name, level) VALUES (1068, "building_wheat_farmlevel", 3);
INSERT INTO demand(goods_id, building_id, max_demand, current_input, level) VALUES (32, 1068, 14.063392857142855, 3, 3.97163107475515);
INSERT INTO supply(goods_id, building_id, max_supply, current_output, level) VALUES (7, 1068, 98.44379464285714, 3, 27.80143013083819);
INSERT INTO supply(goods_id, building_id, max_supply, current_output, level) VALUES (39, 1068, 22.501437499999998, 3, 6.354612241118668);
INSERT INTO building(id, name, level) VALUES (1069, "building_livestock_ranchlevel", 2);
INSERT INTO demand(goods_id, building_id, max_demand, current_input, level) VALUES (7, 1069, 18.50979279279279, 2, 12.788684707204618);
INSERT INTO supply(goods_id, building_id, max_supply, current_output, level) VALUES (9, 1069, 74.03919819819819, 2, 51.15475750218403);
INSERT INTO supply(goods_id, building_id, max_supply, current_output, level) VALUES (32, 1069, 9.25489189189189, 2, 6.394339241374716);
INSERT INTO supply(goods_id, building_id, max_supply, current_output, level) VALUES (36, 1069, 9.25489189189189, 2, 6.394339241374716);
INSERT INTO building(id, name, level) VALUES (1070, "building_barrackslevel", 10);
INSERT INTO demand(goods_id, building_id, max_demand, current_input, level) VALUES (1, 1070, 6.09, 10, 5.749229667285889);
INSERT INTO demand(goods_id, building_id, max_demand, current_input, level) VALUES (2, 1070, 6.09, 10, 5.749229667285889);
INSERT INTO building(id, name, level) VALUES (1071, "building_government_administrationlevel", 6);
INSERT INTO demand(goods_id, building_id, max_demand, current_input, level) VALUES (14, 1071, 60.0, 6, 22.542735269407324);
INSERT INTO building(id, name, level) VALUES (1072, "building_construction_sectorlevel", 1);
INSERT INTO building(id, name, level) VALUES (1073, "building_iron_minelevel", 3);
INSERT INTO demand(goods_id, building_id, max_demand, current_input, level) VALUES (23, 1073, 45.0, 3, 36.78654997494103);
INSERT INTO demand(goods_id, building_id, max_demand, current_input, level) VALUES (33, 1073, 45.0, 3, 34.50899625567805);
INSERT INTO supply(goods_id, building_id, max_supply, current_output, level) VALUES (24, 1073, 180.0, 3, 142.59109246123816);
INSERT INTO building(id, name, level) VALUES (1074, "building_food_industrylevel", 2);
INSERT INTO demand(goods_id, building_id, max_demand, current_input, level) VALUES (7, 1074, 39.99999999999999, 2, 27.63658102576747);
INSERT INTO demand(goods_id, building_id, max_demand, current_input, level) VALUES (8, 1074, 59.99999999999999, 2, 27.88290986957379);
INSERT INTO demand(goods_id, building_id, max_demand, current_input, level) VALUES (24, 1074, 19.999999999999996, 2, 39.897109023044315);
INSERT INTO demand(goods_id, building_id, max_demand, current_input, level) VALUES (42, 1074, 49.99999999999999, 2, 5.114860209228234);
INSERT INTO supply(goods_id, building_id, max_supply, current_output, level) VALUES (11, 1074, 90.0, 2, 50.80335512223709);
INSERT INTO supply(goods_id, building_id, max_supply, current_output, level) VALUES (38, 1074, 119.99999999999999, 2, 67.73780682964944);
INSERT INTO building(id, name, level) VALUES (1075, "building_wheat_farmlevel", 6);
INSERT INTO demand(goods_id, building_id, max_demand, current_input, level) VALUES (32, 1075, 28.130695652173912, 6, 7.94436635181588);
INSERT INTO supply(goods_id, building_id, max_supply, current_output, level) VALUES (7, 1075, 196.91489565217393, 6, 55.61057182990685);
INSERT INTO supply(goods_id, building_id, max_supply, current_output, level) VALUES (39, 1075, 45.009113043478266, 6, 12.71098616290541);
INSERT INTO building(id, name, level) VALUES (1076, "building_livestock_ranchlevel", 3);
INSERT INTO demand(goods_id, building_id, max_demand, current_input, level) VALUES (7, 1076, 27.764696428571426, 3, 19.183032062601274);
INSERT INTO supply(goods_id, building_id, max_supply, current_output, level) VALUES (9, 1076, 111.05879464285714, 3, 76.73213441928479);
INSERT INTO supply(goods_id, building_id, max_supply, current_output, level) VALUES (32, 1076, 13.882348214285713, 3, 9.591516031300637);
INSERT INTO supply(goods_id, building_id, max_supply, current_output, level) VALUES (36, 1076, 13.882348214285713, 3, 9.591516031300637);
INSERT INTO building(id, name, level) VALUES (1077, "building_barrackslevel", 27);
INSERT INTO demand(goods_id, building_id, max_demand, current_input, level) VALUES (1, 1077, 27.0, 27, 25.489195569247784);
INSERT INTO demand(goods_id, building_id, max_demand, current_input, level) VALUES (2, 1077, 27.0, 27, 25.489195569247784);
INSERT INTO building(id, name, level) VALUES (1078, "building_wheat_farmlevel", 3);
INSERT INTO demand(goods_id, building_id, max_demand, current_input, level) VALUES (32, 1078, 13.908598214285712, 3, 3.9279156484691806);
INSERT INTO supply(goods_id, building_id, max_supply, current_output, level) VALUES (7, 1078, 97.36019642857141, 3, 27.495412060794692);
INSERT INTO supply(goods_id, building_id, max_supply, current_output, level) VALUES (39, 1078, 22.253758928571425, 3, 6.284665541852775);
INSERT INTO building(id, name, level) VALUES (1079, "building_livestock_ranchlevel", 2);
INSERT INTO demand(goods_id, building_id, max_demand, current_input, level) VALUES (7, 1079, 18.537198198198197, 2, 12.807619499880381);
INSERT INTO supply(goods_id, building_id, max_supply, current_output, level) VALUES (9, 1079, 74.14879279279279, 2, 51.230477999521526);
INSERT INTO supply(goods_id, building_id, max_supply, current_output, level) VALUES (32, 1079, 9.268594594594594, 2, 6.403806637712598);
INSERT INTO supply(goods_id, building_id, max_supply, current_output, level) VALUES (36, 1079, 9.268594594594594, 2, 6.403806637712598);
INSERT INTO building(id, name, level) VALUES (1080, "building_barrackslevel", 15);
INSERT INTO demand(goods_id, building_id, max_demand, current_input, level) VALUES (1, 1080, 15.0, 15, 14.160664205137659);
INSERT INTO demand(goods_id, building_id, max_demand, current_input, level) VALUES (2, 1080, 15.0, 15, 14.160664205137659);
INSERT INTO building(id, name, level) VALUES (1081, "building_food_industrylevel", 2);
INSERT INTO demand(goods_id, building_id, max_demand, current_input, level) VALUES (7, 1081, 39.99999999999999, 2, 27.63658102576747);
INSERT INTO demand(goods_id, building_id, max_demand, current_input, level) VALUES (8, 1081, 59.99999999999999, 2, 27.88290986957379);
INSERT INTO demand(goods_id, building_id, max_demand, current_input, level) VALUES (24, 1081, 19.999999999999996, 2, 39.897109023044315);
INSERT INTO demand(goods_id, building_id, max_demand, current_input, level) VALUES (42, 1081, 49.99999999999999, 2, 5.114860209228234);
INSERT INTO supply(goods_id, building_id, max_supply, current_output, level) VALUES (11, 1081, 90.0, 2, 50.80335512223709);
INSERT INTO supply(goods_id, building_id, max_supply, current_output, level) VALUES (38, 1081, 119.99999999999999, 2, 67.73780682964944);
INSERT INTO building(id, name, level) VALUES (1082, "building_wheat_farmlevel", 3);
INSERT INTO demand(goods_id, building_id, max_demand, current_input, level) VALUES (32, 1082, 14.090249999999997, 3, 3.979215778121833);
INSERT INTO supply(goods_id, building_id, max_supply, current_output, level) VALUES (7, 1082, 98.63175, 3, 27.85451044685284);
INSERT INTO supply(goods_id, building_id, max_supply, current_output, level) VALUES (39, 1082, 22.544392857142856, 3, 6.366743227786593);
INSERT INTO building(id, name, level) VALUES (1083, "building_livestock_ranchlevel", 3);
INSERT INTO demand(goods_id, building_id, max_demand, current_input, level) VALUES (7, 1083, 27.78029464285714, 3, 19.193809095425387);
INSERT INTO supply(goods_id, building_id, max_supply, current_output, level) VALUES (9, 1083, 111.12119642857142, 3, 76.77524871946093);
INSERT INTO supply(goods_id, building_id, max_supply, current_output, level) VALUES (32, 1083, 13.890142857142855, 3, 9.596901463272847);
INSERT INTO supply(goods_id, building_id, max_supply, current_output, level) VALUES (36, 1083, 13.890142857142855, 3, 9.596901463272847);
INSERT INTO building(id, name, level) VALUES (1084, "building_barrackslevel", 10);
INSERT INTO demand(goods_id, building_id, max_demand, current_input, level) VALUES (1, 1084, 10.0, 10, 9.440442803425105);
INSERT INTO demand(goods_id, building_id, max_demand, current_input, level) VALUES (2, 1084, 10.0, 10, 9.440442803425105);
INSERT INTO building(id, name, level) VALUES (1085, "building_wheat_farmlevel", 3);
INSERT INTO demand(goods_id, building_id, max_demand, current_input, level) VALUES (32, 1085, 14.063392857142855, 3, 3.97163107475515);
INSERT INTO supply(goods_id, building_id, max_supply, current_output, level) VALUES (7, 1085, 98.44379464285714, 3, 27.80143013083819);
INSERT INTO supply(goods_id, building_id, max_supply, current_output, level) VALUES (39, 1085, 22.501437499999998, 3, 6.354612241118668);
INSERT INTO building(id, name, level) VALUES (1086, "building_livestock_ranchlevel", 3);
INSERT INTO demand(goods_id, building_id, max_demand, current_input, level) VALUES (7, 1086, 25.292098214285712, 3, 17.474678040269396);
INSERT INTO supply(goods_id, building_id, max_supply, current_output, level) VALUES (9, 1086, 101.16839285714285, 3, 69.89871216107758);
INSERT INTO supply(goods_id, building_id, max_supply, current_output, level) VALUES (32, 1086, 12.646044642857142, 3, 8.737335935694851);
INSERT INTO supply(goods_id, building_id, max_supply, current_output, level) VALUES (36, 1086, 12.646044642857142, 3, 8.737335935694851);
INSERT INTO building(id, name, level) VALUES (1087, "building_barrackslevel", 10);
INSERT INTO demand(goods_id, building_id, max_demand, current_input, level) VALUES (1, 1087, 10.0, 10, 9.440442803425105);
INSERT INTO demand(goods_id, building_id, max_demand, current_input, level) VALUES (2, 1087, 10.0, 10, 9.440442803425105);
INSERT INTO building(id, name, level) VALUES (1088, "building_wheat_farmlevel", 3);
INSERT INTO demand(goods_id, building_id, max_demand, current_input, level) VALUES (32, 1088, 14.063392857142855, 3, 3.97163107475515);
INSERT INTO supply(goods_id, building_id, max_supply, current_output, level) VALUES (7, 1088, 98.44379464285714, 3, 27.80143013083819);
INSERT INTO supply(goods_id, building_id, max_supply, current_output, level) VALUES (39, 1088, 22.501437499999998, 3, 6.354612241118668);
INSERT INTO building(id, name, level) VALUES (1089, "building_livestock_ranchlevel", 4);
INSERT INTO demand(goods_id, building_id, max_demand, current_input, level) VALUES (7, 1089, 37.019592920353986, 4, 25.57737448210727);
INSERT INTO supply(goods_id, building_id, max_supply, current_output, level) VALUES (9, 1089, 148.0783982300885, 4, 102.3095162712926);
INSERT INTO supply(goods_id, building_id, max_supply, current_output, level) VALUES (32, 1089, 18.509796460176993, 4, 12.788687241053635);
INSERT INTO supply(goods_id, building_id, max_supply, current_output, level) VALUES (36, 1089, 18.509796460176993, 4, 12.788687241053635);
INSERT INTO building(id, name, level) VALUES (1090, "building_barrackslevel", 11);
INSERT INTO demand(goods_id, building_id, max_demand, current_input, level) VALUES (1, 1090, 11.0, 11, 10.384487083767615);
INSERT INTO demand(goods_id, building_id, max_demand, current_input, level) VALUES (2, 1090, 11.0, 11, 10.384487083767615);
INSERT INTO building(id, name, level) VALUES (1091, "building_government_administrationlevel", 5);
INSERT INTO demand(goods_id, building_id, max_demand, current_input, level) VALUES (14, 1091, 50.0, 5, 18.7856127245061);
INSERT INTO building(id, name, level) VALUES (1092, "building_furniture_manufacturieslevel", 3);
INSERT INTO demand(goods_id, building_id, max_demand, current_input, level) VALUES (9, 1092, 30.0, 3, 38.61195848008926);
INSERT INTO demand(goods_id, building_id, max_demand, current_input, level) VALUES (10, 1092, 60.0, 3, 62.71652101303804);
INSERT INTO demand(goods_id, building_id, max_demand, current_input, level) VALUES (26, 1092, 30.0, 3, 33.1925904684314);
INSERT INTO demand(goods_id, building_id, max_demand, current_input, level) VALUES (33, 1092, 15.0, 3, 11.502998751892685);
INSERT INTO supply(goods_id, building_id, max_supply, current_output, level) VALUES (13, 1092, 134.99999999999997, 3, 127.1317471917585);
INSERT INTO supply(goods_id, building_id, max_supply, current_output, level) VALUES (49, 1092, 60.0, 3, 56.50299875189268);
INSERT INTO building(id, name, level) VALUES (1093, "building_iron_minelevel", 4);
INSERT INTO demand(goods_id, building_id, max_demand, current_input, level) VALUES (23, 1093, 59.99999999999999, 4, 49.04873329992137);
INSERT INTO demand(goods_id, building_id, max_demand, current_input, level) VALUES (33, 1093, 59.99999999999999, 4, 46.01199500757073);
INSERT INTO supply(goods_id, building_id, max_supply, current_output, level) VALUES (24, 1093, 239.99999999999997, 4, 190.12145661498423);
INSERT INTO building(id, name, level) VALUES (1094, "building_wheat_farmlevel", 2);
INSERT INTO demand(goods_id, building_id, max_demand, current_input, level) VALUES (32, 1094, 9.302999999999999, 2, 2.6272524890521756);
INSERT INTO supply(goods_id, building_id, max_supply, current_output, level) VALUES (7, 1094, 55.818, 2, 15.763514934313056);
INSERT INTO supply(goods_id, building_id, max_supply, current_output, level) VALUES (37, 1094, 16.745396396396394, 2, 4.729053462603221);
INSERT INTO supply(goods_id, building_id, max_supply, current_output, level) VALUES (42, 1094, 11.163594594594594, 2, 3.1527014603265684);
INSERT INTO building(id, name, level) VALUES (1095, "building_barrackslevel", 6);
INSERT INTO demand(goods_id, building_id, max_demand, current_input, level) VALUES (1, 1095, 6.0, 6, 5.664265682055064);
INSERT INTO demand(goods_id, building_id, max_demand, current_input, level) VALUES (2, 1095, 6.0, 6, 5.664265682055064);
INSERT INTO building(id, name, level) VALUES (1096, "building_wheat_farmlevel", 1);
INSERT INTO demand(goods_id, building_id, max_demand, current_input, level) VALUES (32, 1096, 4.897745454545454, 1, 1.383168218445504);
INSERT INTO demand(goods_id, building_id, max_demand, current_input, level) VALUES (33, 1096, 0.9795454545454544, 1, 0.7511806760705676);
INSERT INTO supply(goods_id, building_id, max_supply, current_output, level) VALUES (7, 1096, 29.386499999999998, 1, 15.417270933787098);
INSERT INTO supply(goods_id, building_id, max_supply, current_output, level) VALUES (37, 1096, 8.815945454545455, 1, 4.625178895418514);
INSERT INTO supply(goods_id, building_id, max_supply, current_output, level) VALUES (42, 1096, 5.877299999999999, 1, 3.0834541867574194);
INSERT INTO building(id, name, level) VALUES (1097, "building_logging_camplevel", 6);
INSERT INTO demand(goods_id, building_id, max_demand, current_input, level) VALUES (33, 1097, 30.000000000000004, 6, 23.00599750378537);
INSERT INTO supply(goods_id, building_id, max_supply, current_output, level) VALUES (10, 1097, 240.00000000000003, 6, 184.04798003028296);
INSERT INTO supply(goods_id, building_id, max_supply, current_output, level) VALUES (26, 1097, 60.00000000000001, 6, 46.01199500757074);
INSERT INTO building(id, name, level) VALUES (1098, "building_barrackslevel", 11);
INSERT INTO demand(goods_id, building_id, max_demand, current_input, level) VALUES (1, 1098, 11.0, 11, 10.384487083767615);
INSERT INTO demand(goods_id, building_id, max_demand, current_input, level) VALUES (2, 1098, 11.0, 11, 10.384487083767615);
INSERT INTO building(id, name, level) VALUES (1099, "building_barrackslevel", 6);
INSERT INTO demand(goods_id, building_id, max_demand, current_input, level) VALUES (1, 1099, 6.0, 6, 5.664265682055064);
INSERT INTO demand(goods_id, building_id, max_demand, current_input, level) VALUES (2, 1099, 6.0, 6, 5.664265682055064);
INSERT INTO building(id, name, level) VALUES (1100, "building_wheat_farmlevel", 2);
INSERT INTO demand(goods_id, building_id, max_demand, current_input, level) VALUES (32, 1100, 9.375891891891891, 2, 2.6478378275886363);
INSERT INTO supply(goods_id, building_id, max_supply, current_output, level) VALUES (7, 1100, 65.6312972972973, 2, 18.53488005848088);
INSERT INTO supply(goods_id, building_id, max_supply, current_output, level) VALUES (39, 1100, 15.00143243243243, 2, 4.23654205067786);
INSERT INTO building(id, name, level) VALUES (1101, "building_logging_camplevel", 6);
INSERT INTO demand(goods_id, building_id, max_demand, current_input, level) VALUES (33, 1101, 30.000000000000004, 6, 23.00599750378537);
INSERT INTO supply(goods_id, building_id, max_supply, current_output, level) VALUES (10, 1101, 240.00000000000003, 6, 184.04798003028296);
INSERT INTO supply(goods_id, building_id, max_supply, current_output, level) VALUES (26, 1101, 60.00000000000001, 6, 46.01199500757074);
INSERT INTO building(id, name, level) VALUES (1102, "building_iron_minelevel", 6);
INSERT INTO demand(goods_id, building_id, max_demand, current_input, level) VALUES (23, 1102, 90.0, 6, 73.57309994988206);
INSERT INTO demand(goods_id, building_id, max_demand, current_input, level) VALUES (33, 1102, 90.0, 6, 69.0179925113561);
INSERT INTO supply(goods_id, building_id, max_supply, current_output, level) VALUES (24, 1102, 360.0, 6, 285.1821849224763);
INSERT INTO building(id, name, level) VALUES (1103, "building_government_administrationlevel", 5);
INSERT INTO demand(goods_id, building_id, max_demand, current_input, level) VALUES (14, 1103, 50.0, 5, 18.7856127245061);
INSERT INTO building(id, name, level) VALUES (1104, "building_furniture_manufacturieslevel", 1);
INSERT INTO demand(goods_id, building_id, max_demand, current_input, level) VALUES (9, 1104, 10.0, 1, 12.87065282669642);
INSERT INTO demand(goods_id, building_id, max_demand, current_input, level) VALUES (10, 1104, 20.0, 1, 20.905507004346013);
INSERT INTO demand(goods_id, building_id, max_demand, current_input, level) VALUES (26, 1104, 10.0, 1, 11.064196822810464);
INSERT INTO demand(goods_id, building_id, max_demand, current_input, level) VALUES (33, 1104, 5.0, 1, 3.8343329172975613);
INSERT INTO supply(goods_id, building_id, max_supply, current_output, level) VALUES (13, 1104, 44.99999999999999, 1, 42.37724906391951);
INSERT INTO supply(goods_id, building_id, max_supply, current_output, level) VALUES (49, 1104, 20.0, 1, 18.83433291729756);
INSERT INTO building(id, name, level) VALUES (1105, "building_logging_camplevel", 4);
INSERT INTO demand(goods_id, building_id, max_demand, current_input, level) VALUES (33, 1105, 20.0, 4, 15.337331669190245);
INSERT INTO supply(goods_id, building_id, max_supply, current_output, level) VALUES (10, 1105, 160.0, 4, 122.69865335352196);
INSERT INTO supply(goods_id, building_id, max_supply, current_output, level) VALUES (26, 1105, 40.0, 4, 30.67466333838049);
INSERT INTO building(id, name, level) VALUES (1106, "building_wheat_farmlevel", 1);
INSERT INTO supply(goods_id, building_id, max_supply, current_output, level) VALUES (7, 1106, 14.999999999999998, 1, 16.5);
INSERT INTO supply(goods_id, building_id, max_supply, current_output, level) VALUES (39, 1106, 8.0, 1, 8.8);
INSERT INTO building(id, name, level) VALUES (1107, "building_livestock_ranchlevel", 1);
INSERT INTO demand(goods_id, building_id, max_demand, current_input, level) VALUES (7, 1107, 9.256799999999998, 1, 6.395657580983107);
INSERT INTO supply(goods_id, building_id, max_supply, current_output, level) VALUES (9, 1107, 37.02719999999999, 1, 25.582630323932428);
INSERT INTO supply(goods_id, building_id, max_supply, current_output, level) VALUES (32, 1107, 4.628399999999999, 1, 3.1978287904915534);
INSERT INTO supply(goods_id, building_id, max_supply, current_output, level) VALUES (36, 1107, 4.628399999999999, 1, 3.1978287904915534);
INSERT INTO building(id, name, level) VALUES (1108, "building_barrackslevel", 13);
INSERT INTO demand(goods_id, building_id, max_demand, current_input, level) VALUES (1, 1108, 13.0, 13, 12.272575644452639);
INSERT INTO demand(goods_id, building_id, max_demand, current_input, level) VALUES (2, 1108, 13.0, 13, 12.272575644452639);
INSERT INTO building(id, name, level) VALUES (1109, "building_wheat_farmlevel", 1);
INSERT INTO supply(goods_id, building_id, max_supply, current_output, level) VALUES (7, 1109, 14.999999999999998, 1, 16.5);
INSERT INTO supply(goods_id, building_id, max_supply, current_output, level) VALUES (39, 1109, 8.0, 1, 8.8);
INSERT INTO building(id, name, level) VALUES (1110, "building_livestock_ranchlevel", 2);
INSERT INTO demand(goods_id, building_id, max_demand, current_input, level) VALUES (7, 1110, 18.531198198198197, 2, 12.803474012726516);
INSERT INTO supply(goods_id, building_id, max_supply, current_output, level) VALUES (9, 1110, 74.12479279279279, 2, 51.213896050906065);
INSERT INTO supply(goods_id, building_id, max_supply, current_output, level) VALUES (32, 1110, 9.265594594594594, 2, 6.401733894135665);
INSERT INTO supply(goods_id, building_id, max_supply, current_output, level) VALUES (36, 1110, 9.265594594594594, 2, 6.401733894135665);
INSERT INTO building(id, name, level) VALUES (1111, "building_logging_camplevel", 4);
INSERT INTO demand(goods_id, building_id, max_demand, current_input, level) VALUES (33, 1111, 20.000000000000004, 4, 15.337331669190247);
INSERT INTO supply(goods_id, building_id, max_supply, current_output, level) VALUES (10, 1111, 160.00000000000003, 4, 122.69865335352198);
INSERT INTO supply(goods_id, building_id, max_supply, current_output, level) VALUES (26, 1111, 40.00000000000001, 4, 30.674663338380494);
INSERT INTO building(id, name, level) VALUES (2833, "building_subsistence_farmslevel", 107);
INSERT INTO supply(goods_id, building_id, max_supply, current_output, level) VALUES (7, 2833, 158.94314545454543, 107, 174.83746);
INSERT INTO supply(goods_id, building_id, max_supply, current_output, level) VALUES (9, 2833, 31.78862727272727, 107, 34.96749);
INSERT INTO supply(goods_id, building_id, max_supply, current_output, level) VALUES (10, 2833, 31.78862727272727, 107, 34.96749);
INSERT INTO supply(goods_id, building_id, max_supply, current_output, level) VALUES (12, 2833, 31.78862727272727, 107, 34.96749);
INSERT INTO supply(goods_id, building_id, max_supply, current_output, level) VALUES (13, 2833, 31.78862727272727, 107, 34.96749);
INSERT INTO supply(goods_id, building_id, max_supply, current_output, level) VALUES (15, 2833, 31.78862727272727, 107, 34.96749);
INSERT INTO supply(goods_id, building_id, max_supply, current_output, level) VALUES (38, 2833, 44.50408181818182, 107, 48.95449);
INSERT INTO building(id, name, level) VALUES (2834, "building_urban_centerlevel", 8);
INSERT INTO demand(goods_id, building_id, max_demand, current_input, level) VALUES (10, 2834, 39.993598130841114, 8, 41.80432229266493);
INSERT INTO demand(goods_id, building_id, max_demand, current_input, level) VALUES (23, 2834, 79.98719626168223, 8, 65.38784428079532);
INSERT INTO supply(goods_id, building_id, max_supply, current_output, level) VALUES (15, 2834, 439.9295981308411, 8, 399.78137847759734);
INSERT INTO building(id, name, level) VALUES (2952, "building_subsistence_farmslevel", 86);
INSERT INTO supply(goods_id, building_id, max_supply, current_output, level) VALUES (7, 2952, 120.96114545454546, 86, 133.05726);
INSERT INTO supply(goods_id, building_id, max_supply, current_output, level) VALUES (9, 2952, 24.192227272727273, 86, 26.61145);
INSERT INTO supply(goods_id, building_id, max_supply, current_output, level) VALUES (10, 2952, 24.192227272727273, 86, 26.61145);
INSERT INTO supply(goods_id, building_id, max_supply, current_output, level) VALUES (12, 2952, 24.192227272727273, 86, 26.61145);
INSERT INTO supply(goods_id, building_id, max_supply, current_output, level) VALUES (13, 2952, 24.192227272727273, 86, 26.61145);
INSERT INTO supply(goods_id, building_id, max_supply, current_output, level) VALUES (15, 2952, 24.192227272727273, 86, 26.61145);
INSERT INTO supply(goods_id, building_id, max_supply, current_output, level) VALUES (38, 2952, 33.86911818181818, 86, 37.25603);
INSERT INTO building(id, name, level) VALUES (2954, "building_subsistence_farmslevel", 78);
INSERT INTO supply(goods_id, building_id, max_supply, current_output, level) VALUES (7, 2954, 102.07274545454544, 78, 112.28002);
INSERT INTO supply(goods_id, building_id, max_supply, current_output, level) VALUES (9, 2954, 20.414545454545454, 78, 22.456);
INSERT INTO supply(goods_id, building_id, max_supply, current_output, level) VALUES (10, 2954, 20.414545454545454, 78, 22.456);
INSERT INTO supply(goods_id, building_id, max_supply, current_output, level) VALUES (12, 2954, 20.414545454545454, 78, 22.456);
INSERT INTO supply(goods_id, building_id, max_supply, current_output, level) VALUES (13, 2954, 20.414545454545454, 78, 22.456);
INSERT INTO supply(goods_id, building_id, max_supply, current_output, level) VALUES (15, 2954, 20.414545454545454, 78, 22.456);
INSERT INTO supply(goods_id, building_id, max_supply, current_output, level) VALUES (38, 2954, 28.580363636363636, 78, 31.4384);
INSERT INTO building(id, name, level) VALUES (2955, "building_urban_centerlevel", 2);
INSERT INTO demand(goods_id, building_id, max_demand, current_input, level) VALUES (10, 2955, 10.0, 2, 10.452753502173007);
INSERT INTO demand(goods_id, building_id, max_demand, current_input, level) VALUES (23, 2955, 20.0, 2, 16.349577766640458);
INSERT INTO demand(goods_id, building_id, max_demand, current_input, level) VALUES (31, 2955, 10.0, 2, 2.152959989357255);
INSERT INTO supply(goods_id, building_id, max_supply, current_output, level) VALUES (15, 2955, 140.0, 2, 94.86282807249493);
INSERT INTO building(id, name, level) VALUES (2956, "building_subsistence_farmslevel", 32);
INSERT INTO supply(goods_id, building_id, max_supply, current_output, level) VALUES (7, 2956, 42.036, 32, 46.2396);
INSERT INTO supply(goods_id, building_id, max_supply, current_output, level) VALUES (9, 2956, 8.4072, 32, 9.24792);
INSERT INTO supply(goods_id, building_id, max_supply, current_output, level) VALUES (10, 2956, 8.4072, 32, 9.24792);
INSERT INTO supply(goods_id, building_id, max_supply, current_output, level) VALUES (12, 2956, 8.4072, 32, 9.24792);
INSERT INTO supply(goods_id, building_id, max_supply, current_output, level) VALUES (13, 2956, 8.4072, 32, 9.24792);
INSERT INTO supply(goods_id, building_id, max_supply, current_output, level) VALUES (15, 2956, 8.4072, 32, 9.24792);
INSERT INTO supply(goods_id, building_id, max_supply, current_output, level) VALUES (38, 2956, 11.770072727272726, 32, 12.94708);
INSERT INTO building(id, name, level) VALUES (16780908, "building_naval_baselevel", 29);
INSERT INTO demand(goods_id, building_id, max_demand, current_input, level) VALUES (5, 16780908, 58.0, 29, 10.61096212398775);
INSERT INTO building(id, name, level) VALUES (3742, "building_subsistence_farmslevel", 143);
INSERT INTO supply(goods_id, building_id, max_supply, current_output, level) VALUES (7, 3742, 264.8503, 143, 291.33533);
INSERT INTO supply(goods_id, building_id, max_supply, current_output, level) VALUES (9, 3742, 52.970054545454545, 143, 58.26706);
INSERT INTO supply(goods_id, building_id, max_supply, current_output, level) VALUES (10, 3742, 52.970054545454545, 143, 58.26706);
INSERT INTO supply(goods_id, building_id, max_supply, current_output, level) VALUES (12, 3742, 52.970054545454545, 143, 58.26706);
INSERT INTO supply(goods_id, building_id, max_supply, current_output, level) VALUES (13, 3742, 52.970054545454545, 143, 58.26706);
INSERT INTO supply(goods_id, building_id, max_supply, current_output, level) VALUES (15, 3742, 52.970054545454545, 143, 58.26706);
INSERT INTO supply(goods_id, building_id, max_supply, current_output, level) VALUES (38, 3742, 74.15808181818181, 143, 81.57389);
INSERT INTO building(id, name, level) VALUES (3743, "building_urban_centerlevel", 2);
INSERT INTO demand(goods_id, building_id, max_demand, current_input, level) VALUES (10, 3743, 10.0, 2, 10.452753502173007);
INSERT INTO demand(goods_id, building_id, max_demand, current_input, level) VALUES (23, 3743, 20.0, 2, 16.349577766640458);
INSERT INTO demand(goods_id, building_id, max_demand, current_input, level) VALUES (31, 3743, 10.0, 2, 2.152959989357255);
INSERT INTO supply(goods_id, building_id, max_supply, current_output, level) VALUES (15, 3743, 140.0, 2, 94.86282807249493);
INSERT INTO building(id, name, level) VALUES (3745, "building_subsistence_farmslevel", 189);
INSERT INTO supply(goods_id, building_id, max_supply, current_output, level) VALUES (7, 3745, 353.58591818181816, 189, 388.94451);
INSERT INTO supply(goods_id, building_id, max_supply, current_output, level) VALUES (9, 3745, 70.71718181818181, 189, 77.7889);
INSERT INTO supply(goods_id, building_id, max_supply, current_output, level) VALUES (10, 3745, 70.71718181818181, 189, 77.7889);
INSERT INTO supply(goods_id, building_id, max_supply, current_output, level) VALUES (12, 3745, 70.71718181818181, 189, 77.7889);
INSERT INTO supply(goods_id, building_id, max_supply, current_output, level) VALUES (13, 3745, 70.71718181818181, 189, 77.7889);
INSERT INTO supply(goods_id, building_id, max_supply, current_output, level) VALUES (15, 3745, 70.71718181818181, 189, 77.7889);
INSERT INTO supply(goods_id, building_id, max_supply, current_output, level) VALUES (38, 3745, 99.00405454545454, 189, 108.90446);
INSERT INTO building(id, name, level) VALUES (3746, "building_urban_centerlevel", 1);
INSERT INTO demand(goods_id, building_id, max_demand, current_input, level) VALUES (10, 3746, 5.0, 1, 5.226376751086503);
INSERT INTO demand(goods_id, building_id, max_demand, current_input, level) VALUES (23, 3746, 10.0, 1, 8.174788883320229);
INSERT INTO demand(goods_id, building_id, max_demand, current_input, level) VALUES (31, 3746, 5.0, 1, 1.0764799946786274);
INSERT INTO supply(goods_id, building_id, max_supply, current_output, level) VALUES (15, 3746, 70.0, 1, 47.43141403624747);
INSERT INTO building(id, name, level) VALUES (3747, "building_subsistence_farmslevel", 154);
INSERT INTO supply(goods_id, building_id, max_supply, current_output, level) VALUES (7, 3747, 267.05139999999994, 154, 293.75654);
INSERT INTO supply(goods_id, building_id, max_supply, current_output, level) VALUES (9, 3747, 53.41027272727273, 154, 58.7513);
INSERT INTO supply(goods_id, building_id, max_supply, current_output, level) VALUES (10, 3747, 53.41027272727273, 154, 58.7513);
INSERT INTO supply(goods_id, building_id, max_supply, current_output, level) VALUES (12, 3747, 53.41027272727273, 154, 58.7513);
INSERT INTO supply(goods_id, building_id, max_supply, current_output, level) VALUES (13, 3747, 53.41027272727273, 154, 58.7513);
INSERT INTO supply(goods_id, building_id, max_supply, current_output, level) VALUES (15, 3747, 53.41027272727273, 154, 58.7513);
INSERT INTO supply(goods_id, building_id, max_supply, current_output, level) VALUES (38, 3747, 74.7743909090909, 154, 82.25183);
INSERT INTO building(id, name, level) VALUES (3748, "building_urban_centerlevel", 2);
INSERT INTO demand(goods_id, building_id, max_demand, current_input, level) VALUES (10, 3748, 10.0, 2, 10.452753502173007);
INSERT INTO demand(goods_id, building_id, max_demand, current_input, level) VALUES (23, 3748, 20.0, 2, 16.349577766640458);
INSERT INTO demand(goods_id, building_id, max_demand, current_input, level) VALUES (31, 3748, 10.0, 2, 2.152959989357255);
INSERT INTO supply(goods_id, building_id, max_supply, current_output, level) VALUES (15, 3748, 140.0, 2, 94.86282807249493);
INSERT INTO building(id, name, level) VALUES (3749, "building_subsistence_farmslevel", 83);
INSERT INTO supply(goods_id, building_id, max_supply, current_output, level) VALUES (7, 3749, 161.1465727272727, 83, 177.26123);
INSERT INTO supply(goods_id, building_id, max_supply, current_output, level) VALUES (9, 3749, 32.22930909090909, 83, 35.45224);
INSERT INTO supply(goods_id, building_id, max_supply, current_output, level) VALUES (10, 3749, 32.22930909090909, 83, 35.45224);
INSERT INTO supply(goods_id, building_id, max_supply, current_output, level) VALUES (12, 3749, 32.22930909090909, 83, 35.45224);
INSERT INTO supply(goods_id, building_id, max_supply, current_output, level) VALUES (13, 3749, 32.22930909090909, 83, 35.45224);
INSERT INTO supply(goods_id, building_id, max_supply, current_output, level) VALUES (15, 3749, 32.22930909090909, 83, 35.45224);
INSERT INTO supply(goods_id, building_id, max_supply, current_output, level) VALUES (38, 3749, 45.12103636363636, 83, 49.63314);
INSERT INTO building(id, name, level) VALUES (3750, "building_subsistence_farmslevel", 41);
INSERT INTO supply(goods_id, building_id, max_supply, current_output, level) VALUES (7, 3750, 35.0632, 41, 43.829);
INSERT INTO supply(goods_id, building_id, max_supply, current_output, level) VALUES (9, 3750, 7.01264, 41, 8.7658);
INSERT INTO supply(goods_id, building_id, max_supply, current_output, level) VALUES (10, 3750, 7.01264, 41, 8.7658);
INSERT INTO supply(goods_id, building_id, max_supply, current_output, level) VALUES (12, 3750, 7.01264, 41, 8.7658);
INSERT INTO supply(goods_id, building_id, max_supply, current_output, level) VALUES (13, 3750, 7.01264, 41, 8.7658);
INSERT INTO supply(goods_id, building_id, max_supply, current_output, level) VALUES (15, 3750, 7.01264, 41, 8.7658);
INSERT INTO supply(goods_id, building_id, max_supply, current_output, level) VALUES (38, 3750, 9.817696, 41, 12.27212);
INSERT INTO building(id, name, level) VALUES (3751, "building_subsistence_farmslevel", 57);
INSERT INTO supply(goods_id, building_id, max_supply, current_output, level) VALUES (7, 3751, 59.262896, 57, 74.07862);
INSERT INTO supply(goods_id, building_id, max_supply, current_output, level) VALUES (9, 3751, 11.852576000000001, 57, 14.81572);
INSERT INTO supply(goods_id, building_id, max_supply, current_output, level) VALUES (10, 3751, 11.852576000000001, 57, 14.81572);
INSERT INTO supply(goods_id, building_id, max_supply, current_output, level) VALUES (12, 3751, 11.852576000000001, 57, 14.81572);
INSERT INTO supply(goods_id, building_id, max_supply, current_output, level) VALUES (13, 3751, 11.852576000000001, 57, 14.81572);
INSERT INTO supply(goods_id, building_id, max_supply, current_output, level) VALUES (15, 3751, 11.852576000000001, 57, 14.81572);
INSERT INTO supply(goods_id, building_id, max_supply, current_output, level) VALUES (38, 3751, 16.593608, 57, 20.74201);
INSERT INTO building(id, name, level) VALUES (3752, "building_urban_centerlevel", 2);
INSERT INTO demand(goods_id, building_id, max_demand, current_input, level) VALUES (10, 3752, 10.0, 2, 10.452753502173007);
INSERT INTO demand(goods_id, building_id, max_demand, current_input, level) VALUES (23, 3752, 20.0, 2, 16.349577766640458);
INSERT INTO demand(goods_id, building_id, max_demand, current_input, level) VALUES (31, 3752, 10.0, 2, 2.152959989357255);
INSERT INTO supply(goods_id, building_id, max_supply, current_output, level) VALUES (15, 3752, 140.0, 2, 94.86282807249493);
INSERT INTO building(id, name, level) VALUES (3753, "building_subsistence_farmslevel", 32);
INSERT INTO supply(goods_id, building_id, max_supply, current_output, level) VALUES (7, 3753, 30.619199999999996, 32, 33.68112);
INSERT INTO supply(goods_id, building_id, max_supply, current_output, level) VALUES (9, 3753, 6.1238363636363635, 32, 6.73622);
INSERT INTO supply(goods_id, building_id, max_supply, current_output, level) VALUES (10, 3753, 6.1238363636363635, 32, 6.73622);
INSERT INTO supply(goods_id, building_id, max_supply, current_output, level) VALUES (12, 3753, 6.1238363636363635, 32, 6.73622);
INSERT INTO supply(goods_id, building_id, max_supply, current_output, level) VALUES (13, 3753, 6.1238363636363635, 32, 6.73622);
INSERT INTO supply(goods_id, building_id, max_supply, current_output, level) VALUES (15, 3753, 6.1238363636363635, 32, 6.73622);
INSERT INTO supply(goods_id, building_id, max_supply, current_output, level) VALUES (38, 3753, 8.573372727272726, 32, 9.43071);
INSERT INTO building(id, name, level) VALUES (3754, "building_subsistence_farmslevel", 123);
INSERT INTO supply(goods_id, building_id, max_supply, current_output, level) VALUES (7, 3754, 204.90569999999997, 123, 225.39627);
INSERT INTO supply(goods_id, building_id, max_supply, current_output, level) VALUES (9, 3754, 40.98113636363636, 123, 45.07925);
INSERT INTO supply(goods_id, building_id, max_supply, current_output, level) VALUES (10, 3754, 40.98113636363636, 123, 45.07925);
INSERT INTO supply(goods_id, building_id, max_supply, current_output, level) VALUES (12, 3754, 40.98113636363636, 123, 45.07925);
INSERT INTO supply(goods_id, building_id, max_supply, current_output, level) VALUES (13, 3754, 40.98113636363636, 123, 45.07925);
INSERT INTO supply(goods_id, building_id, max_supply, current_output, level) VALUES (15, 3754, 40.98113636363636, 123, 45.07925);
INSERT INTO supply(goods_id, building_id, max_supply, current_output, level) VALUES (38, 3754, 57.37359090909091, 123, 63.11095);
INSERT INTO building(id, name, level) VALUES (3755, "building_subsistence_farmslevel", 180);
INSERT INTO supply(goods_id, building_id, max_supply, current_output, level) VALUES (7, 3755, 317.1645, 180, 348.88095);
INSERT INTO supply(goods_id, building_id, max_supply, current_output, level) VALUES (9, 3755, 63.4329, 180, 69.77619);
INSERT INTO supply(goods_id, building_id, max_supply, current_output, level) VALUES (10, 3755, 63.4329, 180, 69.77619);
INSERT INTO supply(goods_id, building_id, max_supply, current_output, level) VALUES (12, 3755, 63.4329, 180, 69.77619);
INSERT INTO supply(goods_id, building_id, max_supply, current_output, level) VALUES (13, 3755, 63.4329, 180, 69.77619);
INSERT INTO supply(goods_id, building_id, max_supply, current_output, level) VALUES (15, 3755, 63.4329, 180, 69.77619);
INSERT INTO supply(goods_id, building_id, max_supply, current_output, level) VALUES (38, 3755, 88.80605454545454, 180, 97.68666);
INSERT INTO building(id, name, level) VALUES (3756, "building_subsistence_farmslevel", 46);
INSERT INTO supply(goods_id, building_id, max_supply, current_output, level) VALUES (7, 3756, 35.414248, 46, 44.26781);
INSERT INTO supply(goods_id, building_id, max_supply, current_output, level) VALUES (9, 3756, 7.082848, 46, 8.85356);
INSERT INTO supply(goods_id, building_id, max_supply, current_output, level) VALUES (10, 3756, 7.082848, 46, 8.85356);
INSERT INTO supply(goods_id, building_id, max_supply, current_output, level) VALUES (12, 3756, 7.082848, 46, 8.85356);
INSERT INTO supply(goods_id, building_id, max_supply, current_output, level) VALUES (13, 3756, 7.082848, 46, 8.85356);
INSERT INTO supply(goods_id, building_id, max_supply, current_output, level) VALUES (15, 3756, 7.082848, 46, 8.85356);
INSERT INTO supply(goods_id, building_id, max_supply, current_output, level) VALUES (38, 3756, 9.915984, 46, 12.39498);
INSERT INTO building(id, name, level) VALUES (3757, "building_urban_centerlevel", 4);
INSERT INTO demand(goods_id, building_id, max_demand, current_input, level) VALUES (10, 3757, 20.0, 4, 20.905507004346013);
INSERT INTO demand(goods_id, building_id, max_demand, current_input, level) VALUES (23, 3757, 40.0, 4, 32.699155533280916);
INSERT INTO demand(goods_id, building_id, max_demand, current_input, level) VALUES (31, 3757, 20.0, 4, 4.30591997871451);
INSERT INTO supply(goods_id, building_id, max_supply, current_output, level) VALUES (15, 3757, 279.99999999999994, 4, 189.72565614498984);
INSERT INTO building(id, name, level) VALUES (3758, "building_subsistence_farmslevel", 157);
INSERT INTO supply(goods_id, building_id, max_supply, current_output, level) VALUES (7, 3758, 280.3666727272727, 157, 308.40334);
INSERT INTO supply(goods_id, building_id, max_supply, current_output, level) VALUES (9, 3758, 56.07332727272727, 157, 61.68066);
INSERT INTO supply(goods_id, building_id, max_supply, current_output, level) VALUES (10, 3758, 56.07332727272727, 157, 61.68066);
INSERT INTO supply(goods_id, building_id, max_supply, current_output, level) VALUES (12, 3758, 56.07332727272727, 157, 61.68066);
INSERT INTO supply(goods_id, building_id, max_supply, current_output, level) VALUES (13, 3758, 56.07332727272727, 157, 61.68066);
INSERT INTO supply(goods_id, building_id, max_supply, current_output, level) VALUES (15, 3758, 56.07332727272727, 157, 61.68066);
INSERT INTO supply(goods_id, building_id, max_supply, current_output, level) VALUES (38, 3758, 78.50266363636364, 157, 86.35293);
INSERT INTO building(id, name, level) VALUES (3759, "building_urban_centerlevel", 4);
INSERT INTO demand(goods_id, building_id, max_demand, current_input, level) VALUES (10, 3759, 20.0, 4, 20.905507004346013);
INSERT INTO demand(goods_id, building_id, max_demand, current_input, level) VALUES (23, 3759, 40.0, 4, 32.699155533280916);
INSERT INTO supply(goods_id, building_id, max_supply, current_output, level) VALUES (15, 3759, 220.0, 4, 199.92267771652251);
INSERT INTO building(id, name, level) VALUES (3760, "building_subsistence_farmslevel", 265);
INSERT INTO supply(goods_id, building_id, max_supply, current_output, level) VALUES (7, 3760, 459.51661818181816, 265, 505.46828);
INSERT INTO supply(goods_id, building_id, max_supply, current_output, level) VALUES (9, 3760, 91.90331818181816, 265, 101.09365);
INSERT INTO supply(goods_id, building_id, max_supply, current_output, level) VALUES (10, 3760, 91.90331818181816, 265, 101.09365);
INSERT INTO supply(goods_id, building_id, max_supply, current_output, level) VALUES (12, 3760, 91.90331818181816, 265, 101.09365);
INSERT INTO supply(goods_id, building_id, max_supply, current_output, level) VALUES (13, 3760, 91.90331818181816, 265, 101.09365);
INSERT INTO supply(goods_id, building_id, max_supply, current_output, level) VALUES (15, 3760, 91.90331818181816, 265, 101.09365);
INSERT INTO supply(goods_id, building_id, max_supply, current_output, level) VALUES (38, 3760, 128.6646545454545, 265, 141.53112);
INSERT INTO building(id, name, level) VALUES (3761, "building_urban_centerlevel", 7);
INSERT INTO demand(goods_id, building_id, max_demand, current_input, level) VALUES (10, 3761, 34.991594339622644, 7, 36.575851028010774);
INSERT INTO demand(goods_id, building_id, max_demand, current_input, level) VALUES (23, 3761, 69.98319811320755, 7, 57.209786995504636);
INSERT INTO supply(goods_id, building_id, max_supply, current_output, level) VALUES (15, 3761, 384.9075943396226, 7, 349.7807133354653);
INSERT INTO building(id, name, level) VALUES (3762, "building_subsistence_farmslevel", 100);
INSERT INTO supply(goods_id, building_id, max_supply, current_output, level) VALUES (7, 3762, 196.225, 100, 215.8475);
INSERT INTO supply(goods_id, building_id, max_supply, current_output, level) VALUES (9, 3762, 39.245, 100, 43.1695);
INSERT INTO supply(goods_id, building_id, max_supply, current_output, level) VALUES (10, 3762, 39.245, 100, 43.1695);
INSERT INTO supply(goods_id, building_id, max_supply, current_output, level) VALUES (12, 3762, 39.245, 100, 43.1695);
INSERT INTO supply(goods_id, building_id, max_supply, current_output, level) VALUES (13, 3762, 39.245, 100, 43.1695);
INSERT INTO supply(goods_id, building_id, max_supply, current_output, level) VALUES (15, 3762, 39.245, 100, 43.1695);
INSERT INTO supply(goods_id, building_id, max_supply, current_output, level) VALUES (38, 3762, 54.943, 100, 60.4373);
INSERT INTO building(id, name, level) VALUES (3763, "building_urban_centerlevel", 2);
INSERT INTO demand(goods_id, building_id, max_demand, current_input, level) VALUES (10, 3763, 10.0, 2, 10.452753502173007);
INSERT INTO demand(goods_id, building_id, max_demand, current_input, level) VALUES (23, 3763, 20.0, 2, 16.349577766640458);
INSERT INTO demand(goods_id, building_id, max_demand, current_input, level) VALUES (31, 3763, 10.0, 2, 2.152959989357255);
INSERT INTO supply(goods_id, building_id, max_supply, current_output, level) VALUES (15, 3763, 140.0, 2, 94.86282807249493);
INSERT INTO building(id, name, level) VALUES (3764, "building_subsistence_farmslevel", 159);
INSERT INTO supply(goods_id, building_id, max_supply, current_output, level) VALUES (7, 3764, 252.85371818181818, 159, 278.13909);
INSERT INTO supply(goods_id, building_id, max_supply, current_output, level) VALUES (9, 3764, 50.57073636363636, 159, 55.62781);
INSERT INTO supply(goods_id, building_id, max_supply, current_output, level) VALUES (10, 3764, 50.57073636363636, 159, 55.62781);
INSERT INTO supply(goods_id, building_id, max_supply, current_output, level) VALUES (12, 3764, 50.57073636363636, 159, 55.62781);
INSERT INTO supply(goods_id, building_id, max_supply, current_output, level) VALUES (13, 3764, 50.57073636363636, 159, 55.62781);
INSERT INTO supply(goods_id, building_id, max_supply, current_output, level) VALUES (15, 3764, 50.57073636363636, 159, 55.62781);
INSERT INTO supply(goods_id, building_id, max_supply, current_output, level) VALUES (38, 3764, 70.79903636363636, 159, 77.87894);
INSERT INTO building(id, name, level) VALUES (3765, "building_urban_centerlevel", 3);
INSERT INTO demand(goods_id, building_id, max_demand, current_input, level) VALUES (10, 3765, 15.0, 3, 15.67913025325951);
INSERT INTO demand(goods_id, building_id, max_demand, current_input, level) VALUES (23, 3765, 30.0, 3, 24.52436664996069);
INSERT INTO supply(goods_id, building_id, max_supply, current_output, level) VALUES (15, 3765, 165.0, 3, 149.9420082873919);
INSERT INTO building(id, name, level) VALUES (3766, "building_subsistence_farmslevel", 49);
INSERT INTO supply(goods_id, building_id, max_supply, current_output, level) VALUES (7, 3766, 57.76487272727272, 49, 63.54136);
INSERT INTO supply(goods_id, building_id, max_supply, current_output, level) VALUES (9, 3766, 11.552972727272726, 49, 12.70827);
INSERT INTO supply(goods_id, building_id, max_supply, current_output, level) VALUES (10, 3766, 11.552972727272726, 49, 12.70827);
INSERT INTO supply(goods_id, building_id, max_supply, current_output, level) VALUES (12, 3766, 11.552972727272726, 49, 12.70827);
INSERT INTO supply(goods_id, building_id, max_supply, current_output, level) VALUES (13, 3766, 11.552972727272726, 49, 12.70827);
INSERT INTO supply(goods_id, building_id, max_supply, current_output, level) VALUES (15, 3766, 11.552972727272726, 49, 12.70827);
INSERT INTO supply(goods_id, building_id, max_supply, current_output, level) VALUES (38, 3766, 16.174163636363634, 49, 17.79158);
INSERT INTO building(id, name, level) VALUES (3767, "building_subsistence_farmslevel", 41);
INSERT INTO supply(goods_id, building_id, max_supply, current_output, level) VALUES (7, 3767, 55.52834545454545, 41, 61.08118);
INSERT INTO supply(goods_id, building_id, max_supply, current_output, level) VALUES (9, 3767, 11.105663636363635, 41, 12.21623);
INSERT INTO supply(goods_id, building_id, max_supply, current_output, level) VALUES (10, 3767, 11.105663636363635, 41, 12.21623);
INSERT INTO supply(goods_id, building_id, max_supply, current_output, level) VALUES (12, 3767, 11.105663636363635, 41, 12.21623);
INSERT INTO supply(goods_id, building_id, max_supply, current_output, level) VALUES (13, 3767, 11.105663636363635, 41, 12.21623);
INSERT INTO supply(goods_id, building_id, max_supply, current_output, level) VALUES (15, 3767, 11.105663636363635, 41, 12.21623);
INSERT INTO supply(goods_id, building_id, max_supply, current_output, level) VALUES (38, 3767, 15.547936363636364, 41, 17.10273);
INSERT INTO building(id, name, level) VALUES (3768, "building_subsistence_farmslevel", 97);
INSERT INTO supply(goods_id, building_id, max_supply, current_output, level) VALUES (7, 3768, 196.5026, 97, 216.15286);
INSERT INTO supply(goods_id, building_id, max_supply, current_output, level) VALUES (9, 3768, 39.30051818181818, 97, 43.23057);
INSERT INTO supply(goods_id, building_id, max_supply, current_output, level) VALUES (10, 3768, 39.30051818181818, 97, 43.23057);
INSERT INTO supply(goods_id, building_id, max_supply, current_output, level) VALUES (12, 3768, 39.30051818181818, 97, 43.23057);
INSERT INTO supply(goods_id, building_id, max_supply, current_output, level) VALUES (13, 3768, 39.30051818181818, 97, 43.23057);
INSERT INTO supply(goods_id, building_id, max_supply, current_output, level) VALUES (15, 3768, 39.30051818181818, 97, 43.23057);
INSERT INTO supply(goods_id, building_id, max_supply, current_output, level) VALUES (38, 3768, 55.020727272727264, 97, 60.5228);
INSERT INTO building(id, name, level) VALUES (3769, "building_urban_centerlevel", 7);
INSERT INTO demand(goods_id, building_id, max_demand, current_input, level) VALUES (10, 3769, 35.0, 7, 36.58463725760552);
INSERT INTO demand(goods_id, building_id, max_demand, current_input, level) VALUES (23, 3769, 70.0, 7, 57.223522183241606);
INSERT INTO demand(goods_id, building_id, max_demand, current_input, level) VALUES (31, 3769, 35.0, 7, 7.535359962750391);
INSERT INTO supply(goods_id, building_id, max_supply, current_output, level) VALUES (15, 3769, 489.99999999999994, 7, 332.0198982537322);
INSERT INTO building(id, name, level) VALUES (3770, "building_subsistence_farmslevel", 31);
INSERT INTO supply(goods_id, building_id, max_supply, current_output, level) VALUES (7, 3770, 46.36281818181818, 31, 50.9991);
INSERT INTO supply(goods_id, building_id, max_supply, current_output, level) VALUES (9, 3770, 9.272563636363635, 31, 10.19982);
INSERT INTO supply(goods_id, building_id, max_supply, current_output, level) VALUES (10, 3770, 9.272563636363635, 31, 10.19982);
INSERT INTO supply(goods_id, building_id, max_supply, current_output, level) VALUES (12, 3770, 9.272563636363635, 31, 10.19982);
INSERT INTO supply(goods_id, building_id, max_supply, current_output, level) VALUES (13, 3770, 9.272563636363635, 31, 10.19982);
INSERT INTO supply(goods_id, building_id, max_supply, current_output, level) VALUES (15, 3770, 9.272563636363635, 31, 10.19982);
INSERT INTO supply(goods_id, building_id, max_supply, current_output, level) VALUES (38, 3770, 12.981590909090908, 31, 14.27975);
INSERT INTO building(id, name, level) VALUES (3771, "building_subsistence_farmslevel", 38);
INSERT INTO supply(goods_id, building_id, max_supply, current_output, level) VALUES (7, 3771, 46.69534545454545, 38, 51.36488);
INSERT INTO supply(goods_id, building_id, max_supply, current_output, level) VALUES (9, 3771, 9.339063636363637, 38, 10.27297);
INSERT INTO supply(goods_id, building_id, max_supply, current_output, level) VALUES (10, 3771, 9.339063636363637, 38, 10.27297);
INSERT INTO supply(goods_id, building_id, max_supply, current_output, level) VALUES (12, 3771, 9.339063636363637, 38, 10.27297);
INSERT INTO supply(goods_id, building_id, max_supply, current_output, level) VALUES (13, 3771, 9.339063636363637, 38, 10.27297);
INSERT INTO supply(goods_id, building_id, max_supply, current_output, level) VALUES (15, 3771, 9.339063636363637, 38, 10.27297);
INSERT INTO supply(goods_id, building_id, max_supply, current_output, level) VALUES (38, 3771, 13.074690909090908, 38, 14.38216);
INSERT INTO building(id, name, level) VALUES (3772, "building_subsistence_farmslevel", 56);
INSERT INTO supply(goods_id, building_id, max_supply, current_output, level) VALUES (7, 3772, 87.21999999999998, 56, 95.942);
INSERT INTO supply(goods_id, building_id, max_supply, current_output, level) VALUES (9, 3772, 17.444, 56, 19.1884);
INSERT INTO supply(goods_id, building_id, max_supply, current_output, level) VALUES (10, 3772, 17.444, 56, 19.1884);
INSERT INTO supply(goods_id, building_id, max_supply, current_output, level) VALUES (12, 3772, 17.444, 56, 19.1884);
INSERT INTO supply(goods_id, building_id, max_supply, current_output, level) VALUES (13, 3772, 17.444, 56, 19.1884);
INSERT INTO supply(goods_id, building_id, max_supply, current_output, level) VALUES (15, 3772, 17.444, 56, 19.1884);
INSERT INTO supply(goods_id, building_id, max_supply, current_output, level) VALUES (38, 3772, 24.421599999999998, 56, 26.86376);
INSERT INTO building(id, name, level) VALUES (16781035, "building_construction_sectorlevel", 1);
INSERT INTO building(id, name, level) VALUES (3841, "building_subsistence_farmslevel", 91);
INSERT INTO supply(goods_id, building_id, max_supply, current_output, level) VALUES (7, 3841, 116.49591818181817, 91, 128.14551);
INSERT INTO supply(goods_id, building_id, max_supply, current_output, level) VALUES (9, 3841, 23.299181818181818, 91, 25.6291);
INSERT INTO supply(goods_id, building_id, max_supply, current_output, level) VALUES (10, 3841, 23.299181818181818, 91, 25.6291);
INSERT INTO supply(goods_id, building_id, max_supply, current_output, level) VALUES (12, 3841, 23.299181818181818, 91, 25.6291);
INSERT INTO supply(goods_id, building_id, max_supply, current_output, level) VALUES (13, 3841, 23.299181818181818, 91, 25.6291);
INSERT INTO supply(goods_id, building_id, max_supply, current_output, level) VALUES (15, 3841, 23.299181818181818, 91, 25.6291);
INSERT INTO supply(goods_id, building_id, max_supply, current_output, level) VALUES (38, 3841, 32.618854545454546, 91, 35.88074);
INSERT INTO building(id, name, level) VALUES (3867, "building_trade_centerlevel", 53);
INSERT INTO building(id, name, level) VALUES (16781104, "building_arms_industrylevel", 1);
INSERT INTO demand(goods_id, building_id, max_demand, current_input, level) VALUES (24, 16781104, 19.83, 1, 39.55798359634844);
INSERT INTO demand(goods_id, building_id, max_demand, current_input, level) VALUES (26, 16781104, 9.915, 1, 10.970151149816575);
INSERT INTO supply(goods_id, building_id, max_supply, current_output, level) VALUES (1, 16781104, 14.872499999999997, 1, 14.872499999999997);
INSERT INTO supply(goods_id, building_id, max_supply, current_output, level) VALUES (2, 16781104, 14.872499999999997, 1, 14.872499999999997);
INSERT INTO building(id, name, level) VALUES (33558334, "building_logging_camplevel", 1);
INSERT INTO demand(goods_id, building_id, max_demand, current_input, level) VALUES (33, 33558334, 5.0, 1, 3.8343329172975613);
INSERT INTO supply(goods_id, building_id, max_supply, current_output, level) VALUES (10, 33558334, 40.0, 1, 30.67466333838049);
INSERT INTO supply(goods_id, building_id, max_supply, current_output, level) VALUES (26, 33558334, 10.0, 1, 7.668665834595123);
INSERT INTO building(id, name, level) VALUES (3949, "building_conscription_centerlevel", 9);
INSERT INTO building(id, name, level) VALUES (4008, "building_conscription_centerlevel", 5);
INSERT INTO building(id, name, level) VALUES (4010, "building_conscription_centerlevel", 4);
INSERT INTO building(id, name, level) VALUES (4011, "building_conscription_centerlevel", 2);
INSERT INTO building(id, name, level) VALUES (16781242, "building_construction_sectorlevel", 1);
INSERT INTO building(id, name, level) VALUES (67113119, "building_coal_minelevel", 1);
INSERT INTO demand(goods_id, building_id, max_demand, current_input, level) VALUES (33, 67113119, 15.0, 1, 11.502998751892685);
INSERT INTO supply(goods_id, building_id, max_supply, current_output, level) VALUES (23, 67113119, 60.0, 1, 46.01199500757074);
INSERT INTO building(id, name, level) VALUES (4487, "building_conscription_centerlevel", 9);
INSERT INTO building(id, name, level) VALUES (4489, "building_conscription_centerlevel", 12);
INSERT INTO building(id, name, level) VALUES (4490, "building_conscription_centerlevel", 10);
INSERT INTO building(id, name, level) VALUES (4491, "building_conscription_centerlevel", 5);
INSERT INTO building(id, name, level) VALUES (4492, "building_conscription_centerlevel", 1);
INSERT INTO building(id, name, level) VALUES (4493, "building_conscription_centerlevel", 3);
INSERT INTO building(id, name, level) VALUES (4494, "building_conscription_centerlevel", 1);
INSERT INTO building(id, name, level) VALUES (4495, "building_conscription_centerlevel", 7);
INSERT INTO building(id, name, level) VALUES (4496, "building_conscription_centerlevel", 11);
INSERT INTO building(id, name, level) VALUES (4497, "building_conscription_centerlevel", 2);
INSERT INTO building(id, name, level) VALUES (4498, "building_conscription_centerlevel", 11);
INSERT INTO building(id, name, level) VALUES (4499, "building_conscription_centerlevel", 19);
INSERT INTO building(id, name, level) VALUES (4500, "building_conscription_centerlevel", 7);
INSERT INTO building(id, name, level) VALUES (4501, "building_conscription_centerlevel", 10);
INSERT INTO building(id, name, level) VALUES (4502, "building_conscription_centerlevel", 2);
INSERT INTO building(id, name, level) VALUES (4503, "building_conscription_centerlevel", 2);
INSERT INTO building(id, name, level) VALUES (4504, "building_conscription_centerlevel", 10);
INSERT INTO building(id, name, level) VALUES (4505, "building_conscription_centerlevel", 2);
INSERT INTO building(id, name, level) VALUES (4506, "building_conscription_centerlevel", 3);
INSERT INTO building(id, name, level) VALUES (4539, "building_conscription_centerlevel", 4);
INSERT INTO building(id, name, level) VALUES (33559062, "building_furniture_manufacturieslevel", 1);
INSERT INTO demand(goods_id, building_id, max_demand, current_input, level) VALUES (9, 33559062, 10.0, 1, 12.87065282669642);
INSERT INTO demand(goods_id, building_id, max_demand, current_input, level) VALUES (10, 33559062, 20.0, 1, 20.905507004346013);
INSERT INTO demand(goods_id, building_id, max_demand, current_input, level) VALUES (26, 33559062, 10.0, 1, 11.064196822810464);
INSERT INTO demand(goods_id, building_id, max_demand, current_input, level) VALUES (33, 33559062, 5.0, 1, 3.8343329172975613);
INSERT INTO supply(goods_id, building_id, max_supply, current_output, level) VALUES (13, 33559062, 44.99999999999999, 1, 42.37724906391951);
INSERT INTO supply(goods_id, building_id, max_supply, current_output, level) VALUES (49, 33559062, 20.0, 1, 18.83433291729756);
INSERT INTO building(id, name, level) VALUES (4666, "building_construction_sectorlevel", 1);
INSERT INTO building(id, name, level) VALUES (50336326, "building_logging_camplevel", 2);
INSERT INTO demand(goods_id, building_id, max_demand, current_input, level) VALUES (33, 50336326, 9.999999999999998, 2, 7.668665834595121);
INSERT INTO supply(goods_id, building_id, max_supply, current_output, level) VALUES (10, 50336326, 79.99999999999999, 2, 61.34932667676097);
INSERT INTO supply(goods_id, building_id, max_supply, current_output, level) VALUES (26, 50336326, 19.999999999999996, 2, 15.337331669190242);
INSERT INTO building(id, name, level) VALUES (4691, "building_tooling_workshopslevel", 1);
INSERT INTO demand(goods_id, building_id, max_demand, current_input, level) VALUES (10, 4691, 29.999999999999996, 1, 31.358260506519013);
INSERT INTO demand(goods_id, building_id, max_demand, current_input, level) VALUES (24, 4691, 20.0, 1, 39.897109023044315);
INSERT INTO supply(goods_id, building_id, max_supply, current_output, level) VALUES (33, 4691, 59.99999999999999, 1, 59.99999999999999);
INSERT INTO building(id, name, level) VALUES (16781992, "building_construction_sectorlevel", 1);
INSERT INTO building(id, name, level) VALUES (100668094, "building_construction_sectorlevel", 1);
INSERT INTO building(id, name, level) VALUES (16782017, "building_construction_sectorlevel", 1);
INSERT INTO building(id, name, level) VALUES (184554198, "building_logging_camplevel", 2);
INSERT INTO demand(goods_id, building_id, max_demand, current_input, level) VALUES (33, 184554198, 9.999999999999998, 2, 7.668665834595121);
INSERT INTO supply(goods_id, building_id, max_supply, current_output, level) VALUES (10, 184554198, 79.99999999999999, 2, 61.34932667676097);
INSERT INTO supply(goods_id, building_id, max_supply, current_output, level) VALUES (26, 184554198, 19.999999999999996, 2, 15.337331669190242);
INSERT INTO building(id, name, level) VALUES (4824, "building_construction_sectorlevel", 1);
INSERT INTO building(id, name, level) VALUES (4826, "building_construction_sectorlevel", 1);
INSERT INTO building(id, name, level) VALUES (4833, "building_construction_sectorlevel", 1);
INSERT INTO building(id, name, level) VALUES (4834, "building_tooling_workshopslevel", 2);
INSERT INTO demand(goods_id, building_id, max_demand, current_input, level) VALUES (10, 4834, 59.99999999999999, 2, 62.716521013038026);
INSERT INTO demand(goods_id, building_id, max_demand, current_input, level) VALUES (24, 4834, 39.99999999999999, 2, 79.79421804608863);
INSERT INTO supply(goods_id, building_id, max_supply, current_output, level) VALUES (33, 4834, 119.99999999999999, 2, 119.99999999999999);
INSERT INTO building(id, name, level) VALUES (4838, "building_construction_sectorlevel", 2);
INSERT INTO building(id, name, level) VALUES (83890920, "building_universitylevel", 2);
INSERT INTO demand(goods_id, building_id, max_demand, current_input, level) VALUES (14, 83890920, 20.0, 2, 7.514245089802441);
INSERT INTO building(id, name, level) VALUES (16782059, "building_construction_sectorlevel", 1);
INSERT INTO building(id, name, level) VALUES (4845, "building_construction_sectorlevel", 1);
INSERT INTO building(id, name, level) VALUES (16782065, "building_construction_sectorlevel", 1);
INSERT INTO building(id, name, level) VALUES (4850, "building_construction_sectorlevel", 1);
INSERT INTO building(id, name, level) VALUES (4853, "building_construction_sectorlevel", 1);
INSERT INTO building(id, name, level) VALUES (4854, "building_coal_minelevel", 2);
INSERT INTO demand(goods_id, building_id, max_demand, current_input, level) VALUES (33, 4854, 30.0, 2, 23.00599750378537);
INSERT INTO supply(goods_id, building_id, max_supply, current_output, level) VALUES (23, 4854, 120.0, 2, 92.02399001514148);
INSERT INTO building(id, name, level) VALUES (4855, "building_universitylevel", 2);
INSERT INTO demand(goods_id, building_id, max_demand, current_input, level) VALUES (14, 4855, 10.0, 2, 3.7571225449012204);
INSERT INTO building(id, name, level) VALUES (4856, "building_urban_centerlevel", 1);
INSERT INTO demand(goods_id, building_id, max_demand, current_input, level) VALUES (10, 4856, 5.0, 1, 5.226376751086503);
INSERT INTO demand(goods_id, building_id, max_demand, current_input, level) VALUES (23, 4856, 10.0, 1, 8.174788883320229);
INSERT INTO demand(goods_id, building_id, max_demand, current_input, level) VALUES (31, 4856, 5.0, 1, 1.0764799946786274);
INSERT INTO supply(goods_id, building_id, max_supply, current_output, level) VALUES (15, 4856, 70.0, 1, 47.43141403624747);
INSERT INTO building(id, name, level) VALUES (4857, "building_universitylevel", 2);
INSERT INTO demand(goods_id, building_id, max_demand, current_input, level) VALUES (14, 4857, 10.0, 2, 3.7571225449012204);
INSERT INTO building(id, name, level) VALUES (4906, "building_universitylevel", 2);
INSERT INTO demand(goods_id, building_id, max_demand, current_input, level) VALUES (14, 4906, 20.0, 2, 7.514245089802441);
INSERT INTO building(id, name, level) VALUES (4938, "building_urban_centerlevel", 1);
INSERT INTO demand(goods_id, building_id, max_demand, current_input, level) VALUES (10, 4938, 5.0, 1, 5.226376751086503);
INSERT INTO demand(goods_id, building_id, max_demand, current_input, level) VALUES (23, 4938, 10.0, 1, 8.174788883320229);
INSERT INTO demand(goods_id, building_id, max_demand, current_input, level) VALUES (31, 4938, 5.0, 1, 1.0764799946786274);
INSERT INTO supply(goods_id, building_id, max_supply, current_output, level) VALUES (15, 4938, 70.0, 1, 47.43141403624747);
INSERT INTO building(id, name, level) VALUES (4940, "building_tooling_workshopslevel", 2);
INSERT INTO demand(goods_id, building_id, max_demand, current_input, level) VALUES (10, 4940, 59.99999999999999, 2, 62.716521013038026);
INSERT INTO demand(goods_id, building_id, max_demand, current_input, level) VALUES (24, 4940, 39.99999999999999, 2, 79.79421804608863);
INSERT INTO supply(goods_id, building_id, max_supply, current_output, level) VALUES (33, 4940, 119.99999999999999, 2, 119.99999999999999);
INSERT INTO building(id, name, level) VALUES (4943, "building_tooling_workshopslevel", 2);
INSERT INTO demand(goods_id, building_id, max_demand, current_input, level) VALUES (10, 4943, 59.99999999999999, 2, 62.716521013038026);
INSERT INTO demand(goods_id, building_id, max_demand, current_input, level) VALUES (24, 4943, 39.99999999999999, 2, 79.79421804608863);
INSERT INTO supply(goods_id, building_id, max_supply, current_output, level) VALUES (33, 4943, 119.99999999999999, 2, 119.99999999999999);
INSERT INTO building(id, name, level) VALUES (4947, "building_tooling_workshopslevel", 1);
INSERT INTO demand(goods_id, building_id, max_demand, current_input, level) VALUES (10, 4947, 29.999999999999996, 1, 31.358260506519013);
INSERT INTO demand(goods_id, building_id, max_demand, current_input, level) VALUES (24, 4947, 20.0, 1, 39.897109023044315);
INSERT INTO supply(goods_id, building_id, max_supply, current_output, level) VALUES (33, 4947, 59.99999999999999, 1, 59.99999999999999);
INSERT INTO building(id, name, level) VALUES (16782185, "building_universitylevel", 1);
INSERT INTO demand(goods_id, building_id, max_demand, current_input, level) VALUES (14, 16782185, 5.0, 1, 1.8785612724506102);
INSERT INTO building(id, name, level) VALUES (4980, "building_iron_minelevel", 4);
INSERT INTO demand(goods_id, building_id, max_demand, current_input, level) VALUES (23, 4980, 59.99999999999999, 4, 49.04873329992137);
INSERT INTO demand(goods_id, building_id, max_demand, current_input, level) VALUES (33, 4980, 59.99999999999999, 4, 46.01199500757073);
INSERT INTO supply(goods_id, building_id, max_supply, current_output, level) VALUES (24, 4980, 239.99999999999997, 4, 190.12145661498423);
INSERT INTO building(id, name, level) VALUES (16782280, "building_coal_minelevel", 3);
INSERT INTO demand(goods_id, building_id, max_demand, current_input, level) VALUES (33, 16782280, 45.0, 3, 34.50899625567805);
INSERT INTO supply(goods_id, building_id, max_supply, current_output, level) VALUES (23, 16782280, 180.0, 3, 138.0359850227122);
INSERT INTO building(id, name, level) VALUES (16782309, "building_logging_camplevel", 3);
INSERT INTO demand(goods_id, building_id, max_demand, current_input, level) VALUES (33, 16782309, 15.0, 3, 11.502998751892685);
INSERT INTO supply(goods_id, building_id, max_supply, current_output, level) VALUES (10, 16782309, 120.0, 3, 92.02399001514148);
INSERT INTO supply(goods_id, building_id, max_supply, current_output, level) VALUES (26, 16782309, 30.0, 3, 23.00599750378537);
INSERT INTO building(id, name, level) VALUES (5267, "building_conscription_centerlevel", 1);
INSERT INTO building(id, name, level) VALUES (100668646, "building_naval_baselevel", 30);
INSERT INTO demand(goods_id, building_id, max_demand, current_input, level) VALUES (5, 100668646, 56.5896, 30, 10.35293279675202);
INSERT INTO building(id, name, level) VALUES (100668683, "building_naval_baselevel", 22);
INSERT INTO demand(goods_id, building_id, max_demand, current_input, level) VALUES (5, 100668683, 5.28396, 22, 0.9666879211149365);
INSERT INTO building(id, name, level) VALUES (33559964, "building_tooling_workshopslevel", 2);
INSERT INTO demand(goods_id, building_id, max_demand, current_input, level) VALUES (10, 33559964, 59.99999999999999, 2, 62.716521013038026);
INSERT INTO demand(goods_id, building_id, max_demand, current_input, level) VALUES (24, 33559964, 39.99999999999999, 2, 79.79421804608863);
INSERT INTO supply(goods_id, building_id, max_supply, current_output, level) VALUES (33, 33559964, 119.99999999999999, 2, 119.99999999999999);
INSERT INTO building(id, name, level) VALUES (5564, "building_urban_centerlevel", 1);
INSERT INTO demand(goods_id, building_id, max_demand, current_input, level) VALUES (10, 5564, 5.0, 1, 5.226376751086503);
INSERT INTO demand(goods_id, building_id, max_demand, current_input, level) VALUES (23, 5564, 10.0, 1, 8.174788883320229);
INSERT INTO demand(goods_id, building_id, max_demand, current_input, level) VALUES (31, 5564, 5.0, 1, 1.0764799946786274);
INSERT INTO supply(goods_id, building_id, max_supply, current_output, level) VALUES (15, 5564, 70.0, 1, 47.43141403624747);
INSERT INTO building(id, name, level) VALUES (5591, "building_sulfur_minelevel", 1);
INSERT INTO demand(goods_id, building_id, max_demand, current_input, level) VALUES (23, 5591, 0.0913, 1, 0.07463582250471369);
INSERT INTO demand(goods_id, building_id, max_demand, current_input, level) VALUES (33, 5591, 0.0913, 1, 0.07001491906985348);
INSERT INTO supply(goods_id, building_id, max_supply, current_output, level) VALUES (22, 5591, 0.3652, 1, 0.28930148314913434);
INSERT INTO building(id, name, level) VALUES (33560078, "building_tooling_workshopslevel", 1);
INSERT INTO demand(goods_id, building_id, max_demand, current_input, level) VALUES (10, 33560078, 29.999999999999996, 1, 31.358260506519013);
INSERT INTO demand(goods_id, building_id, max_demand, current_input, level) VALUES (24, 33560078, 20.0, 1, 39.897109023044315);
INSERT INTO supply(goods_id, building_id, max_supply, current_output, level) VALUES (33, 33560078, 59.99999999999999, 1, 59.99999999999999);
INSERT INTO building(id, name, level) VALUES (16782887, "building_trade_centerlevel", 37);
INSERT INTO building(id, name, level) VALUES (67114586, "building_logging_camplevel", 2);
INSERT INTO demand(goods_id, building_id, max_demand, current_input, level) VALUES (33, 67114586, 9.999999999999998, 2, 7.668665834595121);
INSERT INTO supply(goods_id, building_id, max_supply, current_output, level) VALUES (10, 67114586, 79.99999999999999, 2, 61.34932667676097);
INSERT INTO supply(goods_id, building_id, max_supply, current_output, level) VALUES (26, 67114586, 19.999999999999996, 2, 15.337331669190242);
INSERT INTO building(id, name, level) VALUES (5726, "building_urban_centerlevel", 1);
INSERT INTO demand(goods_id, building_id, max_demand, current_input, level) VALUES (10, 5726, 5.0, 1, 5.226376751086503);
INSERT INTO demand(goods_id, building_id, max_demand, current_input, level) VALUES (23, 5726, 10.0, 1, 8.174788883320229);
INSERT INTO supply(goods_id, building_id, max_supply, current_output, level) VALUES (15, 5726, 55.0, 1, 49.98066942913063);
INSERT INTO building(id, name, level) VALUES (16782958, "building_coal_minelevel", 2);
INSERT INTO demand(goods_id, building_id, max_demand, current_input, level) VALUES (33, 16782958, 30.0, 2, 23.00599750378537);
INSERT INTO supply(goods_id, building_id, max_supply, current_output, level) VALUES (23, 16782958, 120.0, 2, 92.02399001514148);
INSERT INTO building(id, name, level) VALUES (134223473, "building_logging_camplevel", 2);
INSERT INTO demand(goods_id, building_id, max_demand, current_input, level) VALUES (33, 134223473, 9.999999999999998, 2, 7.668665834595121);
INSERT INTO supply(goods_id, building_id, max_supply, current_output, level) VALUES (10, 134223473, 79.99999999999999, 2, 61.34932667676097);
INSERT INTO supply(goods_id, building_id, max_supply, current_output, level) VALUES (26, 134223473, 19.999999999999996, 2, 15.337331669190242);
INSERT INTO building(id, name, level) VALUES (5791, "building_tooling_workshopslevel", 1);
INSERT INTO demand(goods_id, building_id, max_demand, current_input, level) VALUES (10, 5791, 29.999999999999996, 1, 31.358260506519013);
INSERT INTO demand(goods_id, building_id, max_demand, current_input, level) VALUES (24, 5791, 20.0, 1, 39.897109023044315);
INSERT INTO supply(goods_id, building_id, max_supply, current_output, level) VALUES (33, 5791, 59.99999999999999, 1, 59.99999999999999);
INSERT INTO building(id, name, level) VALUES (16783022, "building_coal_minelevel", 2);
INSERT INTO demand(goods_id, building_id, max_demand, current_input, level) VALUES (33, 16783022, 30.0, 2, 23.00599750378537);
INSERT INTO supply(goods_id, building_id, max_supply, current_output, level) VALUES (23, 16783022, 120.0, 2, 92.02399001514148);
INSERT INTO building(id, name, level) VALUES (5817, "building_urban_centerlevel", 1);
INSERT INTO demand(goods_id, building_id, max_demand, current_input, level) VALUES (10, 5817, 1.5018, 1, 1.5697945209563422);
INSERT INTO demand(goods_id, building_id, max_demand, current_input, level) VALUES (23, 5817, 3.0036, 1, 2.4553795889940644);
INSERT INTO demand(goods_id, building_id, max_demand, current_input, level) VALUES (31, 5817, 1.5018, 1, 0.3233315312016725);
INSERT INTO supply(goods_id, building_id, max_supply, current_output, level) VALUES (15, 5817, 21.0252, 1, 14.24649951992729);
INSERT INTO building(id, name, level) VALUES (16783121, "building_iron_minelevel", 2);
INSERT INTO demand(goods_id, building_id, max_demand, current_input, level) VALUES (23, 16783121, 30.0, 2, 24.52436664996069);
INSERT INTO demand(goods_id, building_id, max_demand, current_input, level) VALUES (33, 16783121, 30.0, 2, 23.00599750378537);
INSERT INTO supply(goods_id, building_id, max_supply, current_output, level) VALUES (24, 16783121, 120.0, 2, 95.06072830749211);
INSERT INTO building(id, name, level) VALUES (5910, "building_coal_minelevel", 3);
INSERT INTO demand(goods_id, building_id, max_demand, current_input, level) VALUES (33, 5910, 45.0, 3, 34.50899625567805);
INSERT INTO supply(goods_id, building_id, max_supply, current_output, level) VALUES (23, 5910, 180.0, 3, 138.0359850227122);
INSERT INTO building(id, name, level) VALUES (5933, "building_barrackslevel", 7);
INSERT INTO demand(goods_id, building_id, max_demand, current_input, level) VALUES (1, 5933, 6.96696, 7, 6.577118739375058);
INSERT INTO demand(goods_id, building_id, max_demand, current_input, level) VALUES (2, 5933, 6.96696, 7, 6.577118739375058);
INSERT INTO building(id, name, level) VALUES (16783164, "building_barrackslevel", 1);
INSERT INTO demand(goods_id, building_id, max_demand, current_input, level) VALUES (1, 16783164, 1.0, 1, 0.9440442803425105);
INSERT INTO demand(goods_id, building_id, max_demand, current_input, level) VALUES (2, 16783164, 1.0, 1, 0.9440442803425105);
INSERT INTO building(id, name, level) VALUES (16783296, "building_coal_minelevel", 1);
INSERT INTO demand(goods_id, building_id, max_demand, current_input, level) VALUES (33, 16783296, 15.0, 1, 11.502998751892685);
INSERT INTO supply(goods_id, building_id, max_supply, current_output, level) VALUES (23, 16783296, 60.0, 1, 46.01199500757074);
INSERT INTO building(id, name, level) VALUES (6111, "building_urban_centerlevel", 1);
INSERT INTO demand(goods_id, building_id, max_demand, current_input, level) VALUES (10, 6111, 5.0, 1, 5.226376751086503);
INSERT INTO demand(goods_id, building_id, max_demand, current_input, level) VALUES (23, 6111, 10.0, 1, 8.174788883320229);
INSERT INTO demand(goods_id, building_id, max_demand, current_input, level) VALUES (31, 6111, 5.0, 1, 1.0764799946786274);
INSERT INTO supply(goods_id, building_id, max_supply, current_output, level) VALUES (15, 6111, 70.0, 1, 47.43141403624747);
INSERT INTO building(id, name, level) VALUES (6126, "building_coal_minelevel", 1);
INSERT INTO demand(goods_id, building_id, max_demand, current_input, level) VALUES (33, 6126, 15.0, 1, 11.502998751892685);
INSERT INTO supply(goods_id, building_id, max_supply, current_output, level) VALUES (23, 6126, 60.0, 1, 46.01199500757074);
INSERT INTO building(id, name, level) VALUES (6129, "building_urban_centerlevel", 1);
INSERT INTO demand(goods_id, building_id, max_demand, current_input, level) VALUES (10, 6129, 5.0, 1, 5.226376751086503);
INSERT INTO demand(goods_id, building_id, max_demand, current_input, level) VALUES (23, 6129, 10.0, 1, 8.174788883320229);
INSERT INTO demand(goods_id, building_id, max_demand, current_input, level) VALUES (31, 6129, 5.0, 1, 1.0764799946786274);
INSERT INTO supply(goods_id, building_id, max_supply, current_output, level) VALUES (15, 6129, 70.0, 1, 47.43141403624747);
INSERT INTO building(id, name, level) VALUES (134223882, "building_coal_minelevel", 1);
INSERT INTO demand(goods_id, building_id, max_demand, current_input, level) VALUES (33, 134223882, 15.0, 1, 11.502998751892685);
INSERT INTO supply(goods_id, building_id, max_supply, current_output, level) VALUES (23, 134223882, 60.0, 1, 46.01199500757074);
INSERT INTO building(id, name, level) VALUES (6241, "building_urban_centerlevel", 1);
INSERT INTO demand(goods_id, building_id, max_demand, current_input, level) VALUES (10, 6241, 5.0, 1, 5.226376751086503);
INSERT INTO demand(goods_id, building_id, max_demand, current_input, level) VALUES (23, 6241, 10.0, 1, 8.174788883320229);
INSERT INTO supply(goods_id, building_id, max_supply, current_output, level) VALUES (15, 6241, 55.0, 1, 49.98066942913063);
INSERT INTO building(id, name, level) VALUES (6254, "building_urban_centerlevel", 1);
INSERT INTO demand(goods_id, building_id, max_demand, current_input, level) VALUES (10, 6254, 5.0, 1, 5.226376751086503);
INSERT INTO demand(goods_id, building_id, max_demand, current_input, level) VALUES (23, 6254, 10.0, 1, 8.174788883320229);
INSERT INTO demand(goods_id, building_id, max_demand, current_input, level) VALUES (31, 6254, 5.0, 1, 1.0764799946786274);
INSERT INTO supply(goods_id, building_id, max_supply, current_output, level) VALUES (15, 6254, 70.0, 1, 47.43141403624747);
INSERT INTO building(id, name, level) VALUES (50337913, "building_iron_minelevel", 1);
INSERT INTO demand(goods_id, building_id, max_demand, current_input, level) VALUES (23, 50337913, 15.0, 1, 12.262183324980345);
INSERT INTO demand(goods_id, building_id, max_demand, current_input, level) VALUES (33, 50337913, 15.0, 1, 11.502998751892685);
INSERT INTO supply(goods_id, building_id, max_supply, current_output, level) VALUES (24, 50337913, 60.0, 1, 47.530364153746056);
INSERT INTO building(id, name, level) VALUES (6632, "building_trade_centerlevel", 2);
