
  
CREATE TABLE goods(    goods_name    VARCHAR(30),    code    INT,    base_price FLOAT,    current_price FLOAT,    pop_demand FLOAT, PRIMARY KEY (code));

CREATE TABLE building(    id INT,    name VARCHAR(80),    level INT, PRIMARY KEY (id));

CREATE TABLE supply(    goods_id INT,    building_id INT,    max_supply FLOAT,    current_output FLOAT,    level INT, PRIMARY KEY (goods_id, building_id));

CREATE TABLE demand(    goods_id INT,    building_id INT,    max_demand FLOAT,    current_input FLOAT,    level INT,   PRIMARY KEY (goods_id, building_id));
    
INSERT INTO goods(goods_name,code,base_price, current_price, pop_demand) VALUES ("ammunition", 0, 50, 50, 0);
INSERT INTO goods(goods_name,code,base_price, current_price, pop_demand) VALUES ("small_arms", 1, 60, 101.27624082346625, 17.154524998398852);
INSERT INTO goods(goods_name,code,base_price, current_price, pop_demand) VALUES ("artillery", 2, 70, 118.93431758652869, 0);
INSERT INTO goods(goods_name,code,base_price, current_price, pop_demand) VALUES ("tanks", 3, 80, 80, 0);
INSERT INTO goods(goods_name,code,base_price, current_price, pop_demand) VALUES ("aeroplanes", 4, 80, 80, 0);
INSERT INTO goods(goods_name,code,base_price, current_price, pop_demand) VALUES ("manowars", 5, 70, 101.69810693676168, 0);
INSERT INTO goods(goods_name,code,base_price, current_price, pop_demand) VALUES ("ironclads", 6, 80, 80, 0);
INSERT INTO goods(goods_name,code,base_price, current_price, pop_demand) VALUES ("grain", 7, 20, 22.45661868943728, 3731.2663579171463);
INSERT INTO goods(goods_name,code,base_price, current_price, pop_demand) VALUES ("fish", 8, 20, 24.188443434528132, 659.5664717670595);
INSERT INTO goods(goods_name,code,base_price, current_price, pop_demand) VALUES ("fabric", 9, 20, 18.252726895009456, 105.24324070227173);
INSERT INTO goods(goods_name,code,base_price, current_price, pop_demand) VALUES ("wood", 10, 20, 27.422123923800534, 631.4594442136317);
INSERT INTO goods(goods_name,code,base_price, current_price, pop_demand) VALUES ("groceries", 11, 30, 44.289349235417944, 558.3372402591729);
INSERT INTO goods(goods_name,code,base_price, current_price, pop_demand) VALUES ("clothes", 12, 30, 33.27796160634553, 1391.9872748222099);
INSERT INTO goods(goods_name,code,base_price, current_price, pop_demand) VALUES ("furniture", 13, 30, 32.16419785721003, 1134.2121386221381);
INSERT INTO goods(goods_name,code,base_price, current_price, pop_demand) VALUES ("paper", 14, 30, 45.186411942748705, 44.81594463888053);
INSERT INTO goods(goods_name,code,base_price, current_price, pop_demand) VALUES ("services", 15, 30, 21.529011868659676, 734.3224114150086);
INSERT INTO goods(goods_name,code,base_price, current_price, pop_demand) VALUES ("transportation", 16, 30, 48.68595324400502, 372.9620500000001);
INSERT INTO goods(goods_name,code,base_price, current_price, pop_demand) VALUES ("electricity", 17, 30, 30, 0);
INSERT INTO goods(goods_name,code,base_price, current_price, pop_demand) VALUES ("clippers", 18, 60, 72.08594274325374, 11.476715031073466);
INSERT INTO goods(goods_name,code,base_price, current_price, pop_demand) VALUES ("steamers", 19, 70, 70, 0);
INSERT INTO goods(goods_name,code,base_price, current_price, pop_demand) VALUES ("silk", 20, 40, 48.451344938421016, 0);
INSERT INTO goods(goods_name,code,base_price, current_price, pop_demand) VALUES ("dye", 21, 40, 70.0, 0);
INSERT INTO goods(goods_name,code,base_price, current_price, pop_demand) VALUES ("sulfur", 22, 50, 50, 0);
INSERT INTO goods(goods_name,code,base_price, current_price, pop_demand) VALUES ("coal", 23, 30, 50.68038670484306, 251.00097755606419);
INSERT INTO goods(goods_name,code,base_price, current_price, pop_demand) VALUES ("iron", 24, 40, 68.54796753799978, 0);
INSERT INTO goods(goods_name,code,base_price, current_price, pop_demand) VALUES ("lead", 25, 40, 63.93640410282643, 0);
INSERT INTO goods(goods_name,code,base_price, current_price, pop_demand) VALUES ("hardwood", 26, 40, 66.56014324016775, 0);
INSERT INTO goods(goods_name,code,base_price, current_price, pop_demand) VALUES ("rubber", 27, 40, 40, 0);
INSERT INTO goods(goods_name,code,base_price, current_price, pop_demand) VALUES ("oil", 28, 40, 40, 0);
INSERT INTO goods(goods_name,code,base_price, current_price, pop_demand) VALUES ("engines", 29, 60, 60, 0);
INSERT INTO goods(goods_name,code,base_price, current_price, pop_demand) VALUES ("steel", 30, 50, 50, 0);
INSERT INTO goods(goods_name,code,base_price, current_price, pop_demand) VALUES ("glass", 31, 40, 62.16524218685673, 68.50886608114503);
INSERT INTO goods(goods_name,code,base_price, current_price, pop_demand) VALUES ("fertilizer", 32, 30, 30, 0);
INSERT INTO goods(goods_name,code,base_price, current_price, pop_demand) VALUES ("tools", 33, 40, 65.36134913866222, 0);
INSERT INTO goods(goods_name,code,base_price, current_price, pop_demand) VALUES ("explosives", 34, 50, 50, 0);
INSERT INTO goods(goods_name,code,base_price, current_price, pop_demand) VALUES ("porcelain", 35, 70, 112.35023709496947, 203.82796272458575);
INSERT INTO goods(goods_name,code,base_price, current_price, pop_demand) VALUES ("meat", 36, 30, 40.39981466194288, 465.86278088118735);
INSERT INTO goods(goods_name,code,base_price, current_price, pop_demand) VALUES ("fruit", 37, 30, 48.1310634186725, 287.2736880667883);
INSERT INTO goods(goods_name,code,base_price, current_price, pop_demand) VALUES ("liquor", 38, 30, 37.55003526610668, 1952.4728641666702);
INSERT INTO goods(goods_name,code,base_price, current_price, pop_demand) VALUES ("wine", 39, 50, 44.69842620171515, 246.6510724812334);
INSERT INTO goods(goods_name,code,base_price, current_price, pop_demand) VALUES ("tea", 40, 50, 50, 0);
INSERT INTO goods(goods_name,code,base_price, current_price, pop_demand) VALUES ("coffee", 41, 50, 87.5, 46.38549529760017);
INSERT INTO goods(goods_name,code,base_price, current_price, pop_demand) VALUES ("sugar", 42, 30, 51.08943001715066, 107.07390407602162);
INSERT INTO goods(goods_name,code,base_price, current_price, pop_demand) VALUES ("tobacco", 43, 40, 40, 0);
INSERT INTO goods(goods_name,code,base_price, current_price, pop_demand) VALUES ("opium", 44, 50, 50, 0);
INSERT INTO goods(goods_name,code,base_price, current_price, pop_demand) VALUES ("automobiles", 45, 100, 100, 0);
INSERT INTO goods(goods_name,code,base_price, current_price, pop_demand) VALUES ("telephones", 46, 70, 70, 0);
INSERT INTO goods(goods_name,code,base_price, current_price, pop_demand) VALUES ("radios", 47, 80, 80, 0);
INSERT INTO goods(goods_name,code,base_price, current_price, pop_demand) VALUES ("luxury_clothes", 48, 60, 83.30770099418181, 548.4067284445616);
INSERT INTO goods(goods_name,code,base_price, current_price, pop_demand) VALUES ("luxury_furniture", 49, 60, 86.57421469223327, 251.9736858767559);
INSERT INTO goods(goods_name,code,base_price, current_price, pop_demand) VALUES ("gold", 50, 100, 25.0, 0);
INSERT INTO goods(goods_name,code,base_price, current_price, pop_demand) VALUES ("fine_art", 51, 200, 287.9883540819771, 4.643963872899385);
INSERT INTO building(id, name, level) VALUES (352, "building_government_administration", 10);
INSERT INTO demand(goods_id, building_id, max_demand, current_input, level) VALUES (14, 352, 99.99999999999999, 10, 32.50483581000577);
INSERT INTO building(id, name, level) VALUES (353, "building_construction_sector", 2);
INSERT INTO demand(goods_id, building_id, max_demand, current_input, level) VALUES (9, 353, 39.9996, 2, 45.2732486493733);
INSERT INTO demand(goods_id, building_id, max_demand, current_input, level) VALUES (10, 353, 79.9992, 2, 40.41493491967311);
INSERT INTO demand(goods_id, building_id, max_demand, current_input, level) VALUES (24, 353, 99.999, 2, 4.8400598055853274);
INSERT INTO demand(goods_id, building_id, max_demand, current_input, level) VALUES (33, 353, 19.9998, 2, 3.0924029832194484);
INSERT INTO building(id, name, level) VALUES (354, "building_university", 5);
INSERT INTO demand(goods_id, building_id, max_demand, current_input, level) VALUES (14, 354, 25.0, 5, 8.126208952501443);
INSERT INTO building(id, name, level) VALUES (355, "building_arts_academy", 1);
INSERT INTO demand(goods_id, building_id, max_demand, current_input, level) VALUES (14, 355, 10.0, 1, 3.250483581000578);
INSERT INTO supply(goods_id, building_id, max_supply, current_output, level) VALUES (51, 355, 4.0, 1, 1.300193432400231);
INSERT INTO building(id, name, level) VALUES (356, "building_furniture_manufacturies", 5);
INSERT INTO demand(goods_id, building_id, max_demand, current_input, level) VALUES (9, 356, 50.0, 5, 56.59212673298396);
INSERT INTO demand(goods_id, building_id, max_demand, current_input, level) VALUES (10, 356, 75.0, 5, 37.889380380997345);
INSERT INTO demand(goods_id, building_id, max_demand, current_input, level) VALUES (26, 356, 75.0, 5, 8.599641899580615);
INSERT INTO supply(goods_id, building_id, max_supply, current_output, level) VALUES (13, 356, 100.0, 5, 53.99512101359021);
INSERT INTO supply(goods_id, building_id, max_supply, current_output, level) VALUES (49, 356, 125.0, 5, 67.49390126698776);
INSERT INTO building(id, name, level) VALUES (357, "building_paper_mills", 5);
INSERT INTO demand(goods_id, building_id, max_demand, current_input, level) VALUES (10, 357, 150.0, 5, 75.77876076199469);
INSERT INTO supply(goods_id, building_id, max_supply, current_output, level) VALUES (14, 357, 200.0, 5, 101.03834768265958);
INSERT INTO building(id, name, level) VALUES (358, "building_wheat_farm", 10);
INSERT INTO demand(goods_id, building_id, max_demand, current_input, level) VALUES (33, 358, 10.0, 10, 1.546216953779262);
INSERT INTO supply(goods_id, building_id, max_supply, current_output, level) VALUES (7, 358, 50.0, 10, 7.731084768896309);
INSERT INTO supply(goods_id, building_id, max_supply, current_output, level) VALUES (37, 358, 70.0, 10, 10.823518676454833);
INSERT INTO supply(goods_id, building_id, max_supply, current_output, level) VALUES (42, 358, 50.0, 10, 7.731084768896309);
INSERT INTO building(id, name, level) VALUES (359, "building_livestock_ranch", 3);
INSERT INTO demand(goods_id, building_id, max_demand, current_input, level) VALUES (7, 359, 13.939196428571428, 3, 11.656310397760365);
INSERT INTO demand(goods_id, building_id, max_demand, current_input, level) VALUES (33, 359, 13.939196428571428, 3, 2.155302183991648);
INSERT INTO supply(goods_id, building_id, max_supply, current_output, level) VALUES (9, 359, 27.878392857142856, 3, 13.811612581752012);
INSERT INTO supply(goods_id, building_id, max_supply, current_output, level) VALUES (36, 359, 55.75679464285714, 3, 27.623229586928648);
INSERT INTO building(id, name, level) VALUES (360, "building_government_administration", 10);
INSERT INTO demand(goods_id, building_id, max_demand, current_input, level) VALUES (14, 360, 99.99999999999999, 10, 32.50483581000577);
INSERT INTO building(id, name, level) VALUES (361, "building_arms_industry", 2);
INSERT INTO demand(goods_id, building_id, max_demand, current_input, level) VALUES (24, 361, 20.0, 2, 0.9680216413334788);
INSERT INTO demand(goods_id, building_id, max_demand, current_input, level) VALUES (26, 361, 20.0, 2, 2.2932378398881643);
INSERT INTO supply(goods_id, building_id, max_supply, current_output, level) VALUES (1, 361, 60.0, 2, 4.891889221832465);
INSERT INTO building(id, name, level) VALUES (362, "building_construction_sector", 2);
INSERT INTO demand(goods_id, building_id, max_demand, current_input, level) VALUES (9, 362, 39.9996, 2, 45.2732486493733);
INSERT INTO demand(goods_id, building_id, max_demand, current_input, level) VALUES (10, 362, 79.9992, 2, 40.41493491967311);
INSERT INTO demand(goods_id, building_id, max_demand, current_input, level) VALUES (24, 362, 99.999, 2, 4.8400598055853274);
INSERT INTO demand(goods_id, building_id, max_demand, current_input, level) VALUES (33, 362, 19.9998, 2, 3.0924029832194484);
INSERT INTO building(id, name, level) VALUES (363, "building_university", 2);
INSERT INTO demand(goods_id, building_id, max_demand, current_input, level) VALUES (14, 363, 10.0, 2, 3.250483581000578);
INSERT INTO building(id, name, level) VALUES (364, "building_food_industry", 4);
INSERT INTO demand(goods_id, building_id, max_demand, current_input, level) VALUES (7, 364, 160.0, 4, 133.796067312669);
INSERT INTO demand(goods_id, building_id, max_demand, current_input, level) VALUES (42, 364, 160.0, 4, 10.030719878039683);
INSERT INTO supply(goods_id, building_id, max_supply, current_output, level) VALUES (11, 364, 139.99999999999997, 4, 62.92421939593504);
INSERT INTO supply(goods_id, building_id, max_supply, current_output, level) VALUES (38, 364, 239.99999999999997, 4, 107.8700903930315);
INSERT INTO building(id, name, level) VALUES (365, "building_glassworks", 3);
INSERT INTO demand(goods_id, building_id, max_demand, current_input, level) VALUES (10, 365, 60.0, 3, 30.31150430479788);
INSERT INTO demand(goods_id, building_id, max_demand, current_input, level) VALUES (21, 365, 15.0, 3, 0.0);
INSERT INTO demand(goods_id, building_id, max_demand, current_input, level) VALUES (25, 365, 30.0, 3, 6.063595897173577);
INSERT INTO supply(goods_id, building_id, max_supply, current_output, level) VALUES (31, 365, 60.0, 3, 14.146232033048344);
INSERT INTO supply(goods_id, building_id, max_supply, current_output, level) VALUES (35, 365, 60.0, 3, 14.146232033048344);
INSERT INTO building(id, name, level) VALUES (366, "building_iron_mine", 3);
INSERT INTO demand(goods_id, building_id, max_demand, current_input, level) VALUES (23, 366, 30.0, 3, 2.4261510602092544);
INSERT INTO demand(goods_id, building_id, max_demand, current_input, level) VALUES (33, 366, 30.0, 3, 4.638650861337786);
INSERT INTO supply(goods_id, building_id, max_supply, current_output, level) VALUES (24, 366, 120.0, 3, 14.12960384309408);
INSERT INTO building(id, name, level) VALUES (367, "building_logging_camp", 3);
INSERT INTO demand(goods_id, building_id, max_demand, current_input, level) VALUES (33, 367, 15.0, 3, 2.319325430668893);
INSERT INTO supply(goods_id, building_id, max_supply, current_output, level) VALUES (10, 367, 180.0, 3, 27.831905168026715);
INSERT INTO building(id, name, level) VALUES (368, "building_rye_farm", 8);
INSERT INTO demand(goods_id, building_id, max_demand, current_input, level) VALUES (33, 368, 8.0, 8, 1.2369735630234096);
INSERT INTO supply(goods_id, building_id, max_supply, current_output, level) VALUES (7, 368, 40.0, 8, 6.184867815117048);
INSERT INTO supply(goods_id, building_id, max_supply, current_output, level) VALUES (38, 368, 120.00000000000001, 8, 18.554603445351145);
INSERT INTO building(id, name, level) VALUES (369, "building_coal_mine", 2);
INSERT INTO demand(goods_id, building_id, max_demand, current_input, level) VALUES (33, 369, 20.0, 2, 3.092433907558524);
INSERT INTO supply(goods_id, building_id, max_supply, current_output, level) VALUES (23, 369, 80.0, 2, 12.369735630234096);
INSERT INTO building(id, name, level) VALUES (370, "building_tooling_workshops", 3);
INSERT INTO demand(goods_id, building_id, max_demand, current_input, level) VALUES (10, 370, 90.0, 3, 45.46725645719682);
INSERT INTO demand(goods_id, building_id, max_demand, current_input, level) VALUES (24, 370, 60.0, 3, 2.9040649240004366);
INSERT INTO supply(goods_id, building_id, max_supply, current_output, level) VALUES (33, 370, 180.0, 3, 49.823353843197474);
INSERT INTO building(id, name, level) VALUES (371, "building_textile_mills", 3);
INSERT INTO demand(goods_id, building_id, max_demand, current_input, level) VALUES (9, 371, 75.0, 3, 84.88819009947593);
INSERT INTO demand(goods_id, building_id, max_demand, current_input, level) VALUES (20, 371, 45.0, 3, 32.322982592368476);
INSERT INTO demand(goods_id, building_id, max_demand, current_input, level) VALUES (21, 371, 15.0, 3, 0.0);
INSERT INTO supply(goods_id, building_id, max_supply, current_output, level) VALUES (12, 371, 90.0, 3, 51.548655061578984);
INSERT INTO supply(goods_id, building_id, max_supply, current_output, level) VALUES (48, 371, 90.0, 3, 51.548655061578984);
INSERT INTO building(id, name, level) VALUES (372, "building_food_industry", 3);
INSERT INTO demand(goods_id, building_id, max_demand, current_input, level) VALUES (7, 372, 120.0, 3, 100.34705048450175);
INSERT INTO demand(goods_id, building_id, max_demand, current_input, level) VALUES (42, 372, 120.0, 3, 7.523039908529762);
INSERT INTO supply(goods_id, building_id, max_supply, current_output, level) VALUES (11, 372, 104.99999999999999, 3, 47.19316454695128);
INSERT INTO supply(goods_id, building_id, max_supply, current_output, level) VALUES (38, 372, 180.0, 3, 80.90256779477363);
INSERT INTO building(id, name, level) VALUES (373, "building_logging_camp", 3);
INSERT INTO demand(goods_id, building_id, max_demand, current_input, level) VALUES (33, 373, 15.0, 3, 2.319325430668893);
INSERT INTO supply(goods_id, building_id, max_supply, current_output, level) VALUES (10, 373, 60.0, 3, 9.277301722675572);
INSERT INTO supply(goods_id, building_id, max_supply, current_output, level) VALUES (26, 373, 60.0, 3, 9.277301722675572);
INSERT INTO building(id, name, level) VALUES (374, "building_wheat_farm", 5);
INSERT INTO demand(goods_id, building_id, max_demand, current_input, level) VALUES (33, 374, 5.000000000000001, 5, 0.773108476889631);
INSERT INTO supply(goods_id, building_id, max_supply, current_output, level) VALUES (7, 374, 25.000000000000004, 5, 3.8655423844481547);
INSERT INTO supply(goods_id, building_id, max_supply, current_output, level) VALUES (37, 374, 35.0, 5, 5.411759338227416);
INSERT INTO supply(goods_id, building_id, max_supply, current_output, level) VALUES (42, 374, 25.000000000000004, 5, 3.8655423844481547);
INSERT INTO building(id, name, level) VALUES (375, "building_coal_mine", 3);
INSERT INTO demand(goods_id, building_id, max_demand, current_input, level) VALUES (33, 375, 30.0, 3, 4.638650861337786);
INSERT INTO supply(goods_id, building_id, max_supply, current_output, level) VALUES (23, 375, 120.0, 3, 18.554603445351145);
INSERT INTO building(id, name, level) VALUES (376, "building_iron_mine", 2);
INSERT INTO demand(goods_id, building_id, max_demand, current_input, level) VALUES (23, 376, 20.0, 2, 1.617434040139503);
INSERT INTO demand(goods_id, building_id, max_demand, current_input, level) VALUES (33, 376, 20.0, 2, 3.092433907558524);
INSERT INTO supply(goods_id, building_id, max_supply, current_output, level) VALUES (24, 376, 80.0, 2, 9.419735895396053);
INSERT INTO building(id, name, level) VALUES (377, "building_lead_mine", 2);
INSERT INTO demand(goods_id, building_id, max_demand, current_input, level) VALUES (33, 377, 10.0, 2, 1.546216953779262);
INSERT INTO supply(goods_id, building_id, max_supply, current_output, level) VALUES (25, 377, 40.0, 2, 6.184867815117048);
INSERT INTO building(id, name, level) VALUES (378, "building_wheat_farm", 1);
INSERT INTO demand(goods_id, building_id, max_demand, current_input, level) VALUES (33, 378, 1.0, 1, 0.1546216953779262);
INSERT INTO supply(goods_id, building_id, max_supply, current_output, level) VALUES (7, 378, 5.0, 1, 0.773108476889631);
INSERT INTO supply(goods_id, building_id, max_supply, current_output, level) VALUES (37, 378, 7.0, 1, 1.0823518676454833);
INSERT INTO supply(goods_id, building_id, max_supply, current_output, level) VALUES (42, 378, 5.0, 1, 0.773108476889631);
INSERT INTO building(id, name, level) VALUES (379, "building_livestock_ranch", 2);
INSERT INTO demand(goods_id, building_id, max_demand, current_input, level) VALUES (7, 379, 9.419594594594594, 2, 7.876904452727697);
INSERT INTO demand(goods_id, building_id, max_demand, current_input, level) VALUES (33, 379, 9.419594594594594, 2, 1.4564736859889653);
INSERT INTO supply(goods_id, building_id, max_supply, current_output, level) VALUES (9, 379, 18.839198198198197, 2, 9.33338260199196);
INSERT INTO supply(goods_id, building_id, max_supply, current_output, level) VALUES (36, 379, 37.678396396396394, 2, 18.66676520398392);
INSERT INTO building(id, name, level) VALUES (380, "building_iron_mine", 1);
INSERT INTO demand(goods_id, building_id, max_demand, current_input, level) VALUES (23, 380, 10.0, 1, 0.8087170200697515);
INSERT INTO demand(goods_id, building_id, max_demand, current_input, level) VALUES (33, 380, 10.0, 1, 1.546216953779262);
INSERT INTO supply(goods_id, building_id, max_supply, current_output, level) VALUES (24, 380, 40.0, 1, 4.709867947698027);
INSERT INTO building(id, name, level) VALUES (381, "building_gold_mine", 2);
INSERT INTO demand(goods_id, building_id, max_demand, current_input, level) VALUES (23, 381, 20.0, 2, 1.617434040139503);
INSERT INTO demand(goods_id, building_id, max_demand, current_input, level) VALUES (33, 381, 20.0, 2, 3.092433907558524);
INSERT INTO supply(goods_id, building_id, max_supply, current_output, level) VALUES (50, 381, 40.0, 2, 4.709867947698027);
INSERT INTO building(id, name, level) VALUES (382, "building_livestock_ranch", 1);
INSERT INTO demand(goods_id, building_id, max_demand, current_input, level) VALUES (7, 382, 3.0185999999999997, 1, 2.5242300549376413);
INSERT INTO demand(goods_id, building_id, max_demand, current_input, level) VALUES (33, 382, 3.0185999999999997, 1, 0.46674104966780794);
INSERT INTO supply(goods_id, building_id, max_supply, current_output, level) VALUES (9, 382, 6.0371999999999995, 1, 2.9909711046054497);
INSERT INTO supply(goods_id, building_id, max_supply, current_output, level) VALUES (36, 382, 12.074399999999999, 1, 5.981942209210899);
INSERT INTO building(id, name, level) VALUES (383, "building_wheat_farm", 1);
INSERT INTO demand(goods_id, building_id, max_demand, current_input, level) VALUES (33, 383, 1.0, 1, 0.1546216953779262);
INSERT INTO supply(goods_id, building_id, max_supply, current_output, level) VALUES (7, 383, 5.0, 1, 0.773108476889631);
INSERT INTO supply(goods_id, building_id, max_supply, current_output, level) VALUES (37, 383, 7.0, 1, 1.0823518676454833);
INSERT INTO supply(goods_id, building_id, max_supply, current_output, level) VALUES (42, 383, 5.0, 1, 0.773108476889631);
INSERT INTO building(id, name, level) VALUES (16777612, "building_construction_sector", 1);
INSERT INTO demand(goods_id, building_id, max_demand, current_input, level) VALUES (9, 16777612, 19.9838, 1, 22.618514844132097);
INSERT INTO demand(goods_id, building_id, max_demand, current_input, level) VALUES (10, 16777612, 39.9676, 1, 20.191301324207327);
INSERT INTO demand(goods_id, building_id, max_demand, current_input, level) VALUES (24, 16777612, 49.9595, 1, 2.4180938595099963);
INSERT INTO demand(goods_id, building_id, max_demand, current_input, level) VALUES (33, 16777612, 9.9919, 1, 1.5449645180467007);
INSERT INTO building(id, name, level) VALUES (542, "building_government_administration", 3);
INSERT INTO demand(goods_id, building_id, max_demand, current_input, level) VALUES (14, 542, 30.0, 3, 9.751450743001733);
INSERT INTO building(id, name, level) VALUES (543, "building_construction_sector", 4);
INSERT INTO demand(goods_id, building_id, max_demand, current_input, level) VALUES (9, 543, 79.9552, 4, 90.49669622722158);
INSERT INTO demand(goods_id, building_id, max_demand, current_input, level) VALUES (10, 543, 159.9104, 4, 80.78541296636585);
INSERT INTO demand(goods_id, building_id, max_demand, current_input, level) VALUES (24, 543, 199.888, 4, 9.674795492143321);
INSERT INTO demand(goods_id, building_id, max_demand, current_input, level) VALUES (33, 543, 39.9776, 4, 6.181404289140582);
INSERT INTO building(id, name, level) VALUES (544, "building_textile_mills", 5);
INSERT INTO demand(goods_id, building_id, max_demand, current_input, level) VALUES (9, 544, 104.67625, 5, 118.47703211867024);
INSERT INTO demand(goods_id, building_id, max_demand, current_input, level) VALUES (20, 544, 62.80575, 5, 45.11264808779215);
INSERT INTO demand(goods_id, building_id, max_demand, current_input, level) VALUES (21, 544, 20.935249999999996, 5, 0.0);
INSERT INTO supply(goods_id, building_id, max_supply, current_output, level) VALUES (12, 544, 125.6115, 5, 71.94559872519477);
INSERT INTO supply(goods_id, building_id, max_supply, current_output, level) VALUES (48, 544, 125.6115, 5, 71.94559872519477);
INSERT INTO building(id, name, level) VALUES (545, "building_arms_industry", 5);
INSERT INTO demand(goods_id, building_id, max_demand, current_input, level) VALUES (24, 545, 49.98, 5, 2.4190860816923636);
INSERT INTO demand(goods_id, building_id, max_demand, current_input, level) VALUES (26, 545, 49.98, 5, 5.730801361880522);
INSERT INTO supply(goods_id, building_id, max_supply, current_output, level) VALUES (1, 545, 149.94, 5, 12.224831165359328);
INSERT INTO building(id, name, level) VALUES (546, "building_artillery_foundries", 2);
INSERT INTO demand(goods_id, building_id, max_demand, current_input, level) VALUES (24, 546, 29.98889108910891, 2, 1.4514947786925072);
INSERT INTO demand(goods_id, building_id, max_demand, current_input, level) VALUES (26, 546, 19.99259405940594, 2, 2.2923886607276507);
INSERT INTO supply(goods_id, building_id, max_supply, current_output, level) VALUES (2, 546, 49.98149504950495, 2, 4.075065615395766);
INSERT INTO building(id, name, level) VALUES (547, "building_wheat_farm", 3);
INSERT INTO demand(goods_id, building_id, max_demand, current_input, level) VALUES (33, 547, 2.999098214285714, 3, 0.4637256504977681);
INSERT INTO supply(goods_id, building_id, max_supply, current_output, level) VALUES (7, 547, 14.995499999999998, 3, 2.318629633039692);
INSERT INTO supply(goods_id, building_id, max_supply, current_output, level) VALUES (37, 547, 20.993696428571425, 3, 3.246080934035228);
INSERT INTO supply(goods_id, building_id, max_supply, current_output, level) VALUES (42, 547, 14.995499999999998, 3, 2.318629633039692);
INSERT INTO building(id, name, level) VALUES (548, "building_vineyard_plantation", 1);
INSERT INTO supply(goods_id, building_id, max_supply, current_output, level) VALUES (39, 548, 19.996, 1, 21.9956);
INSERT INTO building(id, name, level) VALUES (645, "building_government_administration", 3);
INSERT INTO demand(goods_id, building_id, max_demand, current_input, level) VALUES (14, 645, 30.0, 3, 9.751450743001733);
INSERT INTO building(id, name, level) VALUES (646, "building_paper_mills", 5);
INSERT INTO demand(goods_id, building_id, max_demand, current_input, level) VALUES (10, 646, 150.0, 5, 75.77876076199469);
INSERT INTO supply(goods_id, building_id, max_supply, current_output, level) VALUES (14, 646, 200.0, 5, 101.03834768265958);
INSERT INTO building(id, name, level) VALUES (647, "building_glassworks", 5);
INSERT INTO demand(goods_id, building_id, max_demand, current_input, level) VALUES (10, 647, 150.0, 5, 75.77876076199469);
INSERT INTO demand(goods_id, building_id, max_demand, current_input, level) VALUES (21, 647, 25.0, 5, 0.0);
INSERT INTO supply(goods_id, building_id, max_supply, current_output, level) VALUES (31, 647, 50.0, 5, 12.629793460332447);
INSERT INTO supply(goods_id, building_id, max_supply, current_output, level) VALUES (35, 647, 100.0, 5, 25.259586920664894);
INSERT INTO building(id, name, level) VALUES (648, "building_textile_mills", 8);
INSERT INTO demand(goods_id, building_id, max_demand, current_input, level) VALUES (9, 648, 200.0, 8, 226.36850693193583);
INSERT INTO demand(goods_id, building_id, max_demand, current_input, level) VALUES (20, 648, 120.0, 8, 86.19462024631594);
INSERT INTO demand(goods_id, building_id, max_demand, current_input, level) VALUES (21, 648, 39.99999999999999, 8, 0.0);
INSERT INTO supply(goods_id, building_id, max_supply, current_output, level) VALUES (12, 648, 240.0, 8, 137.46308016421062);
INSERT INTO supply(goods_id, building_id, max_supply, current_output, level) VALUES (48, 648, 240.0, 8, 137.46308016421062);
INSERT INTO building(id, name, level) VALUES (649, "building_fishing_wharf", 4);
INSERT INTO demand(goods_id, building_id, max_demand, current_input, level) VALUES (18, 649, 20.0, 4, 14.62846989188723);
INSERT INTO supply(goods_id, building_id, max_supply, current_output, level) VALUES (8, 649, 200.0, 4, 146.2846989188723);
INSERT INTO building(id, name, level) VALUES (650, "building_silk_plantation", 6);
INSERT INTO supply(goods_id, building_id, max_supply, current_output, level) VALUES (20, 650, 119.8512, 6, 137.82888);
INSERT INTO building(id, name, level) VALUES (651, "building_wheat_farm", 2);
INSERT INTO demand(goods_id, building_id, max_demand, current_input, level) VALUES (33, 651, 2.0, 2, 0.3092433907558524);
INSERT INTO supply(goods_id, building_id, max_supply, current_output, level) VALUES (7, 651, 9.999999999999998, 2, 1.5462169537792616);
INSERT INTO supply(goods_id, building_id, max_supply, current_output, level) VALUES (37, 651, 13.999999999999998, 2, 2.1647037352909666);
INSERT INTO supply(goods_id, building_id, max_supply, current_output, level) VALUES (42, 651, 9.999999999999998, 2, 1.5462169537792616);
INSERT INTO building(id, name, level) VALUES (652, "building_vineyard_plantation", 2);
INSERT INTO supply(goods_id, building_id, max_supply, current_output, level) VALUES (39, 652, 39.99999999999999, 2, 44.4);
INSERT INTO building(id, name, level) VALUES (653, "building_port", 3);
INSERT INTO demand(goods_id, building_id, max_demand, current_input, level) VALUES (18, 653, 15.0, 3, 10.971352418915423);
INSERT INTO building(id, name, level) VALUES (799, "building_wheat_farm", 3);
INSERT INTO demand(goods_id, building_id, max_demand, current_input, level) VALUES (33, 799, 3.0, 3, 0.4638650861337786);
INSERT INTO supply(goods_id, building_id, max_supply, current_output, level) VALUES (7, 799, 15.0, 3, 2.319325430668893);
INSERT INTO supply(goods_id, building_id, max_supply, current_output, level) VALUES (37, 799, 20.999999999999996, 3, 3.2470556029364497);
INSERT INTO supply(goods_id, building_id, max_supply, current_output, level) VALUES (42, 799, 15.0, 3, 2.319325430668893);
INSERT INTO building(id, name, level) VALUES (800, "building_livestock_ranch", 2);
INSERT INTO demand(goods_id, building_id, max_demand, current_input, level) VALUES (7, 800, 5.3587938931297705, 2, 4.4811596777494405);
INSERT INTO demand(goods_id, building_id, max_demand, current_input, level) VALUES (33, 800, 5.3587938931297705, 2, 0.8285857969366025);
INSERT INTO supply(goods_id, building_id, max_supply, current_output, level) VALUES (9, 800, 10.717595419847328, 2, 5.309749256545264);
INSERT INTO supply(goods_id, building_id, max_supply, current_output, level) VALUES (36, 800, 21.435198473282444, 2, 10.619502294949752);
INSERT INTO building(id, name, level) VALUES (801, "building_logging_camp", 2);
INSERT INTO supply(goods_id, building_id, max_supply, current_output, level) VALUES (10, 801, 60.0, 2, 60.6);
INSERT INTO building(id, name, level) VALUES (802, "building_fishing_wharf", 3);
INSERT INTO demand(goods_id, building_id, max_demand, current_input, level) VALUES (18, 802, 15.0, 3, 10.971352418915423);
INSERT INTO supply(goods_id, building_id, max_supply, current_output, level) VALUES (8, 802, 150.0, 3, 109.71352418915423);
INSERT INTO building(id, name, level) VALUES (803, "building_wheat_farm", 1);
INSERT INTO demand(goods_id, building_id, max_demand, current_input, level) VALUES (33, 803, 1.0, 1, 0.1546216953779262);
INSERT INTO supply(goods_id, building_id, max_supply, current_output, level) VALUES (7, 803, 5.0, 1, 0.773108476889631);
INSERT INTO supply(goods_id, building_id, max_supply, current_output, level) VALUES (37, 803, 7.0, 1, 1.0823518676454833);
INSERT INTO supply(goods_id, building_id, max_supply, current_output, level) VALUES (42, 803, 5.0, 1, 0.773108476889631);
INSERT INTO building(id, name, level) VALUES (804, "building_vineyard_plantation", 1);
INSERT INTO supply(goods_id, building_id, max_supply, current_output, level) VALUES (39, 804, 20.0, 1, 25.0);
INSERT INTO building(id, name, level) VALUES (805, "building_port", 1);
INSERT INTO demand(goods_id, building_id, max_demand, current_input, level) VALUES (18, 805, 5.0, 1, 3.6571174729718074);
INSERT INTO building(id, name, level) VALUES (806, "building_government_administration", 4);
INSERT INTO demand(goods_id, building_id, max_demand, current_input, level) VALUES (14, 806, 40.0, 4, 13.001934324002312);
INSERT INTO building(id, name, level) VALUES (807, "building_wheat_farm", 2);
INSERT INTO demand(goods_id, building_id, max_demand, current_input, level) VALUES (33, 807, 1.944, 2, 0.3005845758146885);
INSERT INTO supply(goods_id, building_id, max_supply, current_output, level) VALUES (7, 807, 9.719999999999999, 2, 1.5029228790734424);
INSERT INTO supply(goods_id, building_id, max_supply, current_output, level) VALUES (37, 807, 13.608, 2, 2.10409203070282);
INSERT INTO supply(goods_id, building_id, max_supply, current_output, level) VALUES (42, 807, 9.719999999999999, 2, 1.5029228790734424);
INSERT INTO building(id, name, level) VALUES (808, "building_vineyard_plantation", 1);
INSERT INTO supply(goods_id, building_id, max_supply, current_output, level) VALUES (39, 808, 19.856, 1, 24.82);
INSERT INTO building(id, name, level) VALUES (809, "building_livestock_ranch", 1);
INSERT INTO demand(goods_id, building_id, max_demand, current_input, level) VALUES (7, 809, 4.2637, 1, 3.565414326256418);
INSERT INTO demand(goods_id, building_id, max_demand, current_input, level) VALUES (33, 809, 4.2637, 1, 0.6592605225828639);
INSERT INTO supply(goods_id, building_id, max_supply, current_output, level) VALUES (9, 809, 8.5274, 1, 4.224674848839282);
INSERT INTO supply(goods_id, building_id, max_supply, current_output, level) VALUES (36, 809, 17.0548, 1, 8.449349697678564);
INSERT INTO building(id, name, level) VALUES (810, "building_logging_camp", 3);
INSERT INTO demand(goods_id, building_id, max_demand, current_input, level) VALUES (33, 810, 14.991294117647058, 3, 2.3179793123797205);
INSERT INTO supply(goods_id, building_id, max_supply, current_output, level) VALUES (10, 810, 179.89559803921566, 3, 27.815762359849465);
INSERT INTO building(id, name, level) VALUES (811, "building_fishing_wharf", 2);
INSERT INTO demand(goods_id, building_id, max_demand, current_input, level) VALUES (18, 811, 9.996, 2, 7.311309251965238);
INSERT INTO supply(goods_id, building_id, max_supply, current_output, level) VALUES (8, 811, 99.96, 2, 73.11309251965237);
INSERT INTO building(id, name, level) VALUES (812, "building_port", 1);
INSERT INTO demand(goods_id, building_id, max_demand, current_input, level) VALUES (18, 812, 5.0, 1, 3.6571174729718074);
INSERT INTO building(id, name, level) VALUES (813, "building_government_administration", 2);
INSERT INTO demand(goods_id, building_id, max_demand, current_input, level) VALUES (14, 813, 20.0, 2, 6.500967162001156);
INSERT INTO building(id, name, level) VALUES (814, "building_wheat_farm", 1);
INSERT INTO demand(goods_id, building_id, max_demand, current_input, level) VALUES (33, 814, 1.0, 1, 0.1546216953779262);
INSERT INTO supply(goods_id, building_id, max_supply, current_output, level) VALUES (7, 814, 5.0, 1, 0.773108476889631);
INSERT INTO supply(goods_id, building_id, max_supply, current_output, level) VALUES (37, 814, 7.0, 1, 1.0823518676454833);
INSERT INTO supply(goods_id, building_id, max_supply, current_output, level) VALUES (42, 814, 5.0, 1, 0.773108476889631);
INSERT INTO building(id, name, level) VALUES (815, "building_livestock_ranch", 1);
INSERT INTO demand(goods_id, building_id, max_demand, current_input, level) VALUES (7, 815, 3.7166454545454544, 1, 3.107953408835556);
INSERT INTO demand(goods_id, building_id, max_demand, current_input, level) VALUES (33, 815, 3.7166454545454544, 1, 0.5746740213004813);
INSERT INTO supply(goods_id, building_id, max_supply, current_output, level) VALUES (9, 815, 7.433299999999999, 1, 3.6826319339865643);
INSERT INTO supply(goods_id, building_id, max_supply, current_output, level) VALUES (36, 815, 14.866599999999998, 1, 7.365263867973129);
INSERT INTO building(id, name, level) VALUES (816, "building_tooling_workshops", 3);
INSERT INTO demand(goods_id, building_id, max_demand, current_input, level) VALUES (10, 816, 90.0, 3, 45.46725645719682);
INSERT INTO demand(goods_id, building_id, max_demand, current_input, level) VALUES (24, 816, 60.0, 3, 2.9040649240004366);
INSERT INTO supply(goods_id, building_id, max_supply, current_output, level) VALUES (33, 816, 180.0, 3, 49.823353843197474);
INSERT INTO building(id, name, level) VALUES (817, "building_shipyards", 3);
INSERT INTO demand(goods_id, building_id, max_demand, current_input, level) VALUES (9, 817, 60.0, 3, 67.91055207958075);
INSERT INTO demand(goods_id, building_id, max_demand, current_input, level) VALUES (10, 817, 120.0, 3, 60.62300860959576);
INSERT INTO supply(goods_id, building_id, max_supply, current_output, level) VALUES (18, 817, 104.99999999999999, 3, 79.02256626669813);
INSERT INTO building(id, name, level) VALUES (818, "building_military_shipyards", 1);
INSERT INTO demand(goods_id, building_id, max_demand, current_input, level) VALUES (9, 818, 7.196, 1, 8.144738879411051);
INSERT INTO demand(goods_id, building_id, max_demand, current_input, level) VALUES (10, 818, 14.392, 1, 7.270719499244184);
INSERT INTO demand(goods_id, building_id, max_demand, current_input, level) VALUES (24, 818, 3.598, 1, 0.17414709327589284);
INSERT INTO supply(goods_id, building_id, max_supply, current_output, level) VALUES (5, 818, 12.593, 1, 6.521464796101429);
INSERT INTO building(id, name, level) VALUES (819, "building_fishing_wharf", 4);
INSERT INTO demand(goods_id, building_id, max_demand, current_input, level) VALUES (18, 819, 20.0, 4, 14.62846989188723);
INSERT INTO supply(goods_id, building_id, max_supply, current_output, level) VALUES (8, 819, 200.0, 4, 146.2846989188723);
INSERT INTO building(id, name, level) VALUES (820, "building_port", 3);
INSERT INTO demand(goods_id, building_id, max_demand, current_input, level) VALUES (18, 820, 15.0, 3, 10.971352418915423);
INSERT INTO building(id, name, level) VALUES (823, "building_port", 2);
INSERT INTO building(id, name, level) VALUES (973, "building_government_administration", 5);
INSERT INTO demand(goods_id, building_id, max_demand, current_input, level) VALUES (14, 973, 50.0, 5, 16.252417905002886);
INSERT INTO building(id, name, level) VALUES (974, "building_rye_farm", 2);
INSERT INTO demand(goods_id, building_id, max_demand, current_input, level) VALUES (33, 974, 2.0, 2, 0.3092433907558524);
INSERT INTO supply(goods_id, building_id, max_supply, current_output, level) VALUES (7, 974, 9.999999999999998, 2, 1.5462169537792616);
INSERT INTO supply(goods_id, building_id, max_supply, current_output, level) VALUES (38, 974, 29.999999999999996, 2, 4.638650861337785);
INSERT INTO building(id, name, level) VALUES (975, "building_livestock_ranch", 1);
INSERT INTO demand(goods_id, building_id, max_demand, current_input, level) VALUES (7, 975, 5.0, 1, 4.1811271035209066);
INSERT INTO demand(goods_id, building_id, max_demand, current_input, level) VALUES (33, 975, 5.0, 1, 0.773108476889631);
INSERT INTO supply(goods_id, building_id, max_supply, current_output, level) VALUES (9, 975, 10.0, 1, 4.954235580410538);
INSERT INTO supply(goods_id, building_id, max_supply, current_output, level) VALUES (36, 975, 20.0, 1, 9.908471160821076);
INSERT INTO building(id, name, level) VALUES (979, "building_government_administration", 3);
INSERT INTO demand(goods_id, building_id, max_demand, current_input, level) VALUES (14, 979, 30.0, 3, 9.751450743001733);
INSERT INTO building(id, name, level) VALUES (980, "building_wheat_farm", 2);
INSERT INTO demand(goods_id, building_id, max_demand, current_input, level) VALUES (33, 980, 2.0, 2, 0.3092433907558524);
INSERT INTO supply(goods_id, building_id, max_supply, current_output, level) VALUES (7, 980, 9.999999999999998, 2, 1.5462169537792616);
INSERT INTO supply(goods_id, building_id, max_supply, current_output, level) VALUES (37, 980, 13.999999999999998, 2, 2.1647037352909666);
INSERT INTO supply(goods_id, building_id, max_supply, current_output, level) VALUES (42, 980, 9.999999999999998, 2, 1.5462169537792616);
INSERT INTO building(id, name, level) VALUES (981, "building_livestock_ranch", 2);
INSERT INTO demand(goods_id, building_id, max_demand, current_input, level) VALUES (7, 981, 9.999999999999998, 2, 8.362254207041811);
INSERT INTO supply(goods_id, building_id, max_supply, current_output, level) VALUES (9, 981, 19.999999999999996, 2, 16.724508414083623);
INSERT INTO supply(goods_id, building_id, max_supply, current_output, level) VALUES (36, 981, 19.999999999999996, 2, 16.724508414083623);
INSERT INTO building(id, name, level) VALUES (982, "building_government_administration", 5);
INSERT INTO demand(goods_id, building_id, max_demand, current_input, level) VALUES (14, 982, 50.0, 5, 16.252417905002886);
INSERT INTO building(id, name, level) VALUES (983, "building_construction_sector", 1);
INSERT INTO demand(goods_id, building_id, max_demand, current_input, level) VALUES (9, 983, 19.8158, 1, 22.42836529830927);
INSERT INTO demand(goods_id, building_id, max_demand, current_input, level) VALUES (10, 983, 39.6316, 1, 20.02155690010046);
INSERT INTO demand(goods_id, building_id, max_demand, current_input, level) VALUES (24, 983, 49.5395, 1, 2.3977654050419934);
INSERT INTO demand(goods_id, building_id, max_demand, current_input, level) VALUES (33, 983, 9.9079, 1, 1.5319762956349547);
INSERT INTO building(id, name, level) VALUES (984, "building_iron_mine", 2);
INSERT INTO demand(goods_id, building_id, max_demand, current_input, level) VALUES (23, 984, 19.98679207920792, 2, 1.616365893105074);
INSERT INTO demand(goods_id, building_id, max_demand, current_input, level) VALUES (33, 984, 19.98679207920792, 2, 3.090391676453235);
INSERT INTO supply(goods_id, building_id, max_supply, current_output, level) VALUES (24, 984, 79.94719801980197, 2, 9.413518636543312);
INSERT INTO building(id, name, level) VALUES (985, "building_food_industry", 3);
INSERT INTO demand(goods_id, building_id, max_demand, current_input, level) VALUES (7, 985, 120.0, 3, 100.34705048450175);
INSERT INTO demand(goods_id, building_id, max_demand, current_input, level) VALUES (42, 985, 120.0, 3, 7.523039908529762);
INSERT INTO supply(goods_id, building_id, max_supply, current_output, level) VALUES (11, 985, 104.99999999999999, 3, 47.19316454695128);
INSERT INTO supply(goods_id, building_id, max_supply, current_output, level) VALUES (38, 985, 180.0, 3, 80.90256779477363);
INSERT INTO building(id, name, level) VALUES (986, "building_wheat_farm", 3);
INSERT INTO demand(goods_id, building_id, max_demand, current_input, level) VALUES (33, 986, 2.9993032786885245, 3, 0.4637573579033923);
INSERT INTO supply(goods_id, building_id, max_supply, current_output, level) VALUES (7, 986, 14.99654918032787, 3, 2.318791859080745);
INSERT INTO supply(goods_id, building_id, max_supply, current_output, level) VALUES (37, 986, 20.99516393442623, 3, 3.246307842278475);
INSERT INTO supply(goods_id, building_id, max_supply, current_output, level) VALUES (42, 986, 14.99654918032787, 3, 2.318791859080745);
INSERT INTO building(id, name, level) VALUES (987, "building_vineyard_plantation", 3);
INSERT INTO supply(goods_id, building_id, max_supply, current_output, level) VALUES (39, 987, 59.98800000000001, 3, 73.18536);
INSERT INTO building(id, name, level) VALUES (988, "building_livestock_ranch", 3);
INSERT INTO demand(goods_id, building_id, max_demand, current_input, level) VALUES (7, 988, 13.17044262295082, 3, 11.01345892323733);
INSERT INTO demand(goods_id, building_id, max_demand, current_input, level) VALUES (33, 988, 13.17044262295082, 3, 2.0364361672383566);
INSERT INTO supply(goods_id, building_id, max_supply, current_output, level) VALUES (9, 988, 26.340893442622953, 3, 13.049899151324523);
INSERT INTO supply(goods_id, building_id, max_supply, current_output, level) VALUES (36, 988, 52.68179508196721, 3, 26.09980236349788);
INSERT INTO building(id, name, level) VALUES (989, "building_wheat_farm", 2);
INSERT INTO demand(goods_id, building_id, max_demand, current_input, level) VALUES (33, 989, 1.2208760330578512, 2, 0.188773922077682);
INSERT INTO supply(goods_id, building_id, max_supply, current_output, level) VALUES (7, 989, 6.104396694214876, 2, 0.9438721661189122);
INSERT INTO supply(goods_id, building_id, max_supply, current_output, level) VALUES (37, 989, 8.546157024793388, 2, 1.3214212881395273);
INSERT INTO supply(goods_id, building_id, max_supply, current_output, level) VALUES (42, 989, 6.104396694214876, 2, 0.9438721661189122);
INSERT INTO building(id, name, level) VALUES (990, "building_livestock_ranch", 2);
INSERT INTO demand(goods_id, building_id, max_demand, current_input, level) VALUES (7, 990, 8.294099173553718, 2, 6.935736570767161);
INSERT INTO demand(goods_id, building_id, max_demand, current_input, level) VALUES (33, 990, 8.294099173553718, 2, 1.2824476758475323);
INSERT INTO supply(goods_id, building_id, max_supply, current_output, level) VALUES (9, 990, 16.588198347107436, 2, 8.218184246614692);
INSERT INTO supply(goods_id, building_id, max_supply, current_output, level) VALUES (36, 990, 33.17639669421487, 2, 16.436368493229384);
INSERT INTO building(id, name, level) VALUES (991, "building_food_industry", 2);
INSERT INTO demand(goods_id, building_id, max_demand, current_input, level) VALUES (7, 991, 79.85439603960396, 2, 66.77627592329613);
INSERT INTO demand(goods_id, building_id, max_demand, current_input, level) VALUES (42, 991, 79.85439603960396, 2, 5.006231735645679);
INSERT INTO supply(goods_id, building_id, max_supply, current_output, level) VALUES (11, 991, 69.87259405940594, 2, 31.404845988265482);
INSERT INTO supply(goods_id, building_id, max_supply, current_output, level) VALUES (38, 991, 119.78159405940595, 2, 53.83688074420636);
INSERT INTO building(id, name, level) VALUES (992, "building_wheat_farm", 1);
INSERT INTO demand(goods_id, building_id, max_demand, current_input, level) VALUES (33, 992, 0.9977666666666667, 1, 0.15427637359158217);
INSERT INTO supply(goods_id, building_id, max_supply, current_output, level) VALUES (7, 992, 4.98885, 1, 0.7713844449861671);
INSERT INTO supply(goods_id, building_id, max_supply, current_output, level) VALUES (37, 992, 6.984383333333333, 1, 1.0799371921693313);
INSERT INTO supply(goods_id, building_id, max_supply, current_output, level) VALUES (42, 992, 4.98885, 1, 0.7713844449861671);
INSERT INTO building(id, name, level) VALUES (993, "building_vineyard_plantation", 3);
INSERT INTO supply(goods_id, building_id, max_supply, current_output, level) VALUES (39, 993, 50.28, 3, 61.3416);
INSERT INTO building(id, name, level) VALUES (994, "building_livestock_ranch", 3);
INSERT INTO demand(goods_id, building_id, max_demand, current_input, level) VALUES (7, 994, 9.752844262295081, 3, 8.155576296300065);
INSERT INTO demand(goods_id, building_id, max_demand, current_input, level) VALUES (33, 994, 9.752844262295081, 3, 1.5080013145929454);
INSERT INTO supply(goods_id, building_id, max_supply, current_output, level) VALUES (9, 994, 19.505696721311477, 3, 9.663581671741849);
INSERT INTO supply(goods_id, building_id, max_supply, current_output, level) VALUES (36, 994, 39.01139344262295, 3, 19.327163343483697);
INSERT INTO building(id, name, level) VALUES (995, "building_wheat_farm", 1);
INSERT INTO demand(goods_id, building_id, max_demand, current_input, level) VALUES (33, 995, 1.0, 1, 0.1546216953779262);
INSERT INTO supply(goods_id, building_id, max_supply, current_output, level) VALUES (7, 995, 5.0, 1, 0.773108476889631);
INSERT INTO supply(goods_id, building_id, max_supply, current_output, level) VALUES (37, 995, 7.000000000000001, 1, 1.0823518676454835);
INSERT INTO supply(goods_id, building_id, max_supply, current_output, level) VALUES (42, 995, 5.0, 1, 0.773108476889631);
INSERT INTO building(id, name, level) VALUES (996, "building_livestock_ranch", 3);
INSERT INTO demand(goods_id, building_id, max_demand, current_input, level) VALUES (7, 996, 15.000000000000002, 3, 12.54338131056272);
INSERT INTO supply(goods_id, building_id, max_supply, current_output, level) VALUES (9, 996, 30.000000000000004, 3, 25.08676262112544);
INSERT INTO supply(goods_id, building_id, max_supply, current_output, level) VALUES (36, 996, 30.000000000000004, 3, 25.08676262112544);
INSERT INTO building(id, name, level) VALUES (997, "building_wheat_farm", 3);
INSERT INTO demand(goods_id, building_id, max_demand, current_input, level) VALUES (33, 997, 2.973532786885246, 3, 0.45977268077004646);
INSERT INTO supply(goods_id, building_id, max_supply, current_output, level) VALUES (7, 997, 14.867696721311477, 3, 2.2988684734140152);
INSERT INTO supply(goods_id, building_id, max_supply, current_output, level) VALUES (37, 997, 20.81477868852459, 3, 3.2184163697359995);
INSERT INTO supply(goods_id, building_id, max_supply, current_output, level) VALUES (42, 997, 14.867696721311477, 3, 2.2988684734140152);
INSERT INTO building(id, name, level) VALUES (998, "building_livestock_ranch", 4);
INSERT INTO demand(goods_id, building_id, max_demand, current_input, level) VALUES (7, 998, 20.0, 4, 16.724508414083626);
INSERT INTO supply(goods_id, building_id, max_supply, current_output, level) VALUES (9, 998, 40.0, 4, 33.44901682816725);
INSERT INTO supply(goods_id, building_id, max_supply, current_output, level) VALUES (36, 998, 40.0, 4, 33.44901682816725);
INSERT INTO building(id, name, level) VALUES (999, "building_government_administration", 3);
INSERT INTO demand(goods_id, building_id, max_demand, current_input, level) VALUES (14, 999, 30.0, 3, 9.751450743001733);
INSERT INTO building(id, name, level) VALUES (1000, "building_furniture_manufacturies", 2);
INSERT INTO demand(goods_id, building_id, max_demand, current_input, level) VALUES (9, 1000, 20.0, 2, 22.636850693193587);
INSERT INTO demand(goods_id, building_id, max_demand, current_input, level) VALUES (10, 1000, 30.0, 2, 15.15575215239894);
INSERT INTO demand(goods_id, building_id, max_demand, current_input, level) VALUES (26, 1000, 30.0, 2, 3.4398567598322463);
INSERT INTO demand(goods_id, building_id, max_demand, current_input, level) VALUES (33, 1000, 10.0, 2, 1.546216953779262);
INSERT INTO supply(goods_id, building_id, max_supply, current_output, level) VALUES (13, 1000, 80.0, 2, 35.48950651571265);
INSERT INTO supply(goods_id, building_id, max_supply, current_output, level) VALUES (49, 1000, 50.0, 2, 22.180941572320407);
INSERT INTO building(id, name, level) VALUES (1001, "building_iron_mine", 1);
INSERT INTO demand(goods_id, building_id, max_demand, current_input, level) VALUES (23, 1001, 10.0, 1, 0.8087170200697515);
INSERT INTO demand(goods_id, building_id, max_demand, current_input, level) VALUES (33, 1001, 10.0, 1, 1.546216953779262);
INSERT INTO supply(goods_id, building_id, max_supply, current_output, level) VALUES (24, 1001, 40.0, 1, 4.709867947698027);
INSERT INTO building(id, name, level) VALUES (1002, "building_wheat_farm", 2);
INSERT INTO demand(goods_id, building_id, max_demand, current_input, level) VALUES (33, 1002, 2.0, 2, 0.3092433907558524);
INSERT INTO supply(goods_id, building_id, max_supply, current_output, level) VALUES (7, 1002, 9.999999999999998, 2, 1.5462169537792616);
INSERT INTO supply(goods_id, building_id, max_supply, current_output, level) VALUES (37, 1002, 13.999999999999998, 2, 2.1647037352909666);
INSERT INTO supply(goods_id, building_id, max_supply, current_output, level) VALUES (42, 1002, 9.999999999999998, 2, 1.5462169537792616);
INSERT INTO building(id, name, level) VALUES (1003, "building_wheat_farm", 1);
INSERT INTO demand(goods_id, building_id, max_demand, current_input, level) VALUES (33, 1003, 1.0, 1, 0.1546216953779262);
INSERT INTO supply(goods_id, building_id, max_supply, current_output, level) VALUES (7, 1003, 5.0, 1, 0.773108476889631);
INSERT INTO supply(goods_id, building_id, max_supply, current_output, level) VALUES (37, 1003, 7.0, 1, 1.0823518676454833);
INSERT INTO supply(goods_id, building_id, max_supply, current_output, level) VALUES (42, 1003, 5.0, 1, 0.773108476889631);
INSERT INTO building(id, name, level) VALUES (1004, "building_logging_camp", 3);
INSERT INTO demand(goods_id, building_id, max_demand, current_input, level) VALUES (33, 1004, 15.0, 3, 2.319325430668893);
INSERT INTO supply(goods_id, building_id, max_supply, current_output, level) VALUES (10, 1004, 180.0, 3, 27.831905168026715);
INSERT INTO building(id, name, level) VALUES (1005, "building_wheat_farm", 1);
INSERT INTO supply(goods_id, building_id, max_supply, current_output, level) VALUES (7, 1005, 5.0, 1, 5.5);
INSERT INTO supply(goods_id, building_id, max_supply, current_output, level) VALUES (37, 1005, 7.0, 1, 7.7);
INSERT INTO supply(goods_id, building_id, max_supply, current_output, level) VALUES (42, 1005, 5.0, 1, 5.5);
INSERT INTO building(id, name, level) VALUES (1006, "building_silk_plantation", 1);
INSERT INTO supply(goods_id, building_id, max_supply, current_output, level) VALUES (20, 1006, 20.0, 1, 22.0);
INSERT INTO building(id, name, level) VALUES (1007, "building_logging_camp", 5);
INSERT INTO demand(goods_id, building_id, max_demand, current_input, level) VALUES (33, 1007, 25.0, 5, 3.8655423844481547);
INSERT INTO supply(goods_id, building_id, max_supply, current_output, level) VALUES (10, 1007, 300.0, 5, 46.386508613377856);
INSERT INTO building(id, name, level) VALUES (1008, "building_iron_mine", 2);
INSERT INTO demand(goods_id, building_id, max_demand, current_input, level) VALUES (23, 1008, 20.0, 2, 1.617434040139503);
INSERT INTO demand(goods_id, building_id, max_demand, current_input, level) VALUES (33, 1008, 20.0, 2, 3.092433907558524);
INSERT INTO supply(goods_id, building_id, max_supply, current_output, level) VALUES (24, 1008, 80.0, 2, 9.419735895396053);
INSERT INTO building(id, name, level) VALUES (1009, "building_government_administration", 2);
INSERT INTO demand(goods_id, building_id, max_demand, current_input, level) VALUES (14, 1009, 20.0, 2, 6.500967162001156);
INSERT INTO building(id, name, level) VALUES (1010, "building_furniture_manufacturies", 1);
INSERT INTO demand(goods_id, building_id, max_demand, current_input, level) VALUES (9, 1010, 10.0, 1, 11.318425346596793);
INSERT INTO demand(goods_id, building_id, max_demand, current_input, level) VALUES (10, 1010, 15.0, 1, 7.57787607619947);
INSERT INTO demand(goods_id, building_id, max_demand, current_input, level) VALUES (26, 1010, 15.0, 1, 1.7199283799161231);
INSERT INTO supply(goods_id, building_id, max_supply, current_output, level) VALUES (13, 1010, 20.0, 1, 10.79902420271804);
INSERT INTO supply(goods_id, building_id, max_supply, current_output, level) VALUES (49, 1010, 25.0, 1, 13.498780253397552);
INSERT INTO building(id, name, level) VALUES (1011, "building_logging_camp", 3);
INSERT INTO demand(goods_id, building_id, max_demand, current_input, level) VALUES (33, 1011, 15.0, 3, 2.319325430668893);
INSERT INTO supply(goods_id, building_id, max_supply, current_output, level) VALUES (10, 1011, 60.0, 3, 9.277301722675572);
INSERT INTO supply(goods_id, building_id, max_supply, current_output, level) VALUES (26, 1011, 60.0, 3, 9.277301722675572);
INSERT INTO building(id, name, level) VALUES (1012, "building_wheat_farm", 1);
INSERT INTO demand(goods_id, building_id, max_demand, current_input, level) VALUES (33, 1012, 1.0, 1, 0.1546216953779262);
INSERT INTO supply(goods_id, building_id, max_supply, current_output, level) VALUES (7, 1012, 5.0, 1, 0.773108476889631);
INSERT INTO supply(goods_id, building_id, max_supply, current_output, level) VALUES (37, 1012, 7.0, 1, 1.0823518676454833);
INSERT INTO supply(goods_id, building_id, max_supply, current_output, level) VALUES (42, 1012, 5.0, 1, 0.773108476889631);
INSERT INTO building(id, name, level) VALUES (1013, "building_livestock_ranch", 1);
INSERT INTO demand(goods_id, building_id, max_demand, current_input, level) VALUES (7, 1013, 5.0, 1, 4.1811271035209066);
INSERT INTO demand(goods_id, building_id, max_demand, current_input, level) VALUES (33, 1013, 5.0, 1, 0.773108476889631);
INSERT INTO supply(goods_id, building_id, max_supply, current_output, level) VALUES (9, 1013, 10.0, 1, 4.954235580410538);
INSERT INTO supply(goods_id, building_id, max_supply, current_output, level) VALUES (36, 1013, 20.0, 1, 9.908471160821076);
INSERT INTO building(id, name, level) VALUES (1014, "building_wheat_farm", 1);
INSERT INTO demand(goods_id, building_id, max_demand, current_input, level) VALUES (33, 1014, 0.28843846153846153, 1, 0.04459884393527768);
INSERT INTO supply(goods_id, building_id, max_supply, current_output, level) VALUES (7, 1014, 1.4422, 1, 0.22299540907404514);
INSERT INTO supply(goods_id, building_id, max_supply, current_output, level) VALUES (37, 1014, 2.019076923076923, 1, 0.3121930969446005);
INSERT INTO supply(goods_id, building_id, max_supply, current_output, level) VALUES (42, 1014, 1.4422, 1, 0.22299540907404514);
INSERT INTO building(id, name, level) VALUES (1015, "building_vineyard_plantation", 1);
INSERT INTO supply(goods_id, building_id, max_supply, current_output, level) VALUES (39, 1015, 20.0, 1, 26.0);
INSERT INTO building(id, name, level) VALUES (1016, "building_livestock_ranch", 2);
INSERT INTO demand(goods_id, building_id, max_demand, current_input, level) VALUES (7, 1016, 7.5126946564885495, 2, 6.282306249744193);
INSERT INTO demand(goods_id, building_id, max_demand, current_input, level) VALUES (33, 1016, 7.5126946564885495, 2, 1.1616255846429464);
INSERT INTO supply(goods_id, building_id, max_supply, current_output, level) VALUES (9, 1016, 15.025396946564886, 2, 7.44393561624636);
INSERT INTO supply(goods_id, building_id, max_supply, current_output, level) VALUES (36, 1016, 30.05079389312977, 2, 14.88787123249272);
INSERT INTO building(id, name, level) VALUES (1017, "building_logging_camp", 2);
INSERT INTO demand(goods_id, building_id, max_demand, current_input, level) VALUES (33, 1017, 9.98359405940594, 2, 1.5436802394303388);
INSERT INTO supply(goods_id, building_id, max_supply, current_output, level) VALUES (10, 1017, 39.93439603960396, 2, 6.174724019537106);
INSERT INTO supply(goods_id, building_id, max_supply, current_output, level) VALUES (26, 1017, 39.93439603960396, 2, 6.174724019537106);
INSERT INTO building(id, name, level) VALUES (2726, "building_subsistence_farms", 60);
INSERT INTO supply(goods_id, building_id, max_supply, current_output, level) VALUES (7, 2726, 118.46159999999999, 60, 130.30776);
INSERT INTO supply(goods_id, building_id, max_supply, current_output, level) VALUES (9, 2726, 29.615399999999998, 60, 32.57694);
INSERT INTO supply(goods_id, building_id, max_supply, current_output, level) VALUES (10, 2726, 29.615399999999998, 60, 32.57694);
INSERT INTO supply(goods_id, building_id, max_supply, current_output, level) VALUES (12, 2726, 29.615399999999998, 60, 32.57694);
INSERT INTO supply(goods_id, building_id, max_supply, current_output, level) VALUES (13, 2726, 29.615399999999998, 60, 32.57694);
INSERT INTO supply(goods_id, building_id, max_supply, current_output, level) VALUES (15, 2726, 29.615399999999998, 60, 32.57694);
INSERT INTO supply(goods_id, building_id, max_supply, current_output, level) VALUES (38, 2726, 29.615399999999998, 60, 32.57694);
INSERT INTO building(id, name, level) VALUES (2727, "building_urban_center", 6);
INSERT INTO demand(goods_id, building_id, max_demand, current_input, level) VALUES (10, 2727, 6.0, 6, 3.031150430479788);
INSERT INTO demand(goods_id, building_id, max_demand, current_input, level) VALUES (31, 2727, 6.0, 6, 1.5669515626286545);
INSERT INTO supply(goods_id, building_id, max_supply, current_output, level) VALUES (15, 2727, 120.0, 6, 45.981019931084425);
INSERT INTO supply(goods_id, building_id, max_supply, current_output, level) VALUES (16, 2727, 30.0, 6, 11.495254982771106);
INSERT INTO building(id, name, level) VALUES (2848, "building_subsistence_farms", 47);
INSERT INTO supply(goods_id, building_id, max_supply, current_output, level) VALUES (7, 2848, 93.51683636363636, 47, 102.86852);
INSERT INTO supply(goods_id, building_id, max_supply, current_output, level) VALUES (9, 2848, 23.37920909090909, 47, 25.71713);
INSERT INTO supply(goods_id, building_id, max_supply, current_output, level) VALUES (10, 2848, 23.37920909090909, 47, 25.71713);
INSERT INTO supply(goods_id, building_id, max_supply, current_output, level) VALUES (12, 2848, 23.37920909090909, 47, 25.71713);
INSERT INTO supply(goods_id, building_id, max_supply, current_output, level) VALUES (13, 2848, 23.37920909090909, 47, 25.71713);
INSERT INTO supply(goods_id, building_id, max_supply, current_output, level) VALUES (15, 2848, 23.37920909090909, 47, 25.71713);
INSERT INTO supply(goods_id, building_id, max_supply, current_output, level) VALUES (38, 2848, 23.37920909090909, 47, 25.71713);
INSERT INTO building(id, name, level) VALUES (2850, "building_subsistence_farms", 48);
INSERT INTO supply(goods_id, building_id, max_supply, current_output, level) VALUES (7, 2850, 95.05823636363635, 48, 104.56406);
INSERT INTO supply(goods_id, building_id, max_supply, current_output, level) VALUES (9, 2850, 23.764554545454544, 48, 26.14101);
INSERT INTO supply(goods_id, building_id, max_supply, current_output, level) VALUES (10, 2850, 23.764554545454544, 48, 26.14101);
INSERT INTO supply(goods_id, building_id, max_supply, current_output, level) VALUES (12, 2850, 23.764554545454544, 48, 26.14101);
INSERT INTO supply(goods_id, building_id, max_supply, current_output, level) VALUES (13, 2850, 23.764554545454544, 48, 26.14101);
INSERT INTO supply(goods_id, building_id, max_supply, current_output, level) VALUES (15, 2850, 23.764554545454544, 48, 26.14101);
INSERT INTO supply(goods_id, building_id, max_supply, current_output, level) VALUES (38, 2850, 23.764554545454544, 48, 26.14101);
INSERT INTO building(id, name, level) VALUES (2851, "building_subsistence_farms", 20);
INSERT INTO supply(goods_id, building_id, max_supply, current_output, level) VALUES (7, 2851, 33.516, 20, 43.5708);
INSERT INTO supply(goods_id, building_id, max_supply, current_output, level) VALUES (9, 2851, 8.379, 20, 10.8927);
INSERT INTO supply(goods_id, building_id, max_supply, current_output, level) VALUES (10, 2851, 8.379, 20, 10.8927);
INSERT INTO supply(goods_id, building_id, max_supply, current_output, level) VALUES (12, 2851, 8.379, 20, 10.8927);
INSERT INTO supply(goods_id, building_id, max_supply, current_output, level) VALUES (13, 2851, 8.379, 20, 10.8927);
INSERT INTO supply(goods_id, building_id, max_supply, current_output, level) VALUES (15, 2851, 8.379, 20, 10.8927);
INSERT INTO supply(goods_id, building_id, max_supply, current_output, level) VALUES (38, 2851, 8.379, 20, 10.8927);
INSERT INTO building(id, name, level) VALUES (3459, "building_subsistence_farms", 1);
INSERT INTO supply(goods_id, building_id, max_supply, current_output, level) VALUES (7, 3459, 2.0, 1, 2.5);
INSERT INTO supply(goods_id, building_id, max_supply, current_output, level) VALUES (9, 3459, 0.5, 1, 0.625);
INSERT INTO supply(goods_id, building_id, max_supply, current_output, level) VALUES (10, 3459, 0.5, 1, 0.625);
INSERT INTO supply(goods_id, building_id, max_supply, current_output, level) VALUES (12, 3459, 0.5, 1, 0.625);
INSERT INTO supply(goods_id, building_id, max_supply, current_output, level) VALUES (13, 3459, 0.5, 1, 0.625);
INSERT INTO supply(goods_id, building_id, max_supply, current_output, level) VALUES (15, 3459, 0.5, 1, 0.625);
INSERT INTO supply(goods_id, building_id, max_supply, current_output, level) VALUES (38, 3459, 0.5, 1, 0.625);
INSERT INTO building(id, name, level) VALUES (3656, "building_subsistence_farms", 128);
INSERT INTO supply(goods_id, building_id, max_supply, current_output, level) VALUES (7, 3656, 236.33919999999998, 128, 259.97312);
INSERT INTO supply(goods_id, building_id, max_supply, current_output, level) VALUES (9, 3656, 59.084799999999994, 128, 64.99328);
INSERT INTO supply(goods_id, building_id, max_supply, current_output, level) VALUES (10, 3656, 59.084799999999994, 128, 64.99328);
INSERT INTO supply(goods_id, building_id, max_supply, current_output, level) VALUES (12, 3656, 59.084799999999994, 128, 64.99328);
INSERT INTO supply(goods_id, building_id, max_supply, current_output, level) VALUES (13, 3656, 59.084799999999994, 128, 64.99328);
INSERT INTO supply(goods_id, building_id, max_supply, current_output, level) VALUES (15, 3656, 59.084799999999994, 128, 64.99328);
INSERT INTO supply(goods_id, building_id, max_supply, current_output, level) VALUES (38, 3656, 59.084799999999994, 128, 64.99328);
INSERT INTO building(id, name, level) VALUES (3657, "building_urban_center", 1);
INSERT INTO demand(goods_id, building_id, max_demand, current_input, level) VALUES (10, 3657, 1.0, 1, 0.505191738413298);
INSERT INTO demand(goods_id, building_id, max_demand, current_input, level) VALUES (31, 3657, 1.0, 1, 0.2611585937714424);
INSERT INTO supply(goods_id, building_id, max_supply, current_output, level) VALUES (15, 3657, 20.0, 1, 7.663503321847404);
INSERT INTO supply(goods_id, building_id, max_supply, current_output, level) VALUES (16, 3657, 5.0, 1, 1.915875830461851);
INSERT INTO building(id, name, level) VALUES (3659, "building_subsistence_farms", 141);
INSERT INTO supply(goods_id, building_id, max_supply, current_output, level) VALUES (7, 3659, 281.2414181818182, 141, 309.36556);
INSERT INTO supply(goods_id, building_id, max_supply, current_output, level) VALUES (9, 3659, 70.31035454545454, 141, 77.34139);
INSERT INTO supply(goods_id, building_id, max_supply, current_output, level) VALUES (10, 3659, 70.31035454545454, 141, 77.34139);
INSERT INTO supply(goods_id, building_id, max_supply, current_output, level) VALUES (12, 3659, 70.31035454545454, 141, 77.34139);
INSERT INTO supply(goods_id, building_id, max_supply, current_output, level) VALUES (13, 3659, 70.31035454545454, 141, 77.34139);
INSERT INTO supply(goods_id, building_id, max_supply, current_output, level) VALUES (15, 3659, 70.31035454545454, 141, 77.34139);
INSERT INTO supply(goods_id, building_id, max_supply, current_output, level) VALUES (38, 3659, 70.31035454545454, 141, 77.34139);
INSERT INTO building(id, name, level) VALUES (3660, "building_subsistence_farms", 103);
INSERT INTO supply(goods_id, building_id, max_supply, current_output, level) VALUES (7, 3660, 205.6456727272727, 103, 226.21024);
INSERT INTO supply(goods_id, building_id, max_supply, current_output, level) VALUES (9, 3660, 51.41141818181818, 103, 56.55256);
INSERT INTO supply(goods_id, building_id, max_supply, current_output, level) VALUES (10, 3660, 51.41141818181818, 103, 56.55256);
INSERT INTO supply(goods_id, building_id, max_supply, current_output, level) VALUES (12, 3660, 51.41141818181818, 103, 56.55256);
INSERT INTO supply(goods_id, building_id, max_supply, current_output, level) VALUES (13, 3660, 51.41141818181818, 103, 56.55256);
INSERT INTO supply(goods_id, building_id, max_supply, current_output, level) VALUES (15, 3660, 51.41141818181818, 103, 56.55256);
INSERT INTO supply(goods_id, building_id, max_supply, current_output, level) VALUES (38, 3660, 51.41141818181818, 103, 56.55256);
INSERT INTO building(id, name, level) VALUES (3661, "building_urban_center", 1);
INSERT INTO demand(goods_id, building_id, max_demand, current_input, level) VALUES (10, 3661, 1.0, 1, 0.505191738413298);
INSERT INTO demand(goods_id, building_id, max_demand, current_input, level) VALUES (31, 3661, 1.0, 1, 0.2611585937714424);
INSERT INTO supply(goods_id, building_id, max_supply, current_output, level) VALUES (15, 3661, 20.0, 1, 7.663503321847404);
INSERT INTO supply(goods_id, building_id, max_supply, current_output, level) VALUES (16, 3661, 5.0, 1, 1.915875830461851);
INSERT INTO building(id, name, level) VALUES (3662, "building_subsistence_farms", 69);
INSERT INTO supply(goods_id, building_id, max_supply, current_output, level) VALUES (7, 3662, 137.91581818181817, 69, 151.7074);
INSERT INTO supply(goods_id, building_id, max_supply, current_output, level) VALUES (9, 3662, 34.47895454545454, 69, 37.92685);
INSERT INTO supply(goods_id, building_id, max_supply, current_output, level) VALUES (10, 3662, 34.47895454545454, 69, 37.92685);
INSERT INTO supply(goods_id, building_id, max_supply, current_output, level) VALUES (12, 3662, 34.47895454545454, 69, 37.92685);
INSERT INTO supply(goods_id, building_id, max_supply, current_output, level) VALUES (13, 3662, 34.47895454545454, 69, 37.92685);
INSERT INTO supply(goods_id, building_id, max_supply, current_output, level) VALUES (15, 3662, 34.47895454545454, 69, 37.92685);
INSERT INTO supply(goods_id, building_id, max_supply, current_output, level) VALUES (38, 3662, 34.47895454545454, 69, 37.92685);
INSERT INTO building(id, name, level) VALUES (3663, "building_subsistence_farms", 18);
INSERT INTO supply(goods_id, building_id, max_supply, current_output, level) VALUES (7, 3663, 34.17192, 18, 42.7149);
INSERT INTO supply(goods_id, building_id, max_supply, current_output, level) VALUES (9, 3663, 8.542976, 18, 10.67872);
INSERT INTO supply(goods_id, building_id, max_supply, current_output, level) VALUES (10, 3663, 8.542976, 18, 10.67872);
INSERT INTO supply(goods_id, building_id, max_supply, current_output, level) VALUES (12, 3663, 8.542976, 18, 10.67872);
INSERT INTO supply(goods_id, building_id, max_supply, current_output, level) VALUES (13, 3663, 8.542976, 18, 10.67872);
INSERT INTO supply(goods_id, building_id, max_supply, current_output, level) VALUES (15, 3663, 8.542976, 18, 10.67872);
INSERT INTO supply(goods_id, building_id, max_supply, current_output, level) VALUES (38, 3663, 8.542976, 18, 10.67872);
INSERT INTO building(id, name, level) VALUES (3664, "building_subsistence_farms", 31);
INSERT INTO supply(goods_id, building_id, max_supply, current_output, level) VALUES (7, 3664, 61.952256, 31, 77.44032);
INSERT INTO supply(goods_id, building_id, max_supply, current_output, level) VALUES (9, 3664, 15.488064, 31, 19.36008);
INSERT INTO supply(goods_id, building_id, max_supply, current_output, level) VALUES (10, 3664, 15.488064, 31, 19.36008);
INSERT INTO supply(goods_id, building_id, max_supply, current_output, level) VALUES (12, 3664, 15.488064, 31, 19.36008);
INSERT INTO supply(goods_id, building_id, max_supply, current_output, level) VALUES (13, 3664, 15.488064, 31, 19.36008);
INSERT INTO supply(goods_id, building_id, max_supply, current_output, level) VALUES (15, 3664, 15.488064, 31, 19.36008);
INSERT INTO supply(goods_id, building_id, max_supply, current_output, level) VALUES (38, 3664, 15.488064, 31, 19.36008);
INSERT INTO building(id, name, level) VALUES (3665, "building_urban_center", 1);
INSERT INTO demand(goods_id, building_id, max_demand, current_input, level) VALUES (10, 3665, 1.0, 1, 0.505191738413298);
INSERT INTO demand(goods_id, building_id, max_demand, current_input, level) VALUES (31, 3665, 1.0, 1, 0.2611585937714424);
INSERT INTO supply(goods_id, building_id, max_supply, current_output, level) VALUES (15, 3665, 20.0, 1, 7.663503321847404);
INSERT INTO supply(goods_id, building_id, max_supply, current_output, level) VALUES (16, 3665, 5.0, 1, 1.915875830461851);
INSERT INTO building(id, name, level) VALUES (3666, "building_subsistence_farms", 18);
INSERT INTO supply(goods_id, building_id, max_supply, current_output, level) VALUES (7, 3666, 35.72567272727272, 18, 39.29824);
INSERT INTO supply(goods_id, building_id, max_supply, current_output, level) VALUES (9, 3666, 8.93141818181818, 18, 9.82456);
INSERT INTO supply(goods_id, building_id, max_supply, current_output, level) VALUES (10, 3666, 8.93141818181818, 18, 9.82456);
INSERT INTO supply(goods_id, building_id, max_supply, current_output, level) VALUES (12, 3666, 8.93141818181818, 18, 9.82456);
INSERT INTO supply(goods_id, building_id, max_supply, current_output, level) VALUES (13, 3666, 8.93141818181818, 18, 9.82456);
INSERT INTO supply(goods_id, building_id, max_supply, current_output, level) VALUES (15, 3666, 8.93141818181818, 18, 9.82456);
INSERT INTO supply(goods_id, building_id, max_supply, current_output, level) VALUES (38, 3666, 8.93141818181818, 18, 9.82456);
INSERT INTO building(id, name, level) VALUES (3667, "building_subsistence_farms", 76);
INSERT INTO supply(goods_id, building_id, max_supply, current_output, level) VALUES (7, 3667, 149.2944, 76, 179.15328);
INSERT INTO supply(goods_id, building_id, max_supply, current_output, level) VALUES (9, 3667, 37.3236, 76, 44.78832);
INSERT INTO supply(goods_id, building_id, max_supply, current_output, level) VALUES (10, 3667, 37.3236, 76, 44.78832);
INSERT INTO supply(goods_id, building_id, max_supply, current_output, level) VALUES (12, 3667, 37.3236, 76, 44.78832);
INSERT INTO supply(goods_id, building_id, max_supply, current_output, level) VALUES (13, 3667, 37.3236, 76, 44.78832);
INSERT INTO supply(goods_id, building_id, max_supply, current_output, level) VALUES (15, 3667, 37.3236, 76, 44.78832);
INSERT INTO supply(goods_id, building_id, max_supply, current_output, level) VALUES (38, 3667, 37.3236, 76, 44.78832);
INSERT INTO building(id, name, level) VALUES (3668, "building_subsistence_farms", 118);
INSERT INTO supply(goods_id, building_id, max_supply, current_output, level) VALUES (7, 3668, 235.546875, 118, 282.65625);
INSERT INTO supply(goods_id, building_id, max_supply, current_output, level) VALUES (9, 3668, 58.88671666666667, 118, 70.66406);
INSERT INTO supply(goods_id, building_id, max_supply, current_output, level) VALUES (10, 3668, 58.88671666666667, 118, 70.66406);
INSERT INTO supply(goods_id, building_id, max_supply, current_output, level) VALUES (12, 3668, 58.88671666666667, 118, 70.66406);
INSERT INTO supply(goods_id, building_id, max_supply, current_output, level) VALUES (13, 3668, 58.88671666666667, 118, 70.66406);
INSERT INTO supply(goods_id, building_id, max_supply, current_output, level) VALUES (15, 3668, 58.88671666666667, 118, 70.66406);
INSERT INTO supply(goods_id, building_id, max_supply, current_output, level) VALUES (38, 3668, 58.88671666666667, 118, 70.66406);
INSERT INTO building(id, name, level) VALUES (3669, "building_subsistence_farms", 25);
INSERT INTO supply(goods_id, building_id, max_supply, current_output, level) VALUES (7, 3669, 50.0, 25, 62.5);
INSERT INTO supply(goods_id, building_id, max_supply, current_output, level) VALUES (9, 3669, 12.5, 25, 15.625);
INSERT INTO supply(goods_id, building_id, max_supply, current_output, level) VALUES (10, 3669, 12.5, 25, 15.625);
INSERT INTO supply(goods_id, building_id, max_supply, current_output, level) VALUES (12, 3669, 12.5, 25, 15.625);
INSERT INTO supply(goods_id, building_id, max_supply, current_output, level) VALUES (13, 3669, 12.5, 25, 15.625);
INSERT INTO supply(goods_id, building_id, max_supply, current_output, level) VALUES (15, 3669, 12.5, 25, 15.625);
INSERT INTO supply(goods_id, building_id, max_supply, current_output, level) VALUES (38, 3669, 12.5, 25, 15.625);
INSERT INTO building(id, name, level) VALUES (3670, "building_urban_center", 2);
INSERT INTO demand(goods_id, building_id, max_demand, current_input, level) VALUES (10, 3670, 2.0, 2, 1.010383476826596);
INSERT INTO demand(goods_id, building_id, max_demand, current_input, level) VALUES (31, 3670, 2.0, 2, 0.5223171875428848);
INSERT INTO supply(goods_id, building_id, max_supply, current_output, level) VALUES (15, 3670, 40.0, 2, 15.327006643694808);
INSERT INTO supply(goods_id, building_id, max_supply, current_output, level) VALUES (16, 3670, 10.0, 2, 3.831751660923702);
INSERT INTO building(id, name, level) VALUES (3671, "building_subsistence_farms", 105);
INSERT INTO supply(goods_id, building_id, max_supply, current_output, level) VALUES (7, 3671, 209.00879999999998, 105, 229.90968);
INSERT INTO supply(goods_id, building_id, max_supply, current_output, level) VALUES (9, 3671, 52.252199999999995, 105, 57.47742);
INSERT INTO supply(goods_id, building_id, max_supply, current_output, level) VALUES (10, 3671, 52.252199999999995, 105, 57.47742);
INSERT INTO supply(goods_id, building_id, max_supply, current_output, level) VALUES (12, 3671, 52.252199999999995, 105, 57.47742);
INSERT INTO supply(goods_id, building_id, max_supply, current_output, level) VALUES (13, 3671, 52.252199999999995, 105, 57.47742);
INSERT INTO supply(goods_id, building_id, max_supply, current_output, level) VALUES (15, 3671, 52.252199999999995, 105, 57.47742);
INSERT INTO supply(goods_id, building_id, max_supply, current_output, level) VALUES (38, 3671, 52.252199999999995, 105, 57.47742);
INSERT INTO building(id, name, level) VALUES (3672, "building_urban_center", 3);
INSERT INTO demand(goods_id, building_id, max_demand, current_input, level) VALUES (10, 3672, 2.999392156862745, 3, 1.5152681379087014);
INSERT INTO demand(goods_id, building_id, max_demand, current_input, level) VALUES (31, 3672, 2.999392156862745, 3, 0.7833170378553681);
INSERT INTO supply(goods_id, building_id, max_supply, current_output, level) VALUES (15, 3672, 59.988, 3, 22.985911863549106);
INSERT INTO supply(goods_id, building_id, max_supply, current_output, level) VALUES (16, 3672, 14.997, 3, 5.746477965887276);
INSERT INTO building(id, name, level) VALUES (3673, "building_subsistence_farms", 187);
INSERT INTO supply(goods_id, building_id, max_supply, current_output, level) VALUES (7, 3673, 372.8331181818181, 187, 410.11643);
INSERT INTO supply(goods_id, building_id, max_supply, current_output, level) VALUES (9, 3673, 93.20827272727271, 187, 102.5291);
INSERT INTO supply(goods_id, building_id, max_supply, current_output, level) VALUES (10, 3673, 93.20827272727271, 187, 102.5291);
INSERT INTO supply(goods_id, building_id, max_supply, current_output, level) VALUES (12, 3673, 93.20827272727271, 187, 102.5291);
INSERT INTO supply(goods_id, building_id, max_supply, current_output, level) VALUES (13, 3673, 93.20827272727271, 187, 102.5291);
INSERT INTO supply(goods_id, building_id, max_supply, current_output, level) VALUES (15, 3673, 93.20827272727271, 187, 102.5291);
INSERT INTO supply(goods_id, building_id, max_supply, current_output, level) VALUES (38, 3673, 93.20827272727271, 187, 102.5291);
INSERT INTO building(id, name, level) VALUES (3674, "building_urban_center", 6);
INSERT INTO demand(goods_id, building_id, max_demand, current_input, level) VALUES (10, 3674, 6.0, 6, 3.031150430479788);
INSERT INTO demand(goods_id, building_id, max_demand, current_input, level) VALUES (31, 3674, 6.0, 6, 1.5669515626286545);
INSERT INTO supply(goods_id, building_id, max_supply, current_output, level) VALUES (15, 3674, 120.0, 6, 45.981019931084425);
INSERT INTO supply(goods_id, building_id, max_supply, current_output, level) VALUES (16, 3674, 30.0, 6, 11.495254982771106);
INSERT INTO building(id, name, level) VALUES (3675, "building_subsistence_farms", 75);
INSERT INTO supply(goods_id, building_id, max_supply, current_output, level) VALUES (7, 3675, 147.49949999999998, 75, 162.24945);
INSERT INTO supply(goods_id, building_id, max_supply, current_output, level) VALUES (9, 3675, 36.874872727272724, 75, 40.56236);
INSERT INTO supply(goods_id, building_id, max_supply, current_output, level) VALUES (10, 3675, 36.874872727272724, 75, 40.56236);
INSERT INTO supply(goods_id, building_id, max_supply, current_output, level) VALUES (12, 3675, 36.874872727272724, 75, 40.56236);
INSERT INTO supply(goods_id, building_id, max_supply, current_output, level) VALUES (13, 3675, 36.874872727272724, 75, 40.56236);
INSERT INTO supply(goods_id, building_id, max_supply, current_output, level) VALUES (15, 3675, 36.874872727272724, 75, 40.56236);
INSERT INTO supply(goods_id, building_id, max_supply, current_output, level) VALUES (38, 3675, 36.874872727272724, 75, 40.56236);
INSERT INTO building(id, name, level) VALUES (3676, "building_urban_center", 2);
INSERT INTO demand(goods_id, building_id, max_demand, current_input, level) VALUES (10, 3676, 2.0, 2, 1.010383476826596);
INSERT INTO demand(goods_id, building_id, max_demand, current_input, level) VALUES (31, 3676, 2.0, 2, 0.5223171875428848);
INSERT INTO supply(goods_id, building_id, max_supply, current_output, level) VALUES (15, 3676, 40.0, 2, 15.327006643694808);
INSERT INTO supply(goods_id, building_id, max_supply, current_output, level) VALUES (16, 3676, 10.0, 2, 3.831751660923702);
INSERT INTO building(id, name, level) VALUES (3677, "building_subsistence_farms", 101);
INSERT INTO supply(goods_id, building_id, max_supply, current_output, level) VALUES (7, 3677, 200.4244, 101, 240.50928);
INSERT INTO supply(goods_id, building_id, max_supply, current_output, level) VALUES (9, 3677, 50.1061, 101, 60.12732);
INSERT INTO supply(goods_id, building_id, max_supply, current_output, level) VALUES (10, 3677, 50.1061, 101, 60.12732);
INSERT INTO supply(goods_id, building_id, max_supply, current_output, level) VALUES (12, 3677, 50.1061, 101, 60.12732);
INSERT INTO supply(goods_id, building_id, max_supply, current_output, level) VALUES (13, 3677, 50.1061, 101, 60.12732);
INSERT INTO supply(goods_id, building_id, max_supply, current_output, level) VALUES (15, 3677, 50.1061, 101, 60.12732);
INSERT INTO supply(goods_id, building_id, max_supply, current_output, level) VALUES (38, 3677, 50.1061, 101, 60.12732);
INSERT INTO building(id, name, level) VALUES (3678, "building_urban_center", 2);
INSERT INTO demand(goods_id, building_id, max_demand, current_input, level) VALUES (10, 3678, 1.9995940594059405, 2, 1.0101783989921904);
INSERT INTO demand(goods_id, building_id, max_demand, current_input, level) VALUES (31, 3678, 1.9995940594059405, 2, 0.5222111726681855);
INSERT INTO supply(goods_id, building_id, max_supply, current_output, level) VALUES (15, 3678, 39.992, 2, 15.323941242366065);
INSERT INTO supply(goods_id, building_id, max_supply, current_output, level) VALUES (16, 3678, 9.998, 2, 3.830985310591516);
INSERT INTO building(id, name, level) VALUES (3679, "building_subsistence_farms", 37);
INSERT INTO supply(goods_id, building_id, max_supply, current_output, level) VALUES (7, 3679, 74.0, 37, 81.4);
INSERT INTO supply(goods_id, building_id, max_supply, current_output, level) VALUES (9, 3679, 18.5, 37, 20.35);
INSERT INTO supply(goods_id, building_id, max_supply, current_output, level) VALUES (10, 3679, 18.5, 37, 20.35);
INSERT INTO supply(goods_id, building_id, max_supply, current_output, level) VALUES (12, 3679, 18.5, 37, 20.35);
INSERT INTO supply(goods_id, building_id, max_supply, current_output, level) VALUES (13, 3679, 18.5, 37, 20.35);
INSERT INTO supply(goods_id, building_id, max_supply, current_output, level) VALUES (15, 3679, 18.5, 37, 20.35);
INSERT INTO supply(goods_id, building_id, max_supply, current_output, level) VALUES (38, 3679, 18.5, 37, 20.35);
INSERT INTO building(id, name, level) VALUES (3680, "building_subsistence_farms", 29);
INSERT INTO supply(goods_id, building_id, max_supply, current_output, level) VALUES (7, 3680, 57.99999999999999, 29, 63.8);
INSERT INTO supply(goods_id, building_id, max_supply, current_output, level) VALUES (9, 3680, 14.499999999999998, 29, 15.95);
INSERT INTO supply(goods_id, building_id, max_supply, current_output, level) VALUES (10, 3680, 14.499999999999998, 29, 15.95);
INSERT INTO supply(goods_id, building_id, max_supply, current_output, level) VALUES (12, 3680, 14.499999999999998, 29, 15.95);
INSERT INTO supply(goods_id, building_id, max_supply, current_output, level) VALUES (13, 3680, 14.499999999999998, 29, 15.95);
INSERT INTO supply(goods_id, building_id, max_supply, current_output, level) VALUES (15, 3680, 14.499999999999998, 29, 15.95);
INSERT INTO supply(goods_id, building_id, max_supply, current_output, level) VALUES (38, 3680, 14.499999999999998, 29, 15.95);
INSERT INTO building(id, name, level) VALUES (3681, "building_subsistence_farms", 67);
INSERT INTO supply(goods_id, building_id, max_supply, current_output, level) VALUES (7, 3681, 132.59433636363636, 67, 145.85377);
INSERT INTO supply(goods_id, building_id, max_supply, current_output, level) VALUES (9, 3681, 33.14858181818182, 67, 36.46344);
INSERT INTO supply(goods_id, building_id, max_supply, current_output, level) VALUES (10, 3681, 33.14858181818182, 67, 36.46344);
INSERT INTO supply(goods_id, building_id, max_supply, current_output, level) VALUES (12, 3681, 33.14858181818182, 67, 36.46344);
INSERT INTO supply(goods_id, building_id, max_supply, current_output, level) VALUES (13, 3681, 33.14858181818182, 67, 36.46344);
INSERT INTO supply(goods_id, building_id, max_supply, current_output, level) VALUES (15, 3681, 33.14858181818182, 67, 36.46344);
INSERT INTO supply(goods_id, building_id, max_supply, current_output, level) VALUES (38, 3681, 33.14858181818182, 67, 36.46344);
INSERT INTO building(id, name, level) VALUES (3682, "building_urban_center", 6);
INSERT INTO demand(goods_id, building_id, max_demand, current_input, level) VALUES (10, 3682, 6.0, 6, 3.031150430479788);
INSERT INTO demand(goods_id, building_id, max_demand, current_input, level) VALUES (31, 3682, 6.0, 6, 1.5669515626286545);
INSERT INTO supply(goods_id, building_id, max_supply, current_output, level) VALUES (15, 3682, 120.0, 6, 45.981019931084425);
INSERT INTO supply(goods_id, building_id, max_supply, current_output, level) VALUES (16, 3682, 30.0, 6, 11.495254982771106);
INSERT INTO building(id, name, level) VALUES (3683, "building_subsistence_farms", 14);
INSERT INTO supply(goods_id, building_id, max_supply, current_output, level) VALUES (7, 3683, 28.0, 14, 30.8);
INSERT INTO supply(goods_id, building_id, max_supply, current_output, level) VALUES (9, 3683, 7.0, 14, 7.7);
INSERT INTO supply(goods_id, building_id, max_supply, current_output, level) VALUES (10, 3683, 7.0, 14, 7.7);
INSERT INTO supply(goods_id, building_id, max_supply, current_output, level) VALUES (12, 3683, 7.0, 14, 7.7);
INSERT INTO supply(goods_id, building_id, max_supply, current_output, level) VALUES (13, 3683, 7.0, 14, 7.7);
INSERT INTO supply(goods_id, building_id, max_supply, current_output, level) VALUES (15, 3683, 7.0, 14, 7.7);
INSERT INTO supply(goods_id, building_id, max_supply, current_output, level) VALUES (38, 3683, 7.0, 14, 7.7);
INSERT INTO building(id, name, level) VALUES (3684, "building_subsistence_farms", 20);
INSERT INTO supply(goods_id, building_id, max_supply, current_output, level) VALUES (7, 3684, 40.0, 20, 52.0);
INSERT INTO supply(goods_id, building_id, max_supply, current_output, level) VALUES (9, 3684, 10.0, 20, 13.0);
INSERT INTO supply(goods_id, building_id, max_supply, current_output, level) VALUES (10, 3684, 10.0, 20, 13.0);
INSERT INTO supply(goods_id, building_id, max_supply, current_output, level) VALUES (12, 3684, 10.0, 20, 13.0);
INSERT INTO supply(goods_id, building_id, max_supply, current_output, level) VALUES (13, 3684, 10.0, 20, 13.0);
INSERT INTO supply(goods_id, building_id, max_supply, current_output, level) VALUES (15, 3684, 10.0, 20, 13.0);
INSERT INTO supply(goods_id, building_id, max_supply, current_output, level) VALUES (38, 3684, 10.0, 20, 13.0);
INSERT INTO building(id, name, level) VALUES (3685, "building_subsistence_farms", 45);
INSERT INTO supply(goods_id, building_id, max_supply, current_output, level) VALUES (7, 3685, 83.59830000000001, 45, 117.03762);
INSERT INTO supply(goods_id, building_id, max_supply, current_output, level) VALUES (9, 3685, 20.89957142857143, 45, 29.2594);
INSERT INTO supply(goods_id, building_id, max_supply, current_output, level) VALUES (10, 3685, 20.89957142857143, 45, 29.2594);
INSERT INTO supply(goods_id, building_id, max_supply, current_output, level) VALUES (12, 3685, 20.89957142857143, 45, 29.2594);
INSERT INTO supply(goods_id, building_id, max_supply, current_output, level) VALUES (13, 3685, 20.89957142857143, 45, 29.2594);
INSERT INTO supply(goods_id, building_id, max_supply, current_output, level) VALUES (15, 3685, 20.89957142857143, 45, 29.2594);
INSERT INTO supply(goods_id, building_id, max_supply, current_output, level) VALUES (38, 3685, 20.89957142857143, 45, 29.2594);
INSERT INTO building(id, name, level) VALUES (3752, "building_subsistence_farms", 63);
INSERT INTO supply(goods_id, building_id, max_supply, current_output, level) VALUES (7, 3752, 125.68625833333334, 63, 150.82351);
INSERT INTO supply(goods_id, building_id, max_supply, current_output, level) VALUES (9, 3752, 31.421558333333333, 63, 37.70587);
INSERT INTO supply(goods_id, building_id, max_supply, current_output, level) VALUES (10, 3752, 31.421558333333333, 63, 37.70587);
INSERT INTO supply(goods_id, building_id, max_supply, current_output, level) VALUES (12, 3752, 31.421558333333333, 63, 37.70587);
INSERT INTO supply(goods_id, building_id, max_supply, current_output, level) VALUES (13, 3752, 31.421558333333333, 63, 37.70587);
INSERT INTO supply(goods_id, building_id, max_supply, current_output, level) VALUES (15, 3752, 31.421558333333333, 63, 37.70587);
INSERT INTO supply(goods_id, building_id, max_supply, current_output, level) VALUES (38, 3752, 31.421558333333333, 63, 37.70587);
INSERT INTO building(id, name, level) VALUES (3778, "building_barracks", 30);
INSERT INTO demand(goods_id, building_id, max_demand, current_input, level) VALUES (1, 3778, 29.9997, 30, 2.4824812926279956);
INSERT INTO building(id, name, level) VALUES (3779, "building_barracks", 20);
INSERT INTO demand(goods_id, building_id, max_demand, current_input, level) VALUES (1, 3779, 20.0, 20, 1.655004078459448);
INSERT INTO building(id, name, level) VALUES (3780, "building_barracks", 10);
INSERT INTO demand(goods_id, building_id, max_demand, current_input, level) VALUES (1, 3780, 19.964, 10, 1.652025071118221);
INSERT INTO demand(goods_id, building_id, max_demand, current_input, level) VALUES (7, 3780, 19.964, 10, 16.694404298938277);
INSERT INTO demand(goods_id, building_id, max_demand, current_input, level) VALUES (24, 3780, 19.964, 10, 0.9662792023790786);
INSERT INTO building(id, name, level) VALUES (3781, "building_barracks", 10);
INSERT INTO demand(goods_id, building_id, max_demand, current_input, level) VALUES (2, 3781, 20.0, 10, 1.3583552051319219);
INSERT INTO building(id, name, level) VALUES (3782, "building_barracks", 20);
INSERT INTO demand(goods_id, building_id, max_demand, current_input, level) VALUES (1, 3782, 20.0, 20, 1.655004078459448);
INSERT INTO building(id, name, level) VALUES (3783, "building_barracks", 15);
INSERT INTO demand(goods_id, building_id, max_demand, current_input, level) VALUES (1, 3783, 15.0, 15, 1.241253058844586);
INSERT INTO building(id, name, level) VALUES (3784, "building_barracks", 10);
INSERT INTO demand(goods_id, building_id, max_demand, current_input, level) VALUES (1, 3784, 9.73, 10, 0.8051594841705214);
INSERT INTO building(id, name, level) VALUES (3785, "building_barracks", 5);
INSERT INTO demand(goods_id, building_id, max_demand, current_input, level) VALUES (1, 3785, 5.0, 5, 0.413751019614862);
INSERT INTO building(id, name, level) VALUES (3786, "building_barracks", 5);
INSERT INTO demand(goods_id, building_id, max_demand, current_input, level) VALUES (1, 3786, 10.0, 5, 0.827502039229724);
INSERT INTO demand(goods_id, building_id, max_demand, current_input, level) VALUES (7, 3786, 10.0, 5, 8.362254207041813);
INSERT INTO demand(goods_id, building_id, max_demand, current_input, level) VALUES (24, 3786, 10.0, 5, 0.4840108206667394);
INSERT INTO building(id, name, level) VALUES (3787, "building_barracks", 5);
INSERT INTO demand(goods_id, building_id, max_demand, current_input, level) VALUES (1, 3787, 10.0, 5, 0.827502039229724);
INSERT INTO demand(goods_id, building_id, max_demand, current_input, level) VALUES (7, 3787, 10.0, 5, 8.362254207041813);
INSERT INTO demand(goods_id, building_id, max_demand, current_input, level) VALUES (24, 3787, 10.0, 5, 0.4840108206667394);
INSERT INTO building(id, name, level) VALUES (3788, "building_barracks", 5);
INSERT INTO demand(goods_id, building_id, max_demand, current_input, level) VALUES (2, 3788, 10.0, 5, 0.6791776025659609);
INSERT INTO building(id, name, level) VALUES (3789, "building_barracks", 5);
INSERT INTO demand(goods_id, building_id, max_demand, current_input, level) VALUES (2, 3789, 10.0, 5, 0.6791776025659609);
INSERT INTO building(id, name, level) VALUES (3790, "building_barracks", 15);
INSERT INTO demand(goods_id, building_id, max_demand, current_input, level) VALUES (1, 3790, 14.99985, 15, 1.2412406463139978);
INSERT INTO building(id, name, level) VALUES (3791, "building_barracks", 10);
INSERT INTO demand(goods_id, building_id, max_demand, current_input, level) VALUES (1, 3791, 10.0, 10, 0.827502039229724);
INSERT INTO demand(goods_id, building_id, max_demand, current_input, level) VALUES (2, 3791, 10.0, 10, 0.6791776025659609);
INSERT INTO demand(goods_id, building_id, max_demand, current_input, level) VALUES (7, 3791, 10.0, 10, 8.362254207041813);
INSERT INTO demand(goods_id, building_id, max_demand, current_input, level) VALUES (24, 3791, 10.0, 10, 0.4840108206667394);
INSERT INTO building(id, name, level) VALUES (3792, "building_barracks", 10);
INSERT INTO demand(goods_id, building_id, max_demand, current_input, level) VALUES (1, 3792, 10.0, 10, 0.827502039229724);
INSERT INTO building(id, name, level) VALUES (3793, "building_barracks", 5);
INSERT INTO demand(goods_id, building_id, max_demand, current_input, level) VALUES (1, 3793, 5.0, 5, 0.413751019614862);
INSERT INTO building(id, name, level) VALUES (3794, "building_barracks", 5);
INSERT INTO demand(goods_id, building_id, max_demand, current_input, level) VALUES (1, 3794, 10.0, 5, 0.827502039229724);
INSERT INTO demand(goods_id, building_id, max_demand, current_input, level) VALUES (7, 3794, 10.0, 5, 8.362254207041813);
INSERT INTO demand(goods_id, building_id, max_demand, current_input, level) VALUES (24, 3794, 10.0, 5, 0.4840108206667394);
INSERT INTO building(id, name, level) VALUES (3795, "building_barracks", 5);
INSERT INTO demand(goods_id, building_id, max_demand, current_input, level) VALUES (2, 3795, 10.0, 5, 0.6791776025659609);
INSERT INTO building(id, name, level) VALUES (3796, "building_naval_base", 6);
INSERT INTO demand(goods_id, building_id, max_demand, current_input, level) VALUES (5, 3796, 9.82496, 6, 3.8929098527732173);
INSERT INTO building(id, name, level) VALUES (3797, "building_naval_base", 6);
INSERT INTO demand(goods_id, building_id, max_demand, current_input, level) VALUES (5, 3797, 5.44997, 6, 2.15942272643537);
INSERT INTO building(id, name, level) VALUES (4142, "building_trade_center", 25);
INSERT INTO building(id, name, level) VALUES (4225, "building_urban_center", 1);
INSERT INTO demand(goods_id, building_id, max_demand, current_input, level) VALUES (10, 4225, 1.0, 1, 0.505191738413298);
INSERT INTO demand(goods_id, building_id, max_demand, current_input, level) VALUES (31, 4225, 1.0, 1, 0.2611585937714424);
INSERT INTO supply(goods_id, building_id, max_supply, current_output, level) VALUES (15, 4225, 20.0, 1, 7.663503321847404);
INSERT INTO supply(goods_id, building_id, max_supply, current_output, level) VALUES (16, 4225, 5.0, 1, 1.915875830461851);
INSERT INTO building(id, name, level) VALUES (4260, "building_conscription_center", 7);
INSERT INTO building(id, name, level) VALUES (4504, "building_conscription_center", 8);
INSERT INTO building(id, name, level) VALUES (4608, "building_conscription_center", 6);
INSERT INTO building(id, name, level) VALUES (4820, "building_construction_sector", 1);
INSERT INTO demand(goods_id, building_id, max_demand, current_input, level) VALUES (9, 4820, 19.9998, 1, 22.63662432468665);
INSERT INTO demand(goods_id, building_id, max_demand, current_input, level) VALUES (10, 4820, 39.9996, 1, 20.207467459836554);
INSERT INTO demand(goods_id, building_id, max_demand, current_input, level) VALUES (24, 4820, 49.9995, 1, 2.4200299027926637);
INSERT INTO demand(goods_id, building_id, max_demand, current_input, level) VALUES (33, 4820, 9.9999, 1, 1.5462014916097242);
INSERT INTO building(id, name, level) VALUES (4837, "building_conscription_center", 15);
INSERT INTO building(id, name, level) VALUES (4901, "building_construction_sector", 2);
INSERT INTO demand(goods_id, building_id, max_demand, current_input, level) VALUES (9, 4901, 39.9996, 2, 45.2732486493733);
INSERT INTO demand(goods_id, building_id, max_demand, current_input, level) VALUES (10, 4901, 79.9992, 2, 40.41493491967311);
INSERT INTO demand(goods_id, building_id, max_demand, current_input, level) VALUES (24, 4901, 99.999, 2, 4.8400598055853274);
INSERT INTO demand(goods_id, building_id, max_demand, current_input, level) VALUES (33, 4901, 19.9998, 2, 3.0924029832194484);
INSERT INTO building(id, name, level) VALUES (4920, "building_conscription_center", 2);
INSERT INTO building(id, name, level) VALUES (4930, "building_conscription_center", 5);
INSERT INTO building(id, name, level) VALUES (4983, "building_naval_base", 4);
INSERT INTO demand(goods_id, building_id, max_demand, current_input, level) VALUES (5, 4983, 1.184, 4, 0.4691322168928412);
INSERT INTO building(id, name, level) VALUES (4984, "building_conscription_center", 3);
INSERT INTO building(id, name, level) VALUES (4989, "building_conscription_center", 6);
INSERT INTO building(id, name, level) VALUES (5012, "building_conscription_center", 3);
INSERT INTO building(id, name, level) VALUES (5014, "building_construction_sector", 1);
INSERT INTO demand(goods_id, building_id, max_demand, current_input, level) VALUES (9, 5014, 12.98787, 1, 14.700223700630406);
INSERT INTO demand(goods_id, building_id, max_demand, current_input, level) VALUES (10, 5014, 25.97574, 1, 13.122729247171838);
INSERT INTO demand(goods_id, building_id, max_demand, current_input, level) VALUES (24, 5014, 32.46967, 1, 1.571567162347821);
INSERT INTO demand(goods_id, building_id, max_demand, current_input, level) VALUES (33, 5014, 6.49393, 1, 1.0041024662655762);
INSERT INTO building(id, name, level) VALUES (5023, "building_construction_sector", 1);
INSERT INTO demand(goods_id, building_id, max_demand, current_input, level) VALUES (9, 5023, 19.9998, 1, 22.63662432468665);
INSERT INTO demand(goods_id, building_id, max_demand, current_input, level) VALUES (10, 5023, 39.9996, 1, 20.207467459836554);
INSERT INTO demand(goods_id, building_id, max_demand, current_input, level) VALUES (24, 5023, 49.9995, 1, 2.4200299027926637);
INSERT INTO demand(goods_id, building_id, max_demand, current_input, level) VALUES (33, 5023, 9.9999, 1, 1.5462014916097242);
INSERT INTO building(id, name, level) VALUES (5024, "building_conscription_center", 1);
INSERT INTO building(id, name, level) VALUES (5028, "building_construction_sector", 1);
INSERT INTO demand(goods_id, building_id, max_demand, current_input, level) VALUES (9, 5028, 19.9958, 1, 22.63209695454801);
INSERT INTO demand(goods_id, building_id, max_demand, current_input, level) VALUES (10, 5028, 39.9916, 1, 20.203425925929245);
INSERT INTO demand(goods_id, building_id, max_demand, current_input, level) VALUES (24, 5028, 49.9895, 1, 2.419545891971997);
INSERT INTO demand(goods_id, building_id, max_demand, current_input, level) VALUES (33, 5028, 9.9979, 1, 1.545892248218968);
INSERT INTO building(id, name, level) VALUES (5059, "building_conscription_center", 3);
INSERT INTO building(id, name, level) VALUES (5063, "building_conscription_center", 4);
INSERT INTO building(id, name, level) VALUES (5071, "building_conscription_center", 1);
INSERT INTO building(id, name, level) VALUES (5074, "building_conscription_center", 7);
INSERT INTO building(id, name, level) VALUES (5079, "building_conscription_center", 1);
INSERT INTO building(id, name, level) VALUES (5085, "building_conscription_center", 3);
INSERT INTO building(id, name, level) VALUES (5096, "building_conscription_center", 2);
INSERT INTO building(id, name, level) VALUES (5123, "building_trade_center", 10);
INSERT INTO building(id, name, level) VALUES (5251, "building_silk_plantation", 1);
INSERT INTO supply(goods_id, building_id, max_supply, current_output, level) VALUES (20, 5251, 11.092, 1, 14.4196);
INSERT INTO building(id, name, level) VALUES (5266, "building_urban_center", 1);
INSERT INTO demand(goods_id, building_id, max_demand, current_input, level) VALUES (10, 5266, 1.0, 1, 0.505191738413298);
INSERT INTO demand(goods_id, building_id, max_demand, current_input, level) VALUES (31, 5266, 1.0, 1, 0.2611585937714424);
INSERT INTO supply(goods_id, building_id, max_supply, current_output, level) VALUES (15, 5266, 20.0, 1, 7.663503321847404);
INSERT INTO supply(goods_id, building_id, max_supply, current_output, level) VALUES (16, 5266, 5.0, 1, 1.915875830461851);
INSERT INTO building(id, name, level) VALUES (5331, "building_logging_camp", 1);
INSERT INTO demand(goods_id, building_id, max_demand, current_input, level) VALUES (33, 5331, 5.0, 1, 0.773108476889631);
INSERT INTO supply(goods_id, building_id, max_supply, current_output, level) VALUES (10, 5331, 60.0, 1, 9.277301722675572);
INSERT INTO building(id, name, level) VALUES (5360, "building_trade_center", 2);
INSERT INTO building(id, name, level) VALUES (5390, "building_arts_academy", 1);
INSERT INTO demand(goods_id, building_id, max_demand, current_input, level) VALUES (14, 5390, 4.766, 1, 1.5491804747048752);
INSERT INTO supply(goods_id, building_id, max_supply, current_output, level) VALUES (51, 5390, 1.9064, 1, 0.61967218988195);
INSERT INTO building(id, name, level) VALUES (5422, "building_vineyard_plantation", 1);
INSERT INTO supply(goods_id, building_id, max_supply, current_output, level) VALUES (39, 5422, 9.564, 1, 10.5204);
INSERT INTO building(id, name, level) VALUES (5475, "building_food_industry", 1);
INSERT INTO demand(goods_id, building_id, max_demand, current_input, level) VALUES (7, 5475, 38.222, 1, 31.962208030155217);
INSERT INTO demand(goods_id, building_id, max_demand, current_input, level) VALUES (42, 5475, 38.222, 1, 2.3962135948652046);
INSERT INTO supply(goods_id, building_id, max_supply, current_output, level) VALUES (11, 5475, 33.44425, 1, 15.031809460946434);
INSERT INTO supply(goods_id, building_id, max_supply, current_output, level) VALUES (38, 5475, 57.333, 1, 25.768816218765316);
INSERT INTO building(id, name, level) VALUES (5477, "building_conscription_center", 2);
INSERT INTO building(id, name, level) VALUES (5547, "building_cotton_plantation", 1);
INSERT INTO supply(goods_id, building_id, max_supply, current_output, level) VALUES (9, 5547, 10.655999999999999, 1, 16.5168);
INSERT INTO building(id, name, level) VALUES (5677, "building_textile_mills", 1);
INSERT INTO demand(goods_id, building_id, max_demand, current_input, level) VALUES (9, 5677, 4.95075, 1, 5.603469428466407);
INSERT INTO demand(goods_id, building_id, max_demand, current_input, level) VALUES (20, 5677, 2.97045, 1, 2.1336400809222438);
INSERT INTO demand(goods_id, building_id, max_demand, current_input, level) VALUES (21, 5677, 0.99015, 1, 0.0);
INSERT INTO supply(goods_id, building_id, max_supply, current_output, level) VALUES (12, 5677, 5.9409, 1, 3.4027267206148295);
INSERT INTO supply(goods_id, building_id, max_supply, current_output, level) VALUES (48, 5677, 5.9409, 1, 3.4027267206148295);
INSERT INTO building(id, name, level) VALUES (5764, "building_trade_center", 5);
INSERT INTO building(id, name, level) VALUES (16782993, "building_urban_center", 1);
INSERT INTO demand(goods_id, building_id, max_demand, current_input, level) VALUES (10, 16782993, 1.0, 1, 0.505191738413298);
INSERT INTO demand(goods_id, building_id, max_demand, current_input, level) VALUES (31, 16782993, 1.0, 1, 0.2611585937714424);
INSERT INTO supply(goods_id, building_id, max_supply, current_output, level) VALUES (15, 16782993, 20.0, 1, 7.663503321847404);
INSERT INTO supply(goods_id, building_id, max_supply, current_output, level) VALUES (16, 16782993, 5.0, 1, 1.915875830461851);
INSERT INTO building(id, name, level) VALUES (5803, "building_shipyards", 1);
INSERT INTO demand(goods_id, building_id, max_demand, current_input, level) VALUES (9, 5803, 5.572, 1, 6.306626603123733);
INSERT INTO demand(goods_id, building_id, max_demand, current_input, level) VALUES (10, 5803, 11.144, 1, 5.629856732877792);
INSERT INTO supply(goods_id, building_id, max_supply, current_output, level) VALUES (18, 5803, 9.751, 1, 7.3385623206340345);
INSERT INTO building(id, name, level) VALUES (5879, "building_cotton_plantation", 1);
INSERT INTO supply(goods_id, building_id, max_supply, current_output, level) VALUES (9, 5879, 2.384, 1, 3.2184);
