

CREATE TABLE goods(    goods_name    VARCHAR(30),    code    INT,    base_price FLOAT,    current_price FLOAT,    pop_demand FLOAT, PRIMARY KEY (code));

CREATE TABLE building(    id INT,    name VARCHAR(80),    level INT, PRIMARY KEY (id));

CREATE TABLE supply(    goods_id INT,    building_id INT,    max_supply FLOAT,    current_output FLOAT,    level INT, PRIMARY KEY (goods_id, building_id));

CREATE TABLE demand(    goods_id INT,    building_id INT,    max_demand FLOAT,    current_input FLOAT,    level INT,   PRIMARY KEY (goods_id, building_id));
    
INSERT INTO goods(goods_name,code,base_price, current_price, pop_demand) VALUES ("ammunition", 0, 50, 50, 0);
INSERT INTO goods(goods_name,code,base_price, current_price, pop_demand) VALUES ("small_arms", 1, 60, 60, 0);
INSERT INTO goods(goods_name,code,base_price, current_price, pop_demand) VALUES ("artillery", 2, 70, 70, 0);
INSERT INTO goods(goods_name,code,base_price, current_price, pop_demand) VALUES ("tanks", 3, 80, 80, 0);
INSERT INTO goods(goods_name,code,base_price, current_price, pop_demand) VALUES ("aeroplanes", 4, 80, 80, 0);
INSERT INTO goods(goods_name,code,base_price, current_price, pop_demand) VALUES ("manowars", 5, 70, 75.33176784992065, 0);
INSERT INTO goods(goods_name,code,base_price, current_price, pop_demand) VALUES ("ironclads", 6, 80, 80, 0);
INSERT INTO goods(goods_name,code,base_price, current_price, pop_demand) VALUES ("grain", 7, 20, 15.606327981751178, 34005.500343081614);
INSERT INTO goods(goods_name,code,base_price, current_price, pop_demand) VALUES ("fish", 8, 20, 21.538481629250143, 780.0011641194315);
INSERT INTO goods(goods_name,code,base_price, current_price, pop_demand) VALUES ("fabric", 9, 20, 15.937678387123611, 4548.694235441974);
INSERT INTO goods(goods_name,code,base_price, current_price, pop_demand) VALUES ("wood", 10, 20, 23.046724485668946, 2689.794524558019);
INSERT INTO goods(goods_name,code,base_price, current_price, pop_demand) VALUES ("groceries", 11, 30, 30, 0);
INSERT INTO goods(goods_name,code,base_price, current_price, pop_demand) VALUES ("clothes", 12, 30, 28.017245034415534, 8062.020220600209);
INSERT INTO goods(goods_name,code,base_price, current_price, pop_demand) VALUES ("furniture", 13, 30, 25.760040312800793, 7607.064989856635);
INSERT INTO goods(goods_name,code,base_price, current_price, pop_demand) VALUES ("paper", 14, 30, 38.675513761802655, 334.5162365575099);
INSERT INTO goods(goods_name,code,base_price, current_price, pop_demand) VALUES ("services", 15, 30, 11.97081678742877, 2307.679311666665);
INSERT INTO goods(goods_name,code,base_price, current_price, pop_demand) VALUES ("transportation", 16, 30, 30, 0);
INSERT INTO goods(goods_name,code,base_price, current_price, pop_demand) VALUES ("electricity", 17, 30, 30, 0);
INSERT INTO goods(goods_name,code,base_price, current_price, pop_demand) VALUES ("clippers", 18, 60, 52.56500761703912, 0);
INSERT INTO goods(goods_name,code,base_price, current_price, pop_demand) VALUES ("steamers", 19, 70, 70, 0);
INSERT INTO goods(goods_name,code,base_price, current_price, pop_demand) VALUES ("silk", 20, 40, 12.18131408884268, 0);
INSERT INTO goods(goods_name,code,base_price, current_price, pop_demand) VALUES ("dye", 21, 40, 29.29446477386135, 0);
INSERT INTO goods(goods_name,code,base_price, current_price, pop_demand) VALUES ("sulfur", 22, 50, 50, 0);
INSERT INTO goods(goods_name,code,base_price, current_price, pop_demand) VALUES ("coal", 23, 30, 30, 0);
INSERT INTO goods(goods_name,code,base_price, current_price, pop_demand) VALUES ("iron", 24, 40, 30.6, 0);
INSERT INTO goods(goods_name,code,base_price, current_price, pop_demand) VALUES ("lead", 25, 40, 40, 0);
INSERT INTO goods(goods_name,code,base_price, current_price, pop_demand) VALUES ("hardwood", 26, 40, 38.33846153846154, 0);
INSERT INTO goods(goods_name,code,base_price, current_price, pop_demand) VALUES ("rubber", 27, 40, 40, 0);
INSERT INTO goods(goods_name,code,base_price, current_price, pop_demand) VALUES ("oil", 28, 40, 40, 0);
INSERT INTO goods(goods_name,code,base_price, current_price, pop_demand) VALUES ("engines", 29, 60, 60, 0);
INSERT INTO goods(goods_name,code,base_price, current_price, pop_demand) VALUES ("steel", 30, 50, 50, 0);
INSERT INTO goods(goods_name,code,base_price, current_price, pop_demand) VALUES ("glass", 31, 40, 52.16192091959555, 161.8982628129463);
INSERT INTO goods(goods_name,code,base_price, current_price, pop_demand) VALUES ("fertilizer", 32, 30, 30, 0);
INSERT INTO goods(goods_name,code,base_price, current_price, pop_demand) VALUES ("tools", 33, 40, 14.229541598362925, 0);
INSERT INTO goods(goods_name,code,base_price, current_price, pop_demand) VALUES ("explosives", 34, 50, 50, 0);
INSERT INTO goods(goods_name,code,base_price, current_price, pop_demand) VALUES ("porcelain", 35, 70, 93.3785531316654, 2024.6346431265415);
INSERT INTO goods(goods_name,code,base_price, current_price, pop_demand) VALUES ("meat", 36, 30, 42.73120715730779, 1177.2005953225573);
INSERT INTO goods(goods_name,code,base_price, current_price, pop_demand) VALUES ("fruit", 37, 30, 39.22122152300156, 2259.348444735977);
INSERT INTO goods(goods_name,code,base_price, current_price, pop_demand) VALUES ("liquor", 38, 30, 22.334912422792847, 8335.066402881186);
INSERT INTO goods(goods_name,code,base_price, current_price, pop_demand) VALUES ("wine", 39, 50, 50, 0);
INSERT INTO goods(goods_name,code,base_price, current_price, pop_demand) VALUES ("tea", 40, 50, 36.837109932060855, 2756.7395950000036);
INSERT INTO goods(goods_name,code,base_price, current_price, pop_demand) VALUES ("coffee", 41, 50, 50, 0);
INSERT INTO goods(goods_name,code,base_price, current_price, pop_demand) VALUES ("sugar", 42, 30, 24.59725726320241, 692.2802566122953);
INSERT INTO goods(goods_name,code,base_price, current_price, pop_demand) VALUES ("tobacco", 43, 40, 70.0, 176.6863427358829);
INSERT INTO goods(goods_name,code,base_price, current_price, pop_demand) VALUES ("opium", 44, 50, 80.73344866791328, 2472.869735082587);
INSERT INTO goods(goods_name,code,base_price, current_price, pop_demand) VALUES ("automobiles", 45, 100, 100, 0);
INSERT INTO goods(goods_name,code,base_price, current_price, pop_demand) VALUES ("telephones", 46, 70, 70, 0);
INSERT INTO goods(goods_name,code,base_price, current_price, pop_demand) VALUES ("radios", 47, 80, 80, 0);
INSERT INTO goods(goods_name,code,base_price, current_price, pop_demand) VALUES ("luxury_clothes", 48, 60, 84.60408827122642, 706.0238439689443);
INSERT INTO goods(goods_name,code,base_price, current_price, pop_demand) VALUES ("luxury_furniture", 49, 60, 86.20383120558907, 1785.6096515500938);
INSERT INTO goods(goods_name,code,base_price, current_price, pop_demand) VALUES ("gold", 50, 100, 100, 0);
INSERT INTO goods(goods_name,code,base_price, current_price, pop_demand) VALUES ("fine_art", 51, 200, 200, 0);
INSERT INTO building(id, name, level) VALUES (2166, "building_wheat_farmlevel", 1);
INSERT INTO supply(goods_id, building_id, max_supply, current_output, level) VALUES (7, 2166, 29.88, 1, 29.88);
INSERT INTO building(id, name, level) VALUES (2384, "building_livestock_ranchlevel", 3);
INSERT INTO supply(goods_id, building_id, max_supply, current_output, level) VALUES (9, 2384, 89.64, 3, 91.4328);
INSERT INTO supply(goods_id, building_id, max_supply, current_output, level) VALUES (36, 2384, 14.94, 3, 15.2388);
INSERT INTO building(id, name, level) VALUES (2385, "building_livestock_ranchlevel", 3);
INSERT INTO supply(goods_id, building_id, max_supply, current_output, level) VALUES (9, 2385, 89.64000000000001, 3, 73.5048);
INSERT INTO supply(goods_id, building_id, max_supply, current_output, level) VALUES (36, 2385, 14.940000000000001, 3, 12.2508);
INSERT INTO building(id, name, level) VALUES (2386, "building_government_administrationlevel", 10);
INSERT INTO demand(goods_id, building_id, max_demand, current_input, level) VALUES (14, 2386, 99.99999999999999, 10, 61.44216105865485);
INSERT INTO building(id, name, level) VALUES (2387, "building_logging_camplevel", 10);
INSERT INTO supply(goods_id, building_id, max_supply, current_output, level) VALUES (10, 2387, 99.99999999999999, 10, 109.0);
INSERT INTO supply(goods_id, building_id, max_supply, current_output, level) VALUES (26, 2387, 99.99999999999999, 10, 109.0);
INSERT INTO building(id, name, level) VALUES (2388, "building_opium_plantationlevel", 6);
INSERT INTO supply(goods_id, building_id, max_supply, current_output, level) VALUES (44, 2388, 119.52, 6, 125.496);
INSERT INTO building(id, name, level) VALUES (2389, "building_paper_millslevel", 12);
INSERT INTO demand(goods_id, building_id, max_demand, current_input, level) VALUES (10, 2389, 360.0, 12, 286.87861234394524);
INSERT INTO supply(goods_id, building_id, max_supply, current_output, level) VALUES (14, 2389, 479.99999999999994, 12, 382.5048164585936);
INSERT INTO building(id, name, level) VALUES (2390, "building_barrackslevel", 20);
INSERT INTO building(id, name, level) VALUES (2391, "building_government_administrationlevel", 8);
INSERT INTO demand(goods_id, building_id, max_demand, current_input, level) VALUES (14, 2391, 79.99999999999999, 8, 49.15372884692387);
INSERT INTO building(id, name, level) VALUES (2392, "building_logging_camplevel", 4);
INSERT INTO supply(goods_id, building_id, max_supply, current_output, level) VALUES (10, 2392, 40.0, 4, 41.2);
INSERT INTO supply(goods_id, building_id, max_supply, current_output, level) VALUES (26, 2392, 40.0, 4, 41.2);
INSERT INTO building(id, name, level) VALUES (2393, "building_tea_plantationlevel", 10);
INSERT INTO supply(goods_id, building_id, max_supply, current_output, level) VALUES (40, 2393, 199.19999999999996, 10, 217.128);
INSERT INTO building(id, name, level) VALUES (2394, "building_opium_plantationlevel", 10);
INSERT INTO supply(goods_id, building_id, max_supply, current_output, level) VALUES (44, 2394, 199.19999999999996, 10, 217.128);
INSERT INTO building(id, name, level) VALUES (2395, "building_barrackslevel", 10);
INSERT INTO building(id, name, level) VALUES (2396, "building_government_administrationlevel", 10);
INSERT INTO demand(goods_id, building_id, max_demand, current_input, level) VALUES (14, 2396, 99.99999999999999, 10, 61.44216105865485);
INSERT INTO building(id, name, level) VALUES (2397, "building_furniture_manufacturieslevel", 7);
INSERT INTO demand(goods_id, building_id, max_demand, current_input, level) VALUES (9, 2397, 70.0, 7, 95.99843429626834);
INSERT INTO demand(goods_id, building_id, max_demand, current_input, level) VALUES (10, 2397, 140.0, 7, 111.56390480042316);
INSERT INTO demand(goods_id, building_id, max_demand, current_input, level) VALUES (26, 2397, 70.0, 7, 74.10423452768731);
INSERT INTO supply(goods_id, building_id, max_supply, current_output, level) VALUES (13, 2397, 175.0, 7, 163.15162700017632);
INSERT INTO supply(goods_id, building_id, max_supply, current_output, level) VALUES (49, 2397, 140.0, 7, 130.52130160014104);
INSERT INTO building(id, name, level) VALUES (2398, "building_glassworkslevel", 8);
INSERT INTO demand(goods_id, building_id, max_demand, current_input, level) VALUES (10, 2398, 240.0, 8, 191.25240822929683);
INSERT INTO demand(goods_id, building_id, max_demand, current_input, level) VALUES (21, 2398, 120.0, 8, 186.58200899550224);
INSERT INTO supply(goods_id, building_id, max_supply, current_output, level) VALUES (31, 2398, 79.99999999999999, 8, 71.87540137154946);
INSERT INTO supply(goods_id, building_id, max_supply, current_output, level) VALUES (35, 2398, 200.0, 8, 179.68850342887367);
INSERT INTO building(id, name, level) VALUES (2399, "building_logging_camplevel", 5);
INSERT INTO supply(goods_id, building_id, max_supply, current_output, level) VALUES (10, 2399, 50.0, 5, 52.0);
INSERT INTO supply(goods_id, building_id, max_supply, current_output, level) VALUES (26, 2399, 50.0, 5, 52.0);
INSERT INTO building(id, name, level) VALUES (2400, "building_opium_plantationlevel", 5);
INSERT INTO supply(goods_id, building_id, max_supply, current_output, level) VALUES (44, 2400, 99.6, 5, 103.584);
INSERT INTO building(id, name, level) VALUES (2401, "building_dye_plantationlevel", 8);
INSERT INTO supply(goods_id, building_id, max_supply, current_output, level) VALUES (21, 2401, 199.2, 8, 213.144);
INSERT INTO building(id, name, level) VALUES (2402, "building_tea_plantationlevel", 4);
INSERT INTO supply(goods_id, building_id, max_supply, current_output, level) VALUES (40, 2402, 79.68, 4, 82.0704);
INSERT INTO building(id, name, level) VALUES (2403, "building_barrackslevel", 10);
INSERT INTO building(id, name, level) VALUES (2404, "building_government_administrationlevel", 8);
INSERT INTO demand(goods_id, building_id, max_demand, current_input, level) VALUES (14, 2404, 79.99999999999999, 8, 49.15372884692387);
INSERT INTO building(id, name, level) VALUES (2405, "building_iron_minelevel", 1);
INSERT INTO demand(goods_id, building_id, max_demand, current_input, level) VALUES (33, 2405, 5.0, 1, 35.46483620306717);
INSERT INTO supply(goods_id, building_id, max_supply, current_output, level) VALUES (24, 2405, 20.0, 1, 20.0);
INSERT INTO building(id, name, level) VALUES (2406, "building_rice_farmlevel", 8);
INSERT INTO supply(goods_id, building_id, max_supply, current_output, level) VALUES (7, 2406, 159.35999999999999, 8, 170.5152);
INSERT INTO supply(goods_id, building_id, max_supply, current_output, level) VALUES (37, 2406, 47.80799999999999, 8, 51.15456);
INSERT INTO supply(goods_id, building_id, max_supply, current_output, level) VALUES (42, 2406, 71.712, 8, 76.73184);
INSERT INTO building(id, name, level) VALUES (2407, "building_dye_plantationlevel", 6);
INSERT INTO supply(goods_id, building_id, max_supply, current_output, level) VALUES (21, 2407, 149.4, 6, 156.87);
INSERT INTO building(id, name, level) VALUES (2408, "building_silk_plantationlevel", 10);
INSERT INTO supply(goods_id, building_id, max_supply, current_output, level) VALUES (20, 2408, 199.2, 10, 266.928);
INSERT INTO building(id, name, level) VALUES (2409, "building_barrackslevel", 20);
INSERT INTO building(id, name, level) VALUES (2410, "building_livestock_ranchlevel", 1);
INSERT INTO supply(goods_id, building_id, max_supply, current_output, level) VALUES (9, 2410, 29.88, 1, 23.904);
INSERT INTO supply(goods_id, building_id, max_supply, current_output, level) VALUES (36, 2410, 4.9799999999999995, 1, 3.984);
INSERT INTO building(id, name, level) VALUES (2411, "building_barrackslevel", 5);
INSERT INTO building(id, name, level) VALUES (2412, "building_livestock_ranchlevel", 2);
INSERT INTO supply(goods_id, building_id, max_supply, current_output, level) VALUES (9, 2412, 59.76, 2, 48.4056);
INSERT INTO supply(goods_id, building_id, max_supply, current_output, level) VALUES (36, 2412, 9.96, 2, 8.0676);
INSERT INTO building(id, name, level) VALUES (2413, "building_barrackslevel", 5);
INSERT INTO building(id, name, level) VALUES (2414, "building_government_administrationlevel", 9);
INSERT INTO demand(goods_id, building_id, max_demand, current_input, level) VALUES (14, 2414, 90.0, 9, 55.29794495278937);
INSERT INTO building(id, name, level) VALUES (2415, "building_banana_plantationlevel", 8);
INSERT INTO supply(goods_id, building_id, max_supply, current_output, level) VALUES (37, 2415, 239.03999999999996, 8, 255.7728);
INSERT INTO building(id, name, level) VALUES (2416, "building_rice_farmlevel", 7);
INSERT INTO supply(goods_id, building_id, max_supply, current_output, level) VALUES (7, 2416, 139.44, 7, 147.8064);
INSERT INTO supply(goods_id, building_id, max_supply, current_output, level) VALUES (37, 2416, 41.832, 7, 44.34192);
INSERT INTO supply(goods_id, building_id, max_supply, current_output, level) VALUES (42, 2416, 62.74799999999999, 7, 66.51288);
INSERT INTO building(id, name, level) VALUES (2417, "building_tea_plantationlevel", 8);
INSERT INTO supply(goods_id, building_id, max_supply, current_output, level) VALUES (40, 2417, 159.35999999999999, 8, 170.5152);
INSERT INTO building(id, name, level) VALUES (2418, "building_dye_plantationlevel", 10);
INSERT INTO supply(goods_id, building_id, max_supply, current_output, level) VALUES (21, 2418, 249.0, 10, 271.41);
INSERT INTO building(id, name, level) VALUES (2419, "building_silk_plantationlevel", 16);
INSERT INTO supply(goods_id, building_id, max_supply, current_output, level) VALUES (20, 2419, 318.72, 16, 446.208);
INSERT INTO building(id, name, level) VALUES (2420, "building_barrackslevel", 20);
INSERT INTO building(id, name, level) VALUES (2421, "building_government_administrationlevel", 20);
INSERT INTO demand(goods_id, building_id, max_demand, current_input, level) VALUES (14, 2421, 200.0, 20, 122.88432211730971);
INSERT INTO building(id, name, level) VALUES (2422, "building_construction_sectorlevel", 3);
INSERT INTO demand(goods_id, building_id, max_demand, current_input, level) VALUES (9, 2422, 75.0, 3, 102.85546531743034);
INSERT INTO demand(goods_id, building_id, max_demand, current_input, level) VALUES (10, 2422, 225.0, 3, 179.2991327149658);
INSERT INTO building(id, name, level) VALUES (2423, "building_tooling_workshopslevel", 4);
INSERT INTO demand(goods_id, building_id, max_demand, current_input, level) VALUES (10, 2423, 119.99999999999999, 4, 95.6262041146484);
INSERT INTO demand(goods_id, building_id, max_demand, current_input, level) VALUES (24, 2423, 80.0, 4, 116.50485436893203);
INSERT INTO supply(goods_id, building_id, max_supply, current_output, level) VALUES (33, 2423, 239.99999999999997, 4, 215.6262041146484);
INSERT INTO building(id, name, level) VALUES (2424, "building_furniture_manufacturieslevel", 5);
INSERT INTO demand(goods_id, building_id, max_demand, current_input, level) VALUES (9, 2424, 50.0, 5, 68.57031021162024);
INSERT INTO demand(goods_id, building_id, max_demand, current_input, level) VALUES (10, 2424, 100.0, 5, 79.68850342887369);
INSERT INTO demand(goods_id, building_id, max_demand, current_input, level) VALUES (26, 2424, 50.0, 5, 52.931596091205215);
INSERT INTO supply(goods_id, building_id, max_supply, current_output, level) VALUES (13, 2424, 125.0, 5, 116.53687642869737);
INSERT INTO supply(goods_id, building_id, max_supply, current_output, level) VALUES (49, 2424, 100.0, 5, 93.2295011429579);
INSERT INTO building(id, name, level) VALUES (2425, "building_wheat_farmlevel", 3);
INSERT INTO supply(goods_id, building_id, max_supply, current_output, level) VALUES (7, 2425, 29.88, 3, 30.4776);
INSERT INTO supply(goods_id, building_id, max_supply, current_output, level) VALUES (37, 2425, 26.892, 3, 27.42984);
INSERT INTO supply(goods_id, building_id, max_supply, current_output, level) VALUES (42, 2425, 17.928, 3, 18.28656);
INSERT INTO building(id, name, level) VALUES (2426, "building_tea_plantationlevel", 5);
INSERT INTO supply(goods_id, building_id, max_supply, current_output, level) VALUES (40, 2426, 99.6, 5, 103.584);
INSERT INTO building(id, name, level) VALUES (2427, "building_barrackslevel", 20);
INSERT INTO building(id, name, level) VALUES (2428, "building_forbidden_citylevel", 1);
INSERT INTO building(id, name, level) VALUES (2429, "building_logging_camplevel", 4);
INSERT INTO supply(goods_id, building_id, max_supply, current_output, level) VALUES (10, 2429, 40.0, 4, 41.2);
INSERT INTO supply(goods_id, building_id, max_supply, current_output, level) VALUES (26, 2429, 40.0, 4, 41.2);
INSERT INTO building(id, name, level) VALUES (2430, "building_livestock_ranchlevel", 10);
INSERT INTO supply(goods_id, building_id, max_supply, current_output, level) VALUES (9, 2430, 298.8, 10, 325.692);
INSERT INTO supply(goods_id, building_id, max_supply, current_output, level) VALUES (36, 2430, 49.79999999999999, 10, 54.282);
INSERT INTO building(id, name, level) VALUES (2431, "building_barrackslevel", 5);
INSERT INTO building(id, name, level) VALUES (2432, "building_government_administrationlevel", 6);
INSERT INTO demand(goods_id, building_id, max_demand, current_input, level) VALUES (14, 2432, 60.0, 6, 36.86529663519291);
INSERT INTO building(id, name, level) VALUES (2433, "building_iron_minelevel", 3);
INSERT INTO demand(goods_id, building_id, max_demand, current_input, level) VALUES (33, 2433, 15.0, 3, 106.39450860920152);
INSERT INTO supply(goods_id, building_id, max_supply, current_output, level) VALUES (24, 2433, 60.0, 3, 60.0);
INSERT INTO building(id, name, level) VALUES (2434, "building_logging_camplevel", 8);
INSERT INTO supply(goods_id, building_id, max_supply, current_output, level) VALUES (10, 2434, 79.99999999999999, 8, 85.6);
INSERT INTO supply(goods_id, building_id, max_supply, current_output, level) VALUES (26, 2434, 79.99999999999999, 8, 85.6);
INSERT INTO building(id, name, level) VALUES (2435, "building_livestock_ranchlevel", 3);
INSERT INTO supply(goods_id, building_id, max_supply, current_output, level) VALUES (9, 2435, 89.64, 3, 91.4328);
INSERT INTO supply(goods_id, building_id, max_supply, current_output, level) VALUES (36, 2435, 14.94, 3, 15.2388);
INSERT INTO building(id, name, level) VALUES (2436, "building_barrackslevel", 20);
INSERT INTO building(id, name, level) VALUES (2437, "building_logging_camplevel", 6);
INSERT INTO supply(goods_id, building_id, max_supply, current_output, level) VALUES (10, 2437, 60.0, 6, 63.0);
INSERT INTO supply(goods_id, building_id, max_supply, current_output, level) VALUES (26, 2437, 60.0, 6, 63.0);
INSERT INTO building(id, name, level) VALUES (2438, "building_livestock_ranchlevel", 2);
INSERT INTO supply(goods_id, building_id, max_supply, current_output, level) VALUES (9, 2438, 59.76, 2, 60.3576);
INSERT INTO supply(goods_id, building_id, max_supply, current_output, level) VALUES (36, 2438, 9.959999999999999, 2, 10.0596);
INSERT INTO building(id, name, level) VALUES (2439, "building_barrackslevel", 10);
INSERT INTO building(id, name, level) VALUES (2440, "building_government_administrationlevel", 7);
INSERT INTO demand(goods_id, building_id, max_demand, current_input, level) VALUES (14, 2440, 70.0, 7, 43.0095127410584);
INSERT INTO building(id, name, level) VALUES (2441, "building_wheat_farmlevel", 7);
INSERT INTO supply(goods_id, building_id, max_supply, current_output, level) VALUES (7, 2441, 69.72, 7, 84.3612);
INSERT INTO supply(goods_id, building_id, max_supply, current_output, level) VALUES (37, 2441, 62.748, 7, 75.92508);
INSERT INTO supply(goods_id, building_id, max_supply, current_output, level) VALUES (42, 2441, 41.832, 7, 50.61672);
INSERT INTO building(id, name, level) VALUES (2442, "building_tea_plantationlevel", 3);
INSERT INTO supply(goods_id, building_id, max_supply, current_output, level) VALUES (40, 2442, 59.76, 3, 60.9552);
INSERT INTO building(id, name, level) VALUES (2443, "building_barrackslevel", 10);
INSERT INTO building(id, name, level) VALUES (2444, "building_government_administrationlevel", 4);
INSERT INTO demand(goods_id, building_id, max_demand, current_input, level) VALUES (14, 2444, 40.0, 4, 24.57686442346194);
INSERT INTO building(id, name, level) VALUES (2445, "building_tea_plantationlevel", 3);
INSERT INTO supply(goods_id, building_id, max_supply, current_output, level) VALUES (40, 2445, 59.76, 3, 60.9552);
INSERT INTO building(id, name, level) VALUES (2446, "building_barrackslevel", 5);
INSERT INTO building(id, name, level) VALUES (2447, "building_livestock_ranchlevel", 6);
INSERT INTO supply(goods_id, building_id, max_supply, current_output, level) VALUES (9, 2447, 179.28, 6, 188.244);
INSERT INTO supply(goods_id, building_id, max_supply, current_output, level) VALUES (36, 2447, 29.88, 6, 31.374);
INSERT INTO building(id, name, level) VALUES (2448, "building_barrackslevel", 5);
INSERT INTO building(id, name, level) VALUES (2449, "building_government_administrationlevel", 4);
INSERT INTO demand(goods_id, building_id, max_demand, current_input, level) VALUES (14, 2449, 40.0, 4, 24.57686442346194);
INSERT INTO building(id, name, level) VALUES (2450, "building_tea_plantationlevel", 5);
INSERT INTO supply(goods_id, building_id, max_supply, current_output, level) VALUES (40, 2450, 99.6, 5, 103.584);
INSERT INTO building(id, name, level) VALUES (2451, "building_barrackslevel", 15);
INSERT INTO building(id, name, level) VALUES (2452, "building_livestock_ranchlevel", 5);
INSERT INTO supply(goods_id, building_id, max_supply, current_output, level) VALUES (9, 2452, 149.4, 5, 155.376);
INSERT INTO supply(goods_id, building_id, max_supply, current_output, level) VALUES (36, 2452, 24.9, 5, 25.896);
INSERT INTO building(id, name, level) VALUES (2453, "building_barrackslevel", 10);
INSERT INTO building(id, name, level) VALUES (2454, "building_government_administrationlevel", 12);
INSERT INTO demand(goods_id, building_id, max_demand, current_input, level) VALUES (14, 2454, 119.99999999999999, 12, 73.73059327038581);
INSERT INTO building(id, name, level) VALUES (2455, "building_paper_millslevel", 4);
INSERT INTO demand(goods_id, building_id, max_demand, current_input, level) VALUES (10, 2455, 119.99999999999999, 4, 95.6262041146484);
INSERT INTO supply(goods_id, building_id, max_supply, current_output, level) VALUES (14, 2455, 160.0, 4, 127.50160548619789);
INSERT INTO building(id, name, level) VALUES (2456, "building_tea_plantationlevel", 10);
INSERT INTO supply(goods_id, building_id, max_supply, current_output, level) VALUES (40, 2456, 199.19999999999996, 10, 217.128);
INSERT INTO building(id, name, level) VALUES (2457, "building_silk_plantationlevel", 10);
INSERT INTO supply(goods_id, building_id, max_supply, current_output, level) VALUES (20, 2457, 199.2, 10, 266.928);
INSERT INTO building(id, name, level) VALUES (2458, "building_barrackslevel", 20);
INSERT INTO building(id, name, level) VALUES (2459, "building_government_administrationlevel", 13);
INSERT INTO demand(goods_id, building_id, max_demand, current_input, level) VALUES (14, 2459, 129.99999999999997, 13, 79.87480937625129);
INSERT INTO building(id, name, level) VALUES (2460, "building_banana_plantationlevel", 7);
INSERT INTO supply(goods_id, building_id, max_supply, current_output, level) VALUES (37, 2460, 209.16, 7, 221.7096);
INSERT INTO building(id, name, level) VALUES (2461, "building_fishing_wharflevel", 5);
INSERT INTO supply(goods_id, building_id, max_supply, current_output, level) VALUES (8, 2461, 125.0, 5, 130.0);
INSERT INTO building(id, name, level) VALUES (2462, "building_silk_plantationlevel", 20);
INSERT INTO supply(goods_id, building_id, max_supply, current_output, level) VALUES (20, 2462, 398.40000000000003, 20, 573.696);
INSERT INTO building(id, name, level) VALUES (2463, "building_rice_farmlevel", 8);
INSERT INTO supply(goods_id, building_id, max_supply, current_output, level) VALUES (7, 2463, 159.35999999999999, 8, 170.5152);
INSERT INTO supply(goods_id, building_id, max_supply, current_output, level) VALUES (37, 2463, 47.80799999999999, 8, 51.15456);
INSERT INTO supply(goods_id, building_id, max_supply, current_output, level) VALUES (42, 2463, 71.712, 8, 76.73184);
INSERT INTO building(id, name, level) VALUES (2464, "building_dye_plantationlevel", 12);
INSERT INTO supply(goods_id, building_id, max_supply, current_output, level) VALUES (21, 2464, 298.79999999999995, 12, 331.668);
INSERT INTO building(id, name, level) VALUES (2465, "building_shipyardslevel", 2);
INSERT INTO demand(goods_id, building_id, max_demand, current_input, level) VALUES (9, 2465, 40.0, 2, 54.85624816929619);
INSERT INTO demand(goods_id, building_id, max_demand, current_input, level) VALUES (10, 2465, 80.0, 2, 63.750802743098944);
INSERT INTO supply(goods_id, building_id, max_supply, current_output, level) VALUES (5, 2465, 30.0, 2, 26.953275514331054);
INSERT INTO supply(goods_id, building_id, max_supply, current_output, level) VALUES (18, 2465, 40.0, 2, 35.937700685774736);
INSERT INTO building(id, name, level) VALUES (2466, "building_barrackslevel", 20);
INSERT INTO building(id, name, level) VALUES (2467, "building_naval_baselevel", 15);
INSERT INTO demand(goods_id, building_id, max_demand, current_input, level) VALUES (5, 2467, 30.0, 15, 26.953275514331054);
INSERT INTO building(id, name, level) VALUES (2468, "building_portlevel", 3);
INSERT INTO demand(goods_id, building_id, max_demand, current_input, level) VALUES (18, 2468, 15.0, 3, 17.968850342887368);
INSERT INTO building(id, name, level) VALUES (2472, "building_government_administrationlevel", 11);
INSERT INTO demand(goods_id, building_id, max_demand, current_input, level) VALUES (14, 2472, 109.99999999999999, 11, 67.58637716452033);
INSERT INTO building(id, name, level) VALUES (2473, "building_silk_plantationlevel", 10);
INSERT INTO supply(goods_id, building_id, max_supply, current_output, level) VALUES (20, 2473, 199.2, 10, 266.928);
INSERT INTO building(id, name, level) VALUES (2474, "building_rice_farmlevel", 5);
INSERT INTO supply(goods_id, building_id, max_supply, current_output, level) VALUES (7, 2474, 99.6, 5, 103.584);
INSERT INTO supply(goods_id, building_id, max_supply, current_output, level) VALUES (37, 2474, 29.88, 5, 31.0752);
INSERT INTO supply(goods_id, building_id, max_supply, current_output, level) VALUES (42, 2474, 44.82, 5, 46.6128);
INSERT INTO building(id, name, level) VALUES (2475, "building_dye_plantationlevel", 10);
INSERT INTO supply(goods_id, building_id, max_supply, current_output, level) VALUES (21, 2475, 249.0, 10, 271.41);
INSERT INTO building(id, name, level) VALUES (2476, "building_fishing_wharflevel", 4);
INSERT INTO supply(goods_id, building_id, max_supply, current_output, level) VALUES (8, 2476, 100.0, 4, 103.0);
INSERT INTO building(id, name, level) VALUES (2477, "building_barrackslevel", 20);
INSERT INTO building(id, name, level) VALUES (2478, "building_government_administrationlevel", 10);
INSERT INTO demand(goods_id, building_id, max_demand, current_input, level) VALUES (14, 2478, 99.99999999999999, 10, 61.44216105865485);
INSERT INTO building(id, name, level) VALUES (2479, "building_textile_millslevel", 8);
INSERT INTO demand(goods_id, building_id, max_demand, current_input, level) VALUES (9, 2479, 240.0, 8, 329.13748901577713);
INSERT INTO demand(goods_id, building_id, max_demand, current_input, level) VALUES (20, 2479, 79.99999999999999, 8, 1100.2542056074765);
INSERT INTO supply(goods_id, building_id, max_supply, current_output, level) VALUES (12, 2479, 200.0, 8, 200.0);
INSERT INTO supply(goods_id, building_id, max_supply, current_output, level) VALUES (48, 2479, 159.99999999999997, 8, 159.99999999999997);
INSERT INTO building(id, name, level) VALUES (2480, "building_tea_plantationlevel", 15);
INSERT INTO supply(goods_id, building_id, max_supply, current_output, level) VALUES (40, 2480, 298.8, 15, 340.632);
INSERT INTO building(id, name, level) VALUES (2481, "building_rice_farmlevel", 4);
INSERT INTO supply(goods_id, building_id, max_supply, current_output, level) VALUES (7, 2481, 79.68, 4, 82.0704);
INSERT INTO supply(goods_id, building_id, max_supply, current_output, level) VALUES (37, 2481, 23.904, 4, 24.62112);
INSERT INTO supply(goods_id, building_id, max_supply, current_output, level) VALUES (42, 2481, 35.856, 4, 36.93168);
INSERT INTO building(id, name, level) VALUES (2482, "building_fishing_wharflevel", 3);
INSERT INTO supply(goods_id, building_id, max_supply, current_output, level) VALUES (8, 2482, 75.0, 3, 76.5);
INSERT INTO building(id, name, level) VALUES (2483, "building_barrackslevel", 10);
INSERT INTO building(id, name, level) VALUES (2484, "building_government_administrationlevel", 12);
INSERT INTO demand(goods_id, building_id, max_demand, current_input, level) VALUES (14, 2484, 119.99999999999999, 12, 73.73059327038581);
INSERT INTO building(id, name, level) VALUES (2485, "building_glassworkslevel", 5);
INSERT INTO demand(goods_id, building_id, max_demand, current_input, level) VALUES (10, 2485, 150.0, 5, 119.53275514331052);
INSERT INTO demand(goods_id, building_id, max_demand, current_input, level) VALUES (21, 2485, 75.0, 5, 116.6137556221889);
INSERT INTO supply(goods_id, building_id, max_supply, current_output, level) VALUES (31, 2485, 50.0, 5, 44.92212585721842);
INSERT INTO supply(goods_id, building_id, max_supply, current_output, level) VALUES (35, 2485, 125.0, 5, 112.30531464304605);
INSERT INTO building(id, name, level) VALUES (2486, "building_tea_plantationlevel", 15);
INSERT INTO supply(goods_id, building_id, max_supply, current_output, level) VALUES (40, 2486, 298.8, 15, 340.632);
INSERT INTO building(id, name, level) VALUES (2487, "building_rice_farmlevel", 8);
INSERT INTO supply(goods_id, building_id, max_supply, current_output, level) VALUES (7, 2487, 159.35999999999999, 8, 170.5152);
INSERT INTO supply(goods_id, building_id, max_supply, current_output, level) VALUES (37, 2487, 47.80799999999999, 8, 51.15456);
INSERT INTO supply(goods_id, building_id, max_supply, current_output, level) VALUES (42, 2487, 71.712, 8, 76.73184);
INSERT INTO building(id, name, level) VALUES (2488, "building_barrackslevel", 20);
INSERT INTO building(id, name, level) VALUES (2489, "building_government_administrationlevel", 17);
INSERT INTO demand(goods_id, building_id, max_demand, current_input, level) VALUES (14, 2489, 170.0, 17, 104.45167379971325);
INSERT INTO building(id, name, level) VALUES (2490, "building_construction_sectorlevel", 2);
INSERT INTO demand(goods_id, building_id, max_demand, current_input, level) VALUES (9, 2490, 50.0, 2, 68.57031021162024);
INSERT INTO demand(goods_id, building_id, max_demand, current_input, level) VALUES (10, 2490, 150.0, 2, 119.53275514331052);
INSERT INTO building(id, name, level) VALUES (2491, "building_glassworkslevel", 10);
INSERT INTO demand(goods_id, building_id, max_demand, current_input, level) VALUES (10, 2491, 300.0, 10, 239.06551028662105);
INSERT INTO demand(goods_id, building_id, max_demand, current_input, level) VALUES (21, 2491, 150.0, 10, 233.2275112443778);
INSERT INTO supply(goods_id, building_id, max_supply, current_output, level) VALUES (31, 2491, 99.99999999999999, 10, 89.84425171443682);
INSERT INTO supply(goods_id, building_id, max_supply, current_output, level) VALUES (35, 2491, 249.99999999999997, 10, 224.61062928609206);
INSERT INTO building(id, name, level) VALUES (2492, "building_tea_plantationlevel", 10);
INSERT INTO supply(goods_id, building_id, max_supply, current_output, level) VALUES (40, 2492, 199.19999999999996, 10, 217.128);
INSERT INTO building(id, name, level) VALUES (2493, "building_rice_farmlevel", 5);
INSERT INTO supply(goods_id, building_id, max_supply, current_output, level) VALUES (7, 2493, 99.6, 5, 103.584);
INSERT INTO supply(goods_id, building_id, max_supply, current_output, level) VALUES (37, 2493, 29.88, 5, 31.0752);
INSERT INTO supply(goods_id, building_id, max_supply, current_output, level) VALUES (42, 2493, 44.82, 5, 46.6128);
INSERT INTO building(id, name, level) VALUES (2494, "building_barrackslevel", 20);
INSERT INTO building(id, name, level) VALUES (2495, "building_government_administrationlevel", 15);
INSERT INTO demand(goods_id, building_id, max_demand, current_input, level) VALUES (14, 2495, 150.0, 15, 92.16324158798228);
INSERT INTO building(id, name, level) VALUES (2496, "building_construction_sectorlevel", 1);
INSERT INTO demand(goods_id, building_id, max_demand, current_input, level) VALUES (9, 2496, 25.0, 1, 34.28515510581012);
INSERT INTO demand(goods_id, building_id, max_demand, current_input, level) VALUES (10, 2496, 75.0, 1, 59.76637757165526);
INSERT INTO building(id, name, level) VALUES (2497, "building_glassworkslevel", 6);
INSERT INTO demand(goods_id, building_id, max_demand, current_input, level) VALUES (10, 2497, 180.0, 6, 143.43930617197262);
INSERT INTO demand(goods_id, building_id, max_demand, current_input, level) VALUES (21, 2497, 90.0, 6, 139.9365067466267);
INSERT INTO supply(goods_id, building_id, max_supply, current_output, level) VALUES (31, 2497, 60.0, 6, 53.90655102866211);
INSERT INTO supply(goods_id, building_id, max_supply, current_output, level) VALUES (35, 2497, 150.0, 6, 134.76637757165525);
INSERT INTO building(id, name, level) VALUES (2498, "building_tea_plantationlevel", 12);
INSERT INTO supply(goods_id, building_id, max_supply, current_output, level) VALUES (40, 2498, 239.04, 12, 265.3344);
INSERT INTO building(id, name, level) VALUES (2499, "building_government_administrationlevel", 13);
INSERT INTO demand(goods_id, building_id, max_demand, current_input, level) VALUES (14, 2499, 129.99999999999997, 13, 79.87480937625129);
INSERT INTO building(id, name, level) VALUES (2500, "building_iron_minelevel", 2);
INSERT INTO demand(goods_id, building_id, max_demand, current_input, level) VALUES (33, 2500, 10.0, 2, 70.92967240613434);
INSERT INTO supply(goods_id, building_id, max_supply, current_output, level) VALUES (24, 2500, 40.0, 2, 40.0);
INSERT INTO building(id, name, level) VALUES (2501, "building_paper_millslevel", 12);
INSERT INTO demand(goods_id, building_id, max_demand, current_input, level) VALUES (10, 2501, 360.0, 12, 286.87861234394524);
INSERT INTO supply(goods_id, building_id, max_supply, current_output, level) VALUES (14, 2501, 479.99999999999994, 12, 382.5048164585936);
INSERT INTO building(id, name, level) VALUES (2502, "building_glassworkslevel", 6);
INSERT INTO demand(goods_id, building_id, max_demand, current_input, level) VALUES (10, 2502, 180.0, 6, 143.43930617197262);
INSERT INTO demand(goods_id, building_id, max_demand, current_input, level) VALUES (21, 2502, 90.0, 6, 139.9365067466267);
INSERT INTO supply(goods_id, building_id, max_supply, current_output, level) VALUES (31, 2502, 60.0, 6, 53.90655102866211);
INSERT INTO supply(goods_id, building_id, max_supply, current_output, level) VALUES (35, 2502, 150.0, 6, 134.76637757165525);
INSERT INTO building(id, name, level) VALUES (2503, "building_wheat_farmlevel", 4);
INSERT INTO supply(goods_id, building_id, max_supply, current_output, level) VALUES (7, 2503, 39.84, 4, 41.0352);
INSERT INTO supply(goods_id, building_id, max_supply, current_output, level) VALUES (37, 2503, 35.856, 4, 36.93168);
INSERT INTO supply(goods_id, building_id, max_supply, current_output, level) VALUES (42, 2503, 23.904, 4, 24.62112);
INSERT INTO building(id, name, level) VALUES (2504, "building_tea_plantationlevel", 10);
INSERT INTO supply(goods_id, building_id, max_supply, current_output, level) VALUES (40, 2504, 199.19999999999996, 10, 217.128);
INSERT INTO building(id, name, level) VALUES (2505, "building_barrackslevel", 20);
INSERT INTO building(id, name, level) VALUES (2506, "building_government_administrationlevel", 12);
INSERT INTO demand(goods_id, building_id, max_demand, current_input, level) VALUES (14, 2506, 119.99999999999999, 12, 73.73059327038581);
INSERT INTO building(id, name, level) VALUES (2507, "building_glassworkslevel", 5);
INSERT INTO demand(goods_id, building_id, max_demand, current_input, level) VALUES (10, 2507, 150.0, 5, 119.53275514331052);
INSERT INTO demand(goods_id, building_id, max_demand, current_input, level) VALUES (21, 2507, 75.0, 5, 116.6137556221889);
INSERT INTO supply(goods_id, building_id, max_supply, current_output, level) VALUES (31, 2507, 50.0, 5, 44.92212585721842);
INSERT INTO supply(goods_id, building_id, max_supply, current_output, level) VALUES (35, 2507, 125.0, 5, 112.30531464304605);
INSERT INTO building(id, name, level) VALUES (2508, "building_rice_farmlevel", 5);
INSERT INTO supply(goods_id, building_id, max_supply, current_output, level) VALUES (7, 2508, 99.6, 5, 103.584);
INSERT INTO supply(goods_id, building_id, max_supply, current_output, level) VALUES (37, 2508, 29.88, 5, 31.0752);
INSERT INTO supply(goods_id, building_id, max_supply, current_output, level) VALUES (42, 2508, 44.82, 5, 46.6128);
INSERT INTO building(id, name, level) VALUES (2509, "building_silk_plantationlevel", 10);
INSERT INTO supply(goods_id, building_id, max_supply, current_output, level) VALUES (20, 2509, 199.2, 10, 266.928);
INSERT INTO building(id, name, level) VALUES (2510, "building_tea_plantationlevel", 17);
INSERT INTO supply(goods_id, building_id, max_supply, current_output, level) VALUES (40, 2510, 338.64000000000004, 17, 392.8224);
INSERT INTO building(id, name, level) VALUES (2511, "building_barrackslevel", 20);
INSERT INTO building(id, name, level) VALUES (2512, "building_government_administrationlevel", 12);
INSERT INTO demand(goods_id, building_id, max_demand, current_input, level) VALUES (14, 2512, 119.99999999999999, 12, 73.73059327038581);
INSERT INTO building(id, name, level) VALUES (2513, "building_furniture_manufacturieslevel", 10);
INSERT INTO demand(goods_id, building_id, max_demand, current_input, level) VALUES (9, 2513, 99.99999999999999, 10, 137.14062042324045);
INSERT INTO demand(goods_id, building_id, max_demand, current_input, level) VALUES (10, 2513, 199.99999999999997, 10, 159.37700685774735);
INSERT INTO demand(goods_id, building_id, max_demand, current_input, level) VALUES (26, 2513, 99.99999999999999, 10, 105.86319218241042);
INSERT INTO supply(goods_id, building_id, max_supply, current_output, level) VALUES (13, 2513, 249.99999999999997, 10, 233.0737528573947);
INSERT INTO supply(goods_id, building_id, max_supply, current_output, level) VALUES (49, 2513, 199.99999999999997, 10, 186.45900228591577);
INSERT INTO building(id, name, level) VALUES (2514, "building_rice_farmlevel", 12);
INSERT INTO supply(goods_id, building_id, max_supply, current_output, level) VALUES (7, 2514, 239.04, 12, 265.3344);
INSERT INTO supply(goods_id, building_id, max_supply, current_output, level) VALUES (37, 2514, 71.71199999999999, 12, 79.60032);
INSERT INTO supply(goods_id, building_id, max_supply, current_output, level) VALUES (42, 2514, 107.568, 12, 119.40048);
INSERT INTO building(id, name, level) VALUES (2515, "building_paper_millslevel", 7);
INSERT INTO demand(goods_id, building_id, max_demand, current_input, level) VALUES (10, 2515, 209.99999999999997, 7, 167.3458572006347);
INSERT INTO supply(goods_id, building_id, max_supply, current_output, level) VALUES (14, 2515, 280.0, 7, 223.12780960084632);
INSERT INTO building(id, name, level) VALUES (2516, "building_tea_plantationlevel", 10);
INSERT INTO supply(goods_id, building_id, max_supply, current_output, level) VALUES (40, 2516, 199.19999999999996, 10, 217.128);
INSERT INTO building(id, name, level) VALUES (2517, "building_barrackslevel", 20);
INSERT INTO building(id, name, level) VALUES (2518, "building_government_administrationlevel", 11);
INSERT INTO demand(goods_id, building_id, max_demand, current_input, level) VALUES (14, 2518, 109.99999999999999, 11, 67.58637716452033);
INSERT INTO building(id, name, level) VALUES (2519, "building_rice_farmlevel", 6);
INSERT INTO supply(goods_id, building_id, max_supply, current_output, level) VALUES (7, 2519, 119.52, 6, 125.496);
INSERT INTO supply(goods_id, building_id, max_supply, current_output, level) VALUES (37, 2519, 35.856, 6, 37.6488);
INSERT INTO supply(goods_id, building_id, max_supply, current_output, level) VALUES (42, 2519, 53.784, 6, 56.4732);
INSERT INTO building(id, name, level) VALUES (2520, "building_tea_plantationlevel", 15);
INSERT INTO supply(goods_id, building_id, max_supply, current_output, level) VALUES (40, 2520, 298.8, 15, 340.632);
INSERT INTO building(id, name, level) VALUES (2521, "building_barrackslevel", 15);
INSERT INTO building(id, name, level) VALUES (2522, "building_government_administrationlevel", 9);
INSERT INTO demand(goods_id, building_id, max_demand, current_input, level) VALUES (14, 2522, 90.0, 9, 55.29794495278937);
INSERT INTO building(id, name, level) VALUES (2523, "building_paper_millslevel", 10);
INSERT INTO demand(goods_id, building_id, max_demand, current_input, level) VALUES (10, 2523, 300.0, 10, 239.06551028662105);
INSERT INTO supply(goods_id, building_id, max_supply, current_output, level) VALUES (14, 2523, 399.99999999999994, 10, 318.7540137154947);
INSERT INTO building(id, name, level) VALUES (2524, "building_furniture_manufacturieslevel", 10);
INSERT INTO demand(goods_id, building_id, max_demand, current_input, level) VALUES (9, 2524, 99.99999999999999, 10, 137.14062042324045);
INSERT INTO demand(goods_id, building_id, max_demand, current_input, level) VALUES (10, 2524, 199.99999999999997, 10, 159.37700685774735);
INSERT INTO demand(goods_id, building_id, max_demand, current_input, level) VALUES (26, 2524, 99.99999999999999, 10, 105.86319218241042);
INSERT INTO supply(goods_id, building_id, max_supply, current_output, level) VALUES (13, 2524, 249.99999999999997, 10, 233.0737528573947);
INSERT INTO supply(goods_id, building_id, max_supply, current_output, level) VALUES (49, 2524, 199.99999999999997, 10, 186.45900228591577);
INSERT INTO building(id, name, level) VALUES (2525, "building_rice_farmlevel", 6);
INSERT INTO supply(goods_id, building_id, max_supply, current_output, level) VALUES (7, 2525, 119.52, 6, 125.496);
INSERT INTO supply(goods_id, building_id, max_supply, current_output, level) VALUES (37, 2525, 35.856, 6, 37.6488);
INSERT INTO supply(goods_id, building_id, max_supply, current_output, level) VALUES (42, 2525, 53.784, 6, 56.4732);
INSERT INTO building(id, name, level) VALUES (2526, "building_tea_plantationlevel", 10);
INSERT INTO supply(goods_id, building_id, max_supply, current_output, level) VALUES (40, 2526, 199.19999999999996, 10, 217.128);
INSERT INTO building(id, name, level) VALUES (2527, "building_barrackslevel", 15);
INSERT INTO building(id, name, level) VALUES (2528, "building_government_administrationlevel", 10);
INSERT INTO demand(goods_id, building_id, max_demand, current_input, level) VALUES (14, 2528, 99.99999999999999, 10, 61.44216105865485);
INSERT INTO building(id, name, level) VALUES (2529, "building_furniture_manufacturieslevel", 8);
INSERT INTO demand(goods_id, building_id, max_demand, current_input, level) VALUES (9, 2529, 79.99999999999999, 8, 109.71249633859236);
INSERT INTO demand(goods_id, building_id, max_demand, current_input, level) VALUES (10, 2529, 159.99999999999997, 8, 127.50160548619786);
INSERT INTO demand(goods_id, building_id, max_demand, current_input, level) VALUES (26, 2529, 79.99999999999999, 8, 84.69055374592833);
INSERT INTO supply(goods_id, building_id, max_supply, current_output, level) VALUES (13, 2529, 200.0, 8, 186.4590022859158);
INSERT INTO supply(goods_id, building_id, max_supply, current_output, level) VALUES (49, 2529, 159.99999999999997, 8, 149.1672018287326);
INSERT INTO building(id, name, level) VALUES (2530, "building_rice_farmlevel", 4);
INSERT INTO supply(goods_id, building_id, max_supply, current_output, level) VALUES (7, 2530, 79.68, 4, 82.0704);
INSERT INTO supply(goods_id, building_id, max_supply, current_output, level) VALUES (37, 2530, 23.904, 4, 24.62112);
INSERT INTO supply(goods_id, building_id, max_supply, current_output, level) VALUES (42, 2530, 35.856, 4, 36.93168);
INSERT INTO building(id, name, level) VALUES (2531, "building_paper_millslevel", 10);
INSERT INTO demand(goods_id, building_id, max_demand, current_input, level) VALUES (10, 2531, 300.0, 10, 239.06551028662105);
INSERT INTO supply(goods_id, building_id, max_supply, current_output, level) VALUES (14, 2531, 399.99999999999994, 10, 318.7540137154947);
INSERT INTO building(id, name, level) VALUES (2532, "building_tea_plantationlevel", 6);
INSERT INTO supply(goods_id, building_id, max_supply, current_output, level) VALUES (40, 2532, 119.52, 6, 125.496);
INSERT INTO building(id, name, level) VALUES (2533, "building_silk_plantationlevel", 10);
INSERT INTO supply(goods_id, building_id, max_supply, current_output, level) VALUES (20, 2533, 199.2, 10, 266.928);
INSERT INTO building(id, name, level) VALUES (2534, "building_barrackslevel", 20);
INSERT INTO building(id, name, level) VALUES (2535, "building_government_administrationlevel", 6);
INSERT INTO demand(goods_id, building_id, max_demand, current_input, level) VALUES (14, 2535, 60.0, 6, 36.86529663519291);
INSERT INTO building(id, name, level) VALUES (2536, "building_logging_camplevel", 6);
INSERT INTO supply(goods_id, building_id, max_supply, current_output, level) VALUES (10, 2536, 60.0, 6, 63.0);
INSERT INTO supply(goods_id, building_id, max_supply, current_output, level) VALUES (26, 2536, 60.0, 6, 63.0);
INSERT INTO building(id, name, level) VALUES (2537, "building_rice_farmlevel", 6);
INSERT INTO supply(goods_id, building_id, max_supply, current_output, level) VALUES (7, 2537, 119.52, 6, 125.496);
INSERT INTO supply(goods_id, building_id, max_supply, current_output, level) VALUES (37, 2537, 35.856, 6, 37.6488);
INSERT INTO supply(goods_id, building_id, max_supply, current_output, level) VALUES (42, 2537, 53.784, 6, 56.4732);
INSERT INTO building(id, name, level) VALUES (2538, "building_tea_plantationlevel", 8);
INSERT INTO supply(goods_id, building_id, max_supply, current_output, level) VALUES (40, 2538, 159.35999999999999, 8, 170.5152);
INSERT INTO building(id, name, level) VALUES (2539, "building_barrackslevel", 10);
INSERT INTO building(id, name, level) VALUES (2540, "building_fishing_wharflevel", 5);
INSERT INTO supply(goods_id, building_id, max_supply, current_output, level) VALUES (8, 2540, 125.0, 5, 130.0);
INSERT INTO building(id, name, level) VALUES (2541, "building_tea_plantationlevel", 3);
INSERT INTO supply(goods_id, building_id, max_supply, current_output, level) VALUES (40, 2541, 59.76, 3, 60.9552);
INSERT INTO building(id, name, level) VALUES (2542, "building_banana_plantationlevel", 5);
INSERT INTO supply(goods_id, building_id, max_supply, current_output, level) VALUES (37, 2542, 149.4, 5, 155.376);
INSERT INTO building(id, name, level) VALUES (2543, "building_barrackslevel", 5);
INSERT INTO building(id, name, level) VALUES (2544, "building_portlevel", 1);
INSERT INTO demand(goods_id, building_id, max_demand, current_input, level) VALUES (18, 2544, 5.0, 1, 5.989616780962455);
INSERT INTO building(id, name, level) VALUES (2545, "building_government_administrationlevel", 9);
INSERT INTO demand(goods_id, building_id, max_demand, current_input, level) VALUES (14, 2545, 90.0, 9, 55.29794495278937);
INSERT INTO building(id, name, level) VALUES (2546, "building_glassworkslevel", 10);
INSERT INTO demand(goods_id, building_id, max_demand, current_input, level) VALUES (10, 2546, 300.0, 10, 239.06551028662105);
INSERT INTO demand(goods_id, building_id, max_demand, current_input, level) VALUES (21, 2546, 150.0, 10, 233.2275112443778);
INSERT INTO supply(goods_id, building_id, max_supply, current_output, level) VALUES (31, 2546, 99.99999999999999, 10, 89.84425171443682);
INSERT INTO supply(goods_id, building_id, max_supply, current_output, level) VALUES (35, 2546, 249.99999999999997, 10, 224.61062928609206);
INSERT INTO building(id, name, level) VALUES (2547, "building_textile_millslevel", 8);
INSERT INTO demand(goods_id, building_id, max_demand, current_input, level) VALUES (9, 2547, 240.0, 8, 329.13748901577713);
INSERT INTO demand(goods_id, building_id, max_demand, current_input, level) VALUES (20, 2547, 79.99999999999999, 8, 1100.2542056074765);
INSERT INTO supply(goods_id, building_id, max_supply, current_output, level) VALUES (12, 2547, 200.0, 8, 200.0);
INSERT INTO supply(goods_id, building_id, max_supply, current_output, level) VALUES (48, 2547, 159.99999999999997, 8, 159.99999999999997);
INSERT INTO building(id, name, level) VALUES (2548, "building_tea_plantationlevel", 3);
INSERT INTO supply(goods_id, building_id, max_supply, current_output, level) VALUES (40, 2548, 59.76, 3, 60.9552);
INSERT INTO building(id, name, level) VALUES (2549, "building_wheat_farmlevel", 3);
INSERT INTO supply(goods_id, building_id, max_supply, current_output, level) VALUES (7, 2549, 29.88, 3, 30.4776);
INSERT INTO supply(goods_id, building_id, max_supply, current_output, level) VALUES (37, 2549, 26.892, 3, 27.42984);
INSERT INTO supply(goods_id, building_id, max_supply, current_output, level) VALUES (42, 2549, 17.928, 3, 18.28656);
INSERT INTO building(id, name, level) VALUES (2550, "building_fishing_wharflevel", 6);
INSERT INTO supply(goods_id, building_id, max_supply, current_output, level) VALUES (8, 2550, 150.0, 6, 157.5);
INSERT INTO building(id, name, level) VALUES (2551, "building_barrackslevel", 10);
INSERT INTO building(id, name, level) VALUES (2552, "building_portlevel", 1);
INSERT INTO demand(goods_id, building_id, max_demand, current_input, level) VALUES (18, 2552, 5.0, 1, 5.989616780962455);
INSERT INTO building(id, name, level) VALUES (2553, "building_government_administrationlevel", 16);
INSERT INTO demand(goods_id, building_id, max_demand, current_input, level) VALUES (14, 2553, 160.0, 16, 98.30745769384777);
INSERT INTO building(id, name, level) VALUES (2554, "building_paper_millslevel", 10);
INSERT INTO demand(goods_id, building_id, max_demand, current_input, level) VALUES (10, 2554, 300.0, 10, 239.06551028662105);
INSERT INTO supply(goods_id, building_id, max_supply, current_output, level) VALUES (14, 2554, 399.99999999999994, 10, 318.7540137154947);
INSERT INTO building(id, name, level) VALUES (2555, "building_tea_plantationlevel", 12);
INSERT INTO supply(goods_id, building_id, max_supply, current_output, level) VALUES (40, 2555, 239.04, 12, 265.3344);
INSERT INTO building(id, name, level) VALUES (2556, "building_fishing_wharflevel", 4);
INSERT INTO supply(goods_id, building_id, max_supply, current_output, level) VALUES (8, 2556, 100.0, 4, 103.0);
INSERT INTO building(id, name, level) VALUES (2557, "building_barrackslevel", 10);
INSERT INTO building(id, name, level) VALUES (2558, "building_portlevel", 1);
INSERT INTO demand(goods_id, building_id, max_demand, current_input, level) VALUES (18, 2558, 5.0, 1, 5.989616780962455);
INSERT INTO building(id, name, level) VALUES (2559, "building_livestock_ranchlevel", 4);
INSERT INTO supply(goods_id, building_id, max_supply, current_output, level) VALUES (9, 2559, 119.52, 4, 123.1056);
INSERT INTO supply(goods_id, building_id, max_supply, current_output, level) VALUES (36, 2559, 19.92, 4, 20.5176);
INSERT INTO building(id, name, level) VALUES (2560, "building_livestock_ranchlevel", 6);
INSERT INTO supply(goods_id, building_id, max_supply, current_output, level) VALUES (9, 2560, 179.28, 6, 188.244);
INSERT INTO supply(goods_id, building_id, max_supply, current_output, level) VALUES (36, 2560, 29.88, 6, 31.374);
INSERT INTO building(id, name, level) VALUES (2897, "building_subsistence_rice_paddieslevel", 344);
INSERT INTO supply(goods_id, building_id, max_supply, current_output, level) VALUES (7, 2897, 1888.216, 344, 1888.216);
INSERT INTO supply(goods_id, building_id, max_supply, current_output, level) VALUES (9, 2897, 257.484, 344, 257.484);
INSERT INTO supply(goods_id, building_id, max_supply, current_output, level) VALUES (10, 2897, 257.484, 344, 257.484);
INSERT INTO supply(goods_id, building_id, max_supply, current_output, level) VALUES (12, 2897, 343.312, 344, 343.312);
INSERT INTO supply(goods_id, building_id, max_supply, current_output, level) VALUES (13, 2897, 343.312, 344, 343.312);
INSERT INTO supply(goods_id, building_id, max_supply, current_output, level) VALUES (15, 2897, 343.312, 344, 343.312);
INSERT INTO supply(goods_id, building_id, max_supply, current_output, level) VALUES (38, 2897, 514.968, 344, 514.968);
INSERT INTO building(id, name, level) VALUES (2898, "building_urban_centerlevel", 6);
INSERT INTO demand(goods_id, building_id, max_demand, current_input, level) VALUES (10, 2898, 30.0, 6, 23.906551028662104);
INSERT INTO demand(goods_id, building_id, max_demand, current_input, level) VALUES (31, 2898, 30.0, 6, 17.838079080404448);
INSERT INTO supply(goods_id, building_id, max_supply, current_output, level) VALUES (15, 2898, 240.0, 6, 166.9785204362662);
INSERT INTO building(id, name, level) VALUES (2899, "building_subsistence_rice_paddieslevel", 388);
INSERT INTO supply(goods_id, building_id, max_supply, current_output, level) VALUES (7, 2899, 2129.732, 388, 2129.732);
INSERT INTO supply(goods_id, building_id, max_supply, current_output, level) VALUES (9, 2899, 290.418, 388, 290.418);
INSERT INTO supply(goods_id, building_id, max_supply, current_output, level) VALUES (10, 2899, 290.418, 388, 290.418);
INSERT INTO supply(goods_id, building_id, max_supply, current_output, level) VALUES (12, 2899, 387.224, 388, 387.224);
INSERT INTO supply(goods_id, building_id, max_supply, current_output, level) VALUES (13, 2899, 387.224, 388, 387.224);
INSERT INTO supply(goods_id, building_id, max_supply, current_output, level) VALUES (15, 2899, 387.224, 388, 387.224);
INSERT INTO supply(goods_id, building_id, max_supply, current_output, level) VALUES (38, 2899, 580.836, 388, 580.836);
INSERT INTO building(id, name, level) VALUES (2900, "building_urban_centerlevel", 6);
INSERT INTO demand(goods_id, building_id, max_demand, current_input, level) VALUES (10, 2900, 30.0, 6, 23.906551028662104);
INSERT INTO demand(goods_id, building_id, max_demand, current_input, level) VALUES (31, 2900, 30.0, 6, 17.838079080404448);
INSERT INTO supply(goods_id, building_id, max_supply, current_output, level) VALUES (15, 2900, 240.0, 6, 166.9785204362662);
INSERT INTO building(id, name, level) VALUES (3062, "building_subsistence_pastureslevel", 34);
INSERT INTO supply(goods_id, building_id, max_supply, current_output, level) VALUES (7, 3062, 16.31167, 34, 16.31167);
INSERT INTO supply(goods_id, building_id, max_supply, current_output, level) VALUES (9, 3062, 24.4675, 34, 24.4675);
INSERT INTO supply(goods_id, building_id, max_supply, current_output, level) VALUES (10, 3062, 8.15583, 34, 8.15583);
INSERT INTO supply(goods_id, building_id, max_supply, current_output, level) VALUES (12, 3062, 16.31167, 34, 16.31167);
INSERT INTO supply(goods_id, building_id, max_supply, current_output, level) VALUES (13, 3062, 16.31167, 34, 16.31167);
INSERT INTO supply(goods_id, building_id, max_supply, current_output, level) VALUES (15, 3062, 16.31167, 34, 16.31167);
INSERT INTO supply(goods_id, building_id, max_supply, current_output, level) VALUES (36, 3062, 54.15474, 34, 54.15474);
INSERT INTO supply(goods_id, building_id, max_supply, current_output, level) VALUES (38, 3062, 22.83633, 34, 22.83633);
INSERT INTO building(id, name, level) VALUES (3063, "building_subsistence_pastureslevel", 26);
INSERT INTO supply(goods_id, building_id, max_supply, current_output, level) VALUES (7, 3063, 12.948, 26, 12.948);
INSERT INTO supply(goods_id, building_id, max_supply, current_output, level) VALUES (9, 3063, 19.422, 26, 19.422);
INSERT INTO supply(goods_id, building_id, max_supply, current_output, level) VALUES (10, 3063, 6.474, 26, 6.474);
INSERT INTO supply(goods_id, building_id, max_supply, current_output, level) VALUES (12, 3063, 12.948, 26, 12.948);
INSERT INTO supply(goods_id, building_id, max_supply, current_output, level) VALUES (13, 3063, 12.948, 26, 12.948);
INSERT INTO supply(goods_id, building_id, max_supply, current_output, level) VALUES (15, 3063, 12.948, 26, 12.948);
INSERT INTO supply(goods_id, building_id, max_supply, current_output, level) VALUES (36, 3063, 42.98736, 26, 42.98736);
INSERT INTO supply(goods_id, building_id, max_supply, current_output, level) VALUES (38, 3063, 18.1272, 26, 18.1272);
INSERT INTO building(id, name, level) VALUES (3701, "building_subsistence_pastureslevel", 27);
INSERT INTO supply(goods_id, building_id, max_supply, current_output, level) VALUES (7, 3701, 12.56404, 27, 12.56404);
INSERT INTO supply(goods_id, building_id, max_supply, current_output, level) VALUES (9, 3701, 18.84606, 27, 18.84606);
INSERT INTO supply(goods_id, building_id, max_supply, current_output, level) VALUES (10, 3701, 6.28202, 27, 6.28202);
INSERT INTO supply(goods_id, building_id, max_supply, current_output, level) VALUES (12, 3701, 12.56404, 27, 12.56404);
INSERT INTO supply(goods_id, building_id, max_supply, current_output, level) VALUES (13, 3701, 12.56404, 27, 12.56404);
INSERT INTO supply(goods_id, building_id, max_supply, current_output, level) VALUES (15, 3701, 12.56404, 27, 12.56404);
INSERT INTO supply(goods_id, building_id, max_supply, current_output, level) VALUES (36, 3701, 41.71262, 27, 41.71262);
INSERT INTO supply(goods_id, building_id, max_supply, current_output, level) VALUES (38, 3701, 17.58966, 27, 17.58966);
INSERT INTO building(id, name, level) VALUES (3702, "building_subsistence_pastureslevel", 37);
INSERT INTO supply(goods_id, building_id, max_supply, current_output, level) VALUES (7, 3702, 18.3514375, 37, 14.68115);
INSERT INTO supply(goods_id, building_id, max_supply, current_output, level) VALUES (9, 3702, 27.5271625, 37, 22.02173);
INSERT INTO supply(goods_id, building_id, max_supply, current_output, level) VALUES (10, 3702, 9.1757125, 37, 7.34057);
INSERT INTO supply(goods_id, building_id, max_supply, current_output, level) VALUES (12, 3702, 18.3514375, 37, 14.68115);
INSERT INTO supply(goods_id, building_id, max_supply, current_output, level) VALUES (13, 3702, 18.3514375, 37, 14.68115);
INSERT INTO supply(goods_id, building_id, max_supply, current_output, level) VALUES (15, 3702, 18.3514375, 37, 14.68115);
INSERT INTO supply(goods_id, building_id, max_supply, current_output, level) VALUES (36, 3702, 60.926787499999996, 37, 48.74143);
INSERT INTO supply(goods_id, building_id, max_supply, current_output, level) VALUES (38, 3702, 25.692012499999997, 37, 20.55361);
INSERT INTO building(id, name, level) VALUES (3703, "building_subsistence_rice_paddieslevel", 324);
INSERT INTO supply(goods_id, building_id, max_supply, current_output, level) VALUES (7, 3703, 1778.4360000000001, 324, 2045.2014);
INSERT INTO supply(goods_id, building_id, max_supply, current_output, level) VALUES (9, 3703, 242.514, 324, 278.8911);
INSERT INTO supply(goods_id, building_id, max_supply, current_output, level) VALUES (10, 3703, 242.514, 324, 278.8911);
INSERT INTO supply(goods_id, building_id, max_supply, current_output, level) VALUES (12, 3703, 323.35200000000003, 324, 371.8548);
INSERT INTO supply(goods_id, building_id, max_supply, current_output, level) VALUES (13, 3703, 323.35200000000003, 324, 371.8548);
INSERT INTO supply(goods_id, building_id, max_supply, current_output, level) VALUES (15, 3703, 323.35200000000003, 324, 371.8548);
INSERT INTO supply(goods_id, building_id, max_supply, current_output, level) VALUES (38, 3703, 485.028, 324, 557.7822);
INSERT INTO building(id, name, level) VALUES (3704, "building_urban_centerlevel", 5);
INSERT INTO demand(goods_id, building_id, max_demand, current_input, level) VALUES (10, 3704, 25.0, 5, 19.922125857218422);
INSERT INTO demand(goods_id, building_id, max_demand, current_input, level) VALUES (31, 3704, 25.0, 5, 14.865065900337044);
INSERT INTO supply(goods_id, building_id, max_supply, current_output, level) VALUES (15, 3704, 200.0, 5, 139.14876703022188);
INSERT INTO building(id, name, level) VALUES (3705, "building_subsistence_rice_paddieslevel", 130);
INSERT INTO supply(goods_id, building_id, max_supply, current_output, level) VALUES (7, 3705, 713.57, 130, 713.57);
INSERT INTO supply(goods_id, building_id, max_supply, current_output, level) VALUES (9, 3705, 97.305, 130, 97.305);
INSERT INTO supply(goods_id, building_id, max_supply, current_output, level) VALUES (10, 3705, 97.305, 130, 97.305);
INSERT INTO supply(goods_id, building_id, max_supply, current_output, level) VALUES (12, 3705, 129.74, 130, 129.74);
INSERT INTO supply(goods_id, building_id, max_supply, current_output, level) VALUES (13, 3705, 129.74, 130, 129.74);
INSERT INTO supply(goods_id, building_id, max_supply, current_output, level) VALUES (15, 3705, 129.74, 130, 129.74);
INSERT INTO supply(goods_id, building_id, max_supply, current_output, level) VALUES (38, 3705, 194.61, 130, 194.61);
INSERT INTO building(id, name, level) VALUES (3706, "building_urban_centerlevel", 3);
INSERT INTO demand(goods_id, building_id, max_demand, current_input, level) VALUES (10, 3706, 15.0, 3, 11.953275514331052);
INSERT INTO demand(goods_id, building_id, max_demand, current_input, level) VALUES (31, 3706, 15.0, 3, 8.919039540202224);
INSERT INTO supply(goods_id, building_id, max_supply, current_output, level) VALUES (15, 3706, 120.0, 3, 83.4892602181331);
INSERT INTO building(id, name, level) VALUES (3707, "building_subsistence_rice_paddieslevel", 93);
INSERT INTO supply(goods_id, building_id, max_supply, current_output, level) VALUES (7, 3707, 481.39822, 93, 481.39822);
INSERT INTO supply(goods_id, building_id, max_supply, current_output, level) VALUES (9, 3707, 65.64521, 93, 65.64521);
INSERT INTO supply(goods_id, building_id, max_supply, current_output, level) VALUES (10, 3707, 65.64521, 93, 65.64521);
INSERT INTO supply(goods_id, building_id, max_supply, current_output, level) VALUES (12, 3707, 87.52695, 93, 87.52695);
INSERT INTO supply(goods_id, building_id, max_supply, current_output, level) VALUES (13, 3707, 87.52695, 93, 87.52695);
INSERT INTO supply(goods_id, building_id, max_supply, current_output, level) VALUES (15, 3707, 87.52695, 93, 87.52695);
INSERT INTO supply(goods_id, building_id, max_supply, current_output, level) VALUES (38, 3707, 131.29042, 93, 131.29042);
INSERT INTO building(id, name, level) VALUES (3708, "building_urban_centerlevel", 6);
INSERT INTO demand(goods_id, building_id, max_demand, current_input, level) VALUES (10, 3708, 30.0, 6, 23.906551028662104);
INSERT INTO demand(goods_id, building_id, max_demand, current_input, level) VALUES (31, 3708, 30.0, 6, 17.838079080404448);
INSERT INTO supply(goods_id, building_id, max_supply, current_output, level) VALUES (15, 3708, 240.0, 6, 166.9785204362662);
INSERT INTO building(id, name, level) VALUES (3709, "building_subsistence_rice_paddieslevel", 176);
INSERT INTO supply(goods_id, building_id, max_supply, current_output, level) VALUES (7, 3709, 966.064, 176, 966.064);
INSERT INTO supply(goods_id, building_id, max_supply, current_output, level) VALUES (9, 3709, 131.736, 176, 131.736);
INSERT INTO supply(goods_id, building_id, max_supply, current_output, level) VALUES (10, 3709, 131.736, 176, 131.736);
INSERT INTO supply(goods_id, building_id, max_supply, current_output, level) VALUES (12, 3709, 175.648, 176, 175.648);
INSERT INTO supply(goods_id, building_id, max_supply, current_output, level) VALUES (13, 3709, 175.648, 176, 175.648);
INSERT INTO supply(goods_id, building_id, max_supply, current_output, level) VALUES (15, 3709, 175.648, 176, 175.648);
INSERT INTO supply(goods_id, building_id, max_supply, current_output, level) VALUES (38, 3709, 263.472, 176, 263.472);
INSERT INTO building(id, name, level) VALUES (3710, "building_urban_centerlevel", 3);
INSERT INTO demand(goods_id, building_id, max_demand, current_input, level) VALUES (10, 3710, 15.0, 3, 11.953275514331052);
INSERT INTO demand(goods_id, building_id, max_demand, current_input, level) VALUES (31, 3710, 15.0, 3, 8.919039540202224);
INSERT INTO supply(goods_id, building_id, max_supply, current_output, level) VALUES (15, 3710, 120.0, 3, 83.4892602181331);
INSERT INTO building(id, name, level) VALUES (3711, "building_subsistence_pastureslevel", 19);
INSERT INTO supply(goods_id, building_id, max_supply, current_output, level) VALUES (7, 3711, 9.462087499999999, 19, 7.56967);
INSERT INTO supply(goods_id, building_id, max_supply, current_output, level) VALUES (9, 3711, 14.193137499999999, 19, 11.35451);
INSERT INTO supply(goods_id, building_id, max_supply, current_output, level) VALUES (10, 3711, 4.731037499999999, 19, 3.78483);
INSERT INTO supply(goods_id, building_id, max_supply, current_output, level) VALUES (12, 3711, 9.462087499999999, 19, 7.56967);
INSERT INTO supply(goods_id, building_id, max_supply, current_output, level) VALUES (13, 3711, 9.462087499999999, 19, 7.56967);
INSERT INTO supply(goods_id, building_id, max_supply, current_output, level) VALUES (15, 3711, 9.462087499999999, 19, 7.56967);
INSERT INTO supply(goods_id, building_id, max_supply, current_output, level) VALUES (36, 3711, 31.414149999999996, 19, 25.13132);
INSERT INTO supply(goods_id, building_id, max_supply, current_output, level) VALUES (38, 3711, 13.246925, 19, 10.59754);
INSERT INTO building(id, name, level) VALUES (3712, "building_subsistence_pastureslevel", 23);
INSERT INTO supply(goods_id, building_id, max_supply, current_output, level) VALUES (7, 3712, 11.453999999999999, 23, 9.1632);
INSERT INTO supply(goods_id, building_id, max_supply, current_output, level) VALUES (9, 3712, 17.180999999999997, 23, 13.7448);
INSERT INTO supply(goods_id, building_id, max_supply, current_output, level) VALUES (10, 3712, 5.726999999999999, 23, 4.5816);
INSERT INTO supply(goods_id, building_id, max_supply, current_output, level) VALUES (12, 3712, 11.453999999999999, 23, 9.1632);
INSERT INTO supply(goods_id, building_id, max_supply, current_output, level) VALUES (13, 3712, 11.453999999999999, 23, 9.1632);
INSERT INTO supply(goods_id, building_id, max_supply, current_output, level) VALUES (15, 3712, 11.453999999999999, 23, 9.1632);
INSERT INTO supply(goods_id, building_id, max_supply, current_output, level) VALUES (36, 3712, 38.027274999999996, 23, 30.42182);
INSERT INTO supply(goods_id, building_id, max_supply, current_output, level) VALUES (38, 3712, 16.0356, 23, 12.82848);
INSERT INTO building(id, name, level) VALUES (3713, "building_subsistence_rice_paddieslevel", 351);
INSERT INTO supply(goods_id, building_id, max_supply, current_output, level) VALUES (7, 3713, 1860.09466, 351, 1860.09466);
INSERT INTO supply(goods_id, building_id, max_supply, current_output, level) VALUES (9, 3713, 253.64927, 351, 253.64927);
INSERT INTO supply(goods_id, building_id, max_supply, current_output, level) VALUES (10, 3713, 253.64927, 351, 253.64927);
INSERT INTO supply(goods_id, building_id, max_supply, current_output, level) VALUES (12, 3713, 338.19903, 351, 338.19903);
INSERT INTO supply(goods_id, building_id, max_supply, current_output, level) VALUES (13, 3713, 338.19903, 351, 338.19903);
INSERT INTO supply(goods_id, building_id, max_supply, current_output, level) VALUES (15, 3713, 338.19903, 351, 338.19903);
INSERT INTO supply(goods_id, building_id, max_supply, current_output, level) VALUES (38, 3713, 507.29854, 351, 507.29854);
INSERT INTO building(id, name, level) VALUES (3714, "building_urban_centerlevel", 4);
INSERT INTO demand(goods_id, building_id, max_demand, current_input, level) VALUES (10, 3714, 20.0, 4, 15.937700685774736);
INSERT INTO demand(goods_id, building_id, max_demand, current_input, level) VALUES (31, 3714, 20.0, 4, 11.892052720269636);
INSERT INTO supply(goods_id, building_id, max_supply, current_output, level) VALUES (15, 3714, 160.0, 4, 111.31901362417749);
INSERT INTO building(id, name, level) VALUES (3715, "building_subsistence_rice_paddieslevel", 332);
INSERT INTO supply(goods_id, building_id, max_supply, current_output, level) VALUES (7, 3715, 1822.348, 332, 1822.348);
INSERT INTO supply(goods_id, building_id, max_supply, current_output, level) VALUES (9, 3715, 248.502, 332, 248.502);
INSERT INTO supply(goods_id, building_id, max_supply, current_output, level) VALUES (10, 3715, 248.502, 332, 248.502);
INSERT INTO supply(goods_id, building_id, max_supply, current_output, level) VALUES (12, 3715, 331.336, 332, 331.336);
INSERT INTO supply(goods_id, building_id, max_supply, current_output, level) VALUES (13, 3715, 331.336, 332, 331.336);
INSERT INTO supply(goods_id, building_id, max_supply, current_output, level) VALUES (15, 3715, 331.336, 332, 331.336);
INSERT INTO supply(goods_id, building_id, max_supply, current_output, level) VALUES (38, 3715, 497.004, 332, 497.004);
INSERT INTO building(id, name, level) VALUES (3716, "building_urban_centerlevel", 6);
INSERT INTO demand(goods_id, building_id, max_demand, current_input, level) VALUES (10, 3716, 30.0, 6, 23.906551028662104);
INSERT INTO demand(goods_id, building_id, max_demand, current_input, level) VALUES (31, 3716, 30.0, 6, 17.838079080404448);
INSERT INTO supply(goods_id, building_id, max_supply, current_output, level) VALUES (15, 3716, 240.0, 6, 166.9785204362662);
INSERT INTO building(id, name, level) VALUES (3717, "building_subsistence_rice_paddieslevel", 75);
INSERT INTO supply(goods_id, building_id, max_supply, current_output, level) VALUES (7, 3717, 298.188, 75, 298.188);
INSERT INTO supply(goods_id, building_id, max_supply, current_output, level) VALUES (9, 3717, 40.662, 75, 40.662);
INSERT INTO supply(goods_id, building_id, max_supply, current_output, level) VALUES (10, 3717, 40.662, 75, 40.662);
INSERT INTO supply(goods_id, building_id, max_supply, current_output, level) VALUES (12, 3717, 54.216, 75, 54.216);
INSERT INTO supply(goods_id, building_id, max_supply, current_output, level) VALUES (13, 3717, 54.216, 75, 54.216);
INSERT INTO supply(goods_id, building_id, max_supply, current_output, level) VALUES (15, 3717, 54.216, 75, 54.216);
INSERT INTO supply(goods_id, building_id, max_supply, current_output, level) VALUES (38, 3717, 81.324, 75, 81.324);
INSERT INTO building(id, name, level) VALUES (3718, "building_subsistence_farmslevel", 60);
INSERT INTO supply(goods_id, building_id, max_supply, current_output, level) VALUES (7, 3718, 156.6864, 60, 156.6864);
INSERT INTO supply(goods_id, building_id, max_supply, current_output, level) VALUES (9, 3718, 26.1144, 60, 26.1144);
INSERT INTO supply(goods_id, building_id, max_supply, current_output, level) VALUES (10, 3718, 26.1144, 60, 26.1144);
INSERT INTO supply(goods_id, building_id, max_supply, current_output, level) VALUES (12, 3718, 26.1144, 60, 26.1144);
INSERT INTO supply(goods_id, building_id, max_supply, current_output, level) VALUES (13, 3718, 26.1144, 60, 26.1144);
INSERT INTO supply(goods_id, building_id, max_supply, current_output, level) VALUES (15, 3718, 26.1144, 60, 26.1144);
INSERT INTO supply(goods_id, building_id, max_supply, current_output, level) VALUES (38, 3718, 36.56016, 60, 36.56016);
INSERT INTO building(id, name, level) VALUES (3719, "building_subsistence_rice_paddieslevel", 197);
INSERT INTO supply(goods_id, building_id, max_supply, current_output, level) VALUES (7, 3719, 1081.333, 197, 1081.333);
INSERT INTO supply(goods_id, building_id, max_supply, current_output, level) VALUES (9, 3719, 147.4545, 197, 147.4545);
INSERT INTO supply(goods_id, building_id, max_supply, current_output, level) VALUES (10, 3719, 147.4545, 197, 147.4545);
INSERT INTO supply(goods_id, building_id, max_supply, current_output, level) VALUES (12, 3719, 196.606, 197, 196.606);
INSERT INTO supply(goods_id, building_id, max_supply, current_output, level) VALUES (13, 3719, 196.606, 197, 196.606);
INSERT INTO supply(goods_id, building_id, max_supply, current_output, level) VALUES (15, 3719, 196.606, 197, 196.606);
INSERT INTO supply(goods_id, building_id, max_supply, current_output, level) VALUES (38, 3719, 294.909, 197, 294.909);
INSERT INTO building(id, name, level) VALUES (3720, "building_urban_centerlevel", 2);
INSERT INTO demand(goods_id, building_id, max_demand, current_input, level) VALUES (10, 3720, 10.0, 2, 7.968850342887368);
INSERT INTO demand(goods_id, building_id, max_demand, current_input, level) VALUES (31, 3720, 10.0, 2, 5.946026360134818);
INSERT INTO supply(goods_id, building_id, max_supply, current_output, level) VALUES (15, 3720, 80.0, 2, 55.65950681208874);
INSERT INTO building(id, name, level) VALUES (3721, "building_subsistence_farmslevel", 118);
INSERT INTO supply(goods_id, building_id, max_supply, current_output, level) VALUES (7, 3721, 352.584, 118, 352.584);
INSERT INTO supply(goods_id, building_id, max_supply, current_output, level) VALUES (9, 3721, 58.764, 118, 58.764);
INSERT INTO supply(goods_id, building_id, max_supply, current_output, level) VALUES (10, 3721, 58.764, 118, 58.764);
INSERT INTO supply(goods_id, building_id, max_supply, current_output, level) VALUES (12, 3721, 58.764, 118, 58.764);
INSERT INTO supply(goods_id, building_id, max_supply, current_output, level) VALUES (13, 3721, 58.764, 118, 58.764);
INSERT INTO supply(goods_id, building_id, max_supply, current_output, level) VALUES (15, 3721, 58.764, 118, 58.764);
INSERT INTO supply(goods_id, building_id, max_supply, current_output, level) VALUES (38, 3721, 82.2696, 118, 82.2696);
INSERT INTO building(id, name, level) VALUES (3722, "building_subsistence_rice_paddieslevel", 365);
INSERT INTO supply(goods_id, building_id, max_supply, current_output, level) VALUES (7, 3722, 1937.5988434782612, 365, 2228.23867);
INSERT INTO supply(goods_id, building_id, max_supply, current_output, level) VALUES (9, 3722, 264.2180173913044, 365, 303.85072);
INSERT INTO supply(goods_id, building_id, max_supply, current_output, level) VALUES (10, 3722, 264.2180173913044, 365, 303.85072);
INSERT INTO supply(goods_id, building_id, max_supply, current_output, level) VALUES (12, 3722, 352.29069565217395, 365, 405.1343);
INSERT INTO supply(goods_id, building_id, max_supply, current_output, level) VALUES (13, 3722, 352.29069565217395, 365, 405.1343);
INSERT INTO supply(goods_id, building_id, max_supply, current_output, level) VALUES (15, 3722, 352.29069565217395, 365, 405.1343);
INSERT INTO supply(goods_id, building_id, max_supply, current_output, level) VALUES (38, 3722, 528.4360434782609, 365, 607.70145);
INSERT INTO building(id, name, level) VALUES (3723, "building_urban_centerlevel", 2);
INSERT INTO demand(goods_id, building_id, max_demand, current_input, level) VALUES (10, 3723, 10.0, 2, 7.968850342887368);
INSERT INTO demand(goods_id, building_id, max_demand, current_input, level) VALUES (31, 3723, 10.0, 2, 5.946026360134818);
INSERT INTO supply(goods_id, building_id, max_supply, current_output, level) VALUES (15, 3723, 80.0, 2, 55.65950681208874);
INSERT INTO building(id, name, level) VALUES (3724, "building_subsistence_rice_paddieslevel", 197);
INSERT INTO supply(goods_id, building_id, max_supply, current_output, level) VALUES (7, 3724, 1081.333, 197, 1081.333);
INSERT INTO supply(goods_id, building_id, max_supply, current_output, level) VALUES (9, 3724, 147.4545, 197, 147.4545);
INSERT INTO supply(goods_id, building_id, max_supply, current_output, level) VALUES (10, 3724, 147.4545, 197, 147.4545);
INSERT INTO supply(goods_id, building_id, max_supply, current_output, level) VALUES (12, 3724, 196.606, 197, 196.606);
INSERT INTO supply(goods_id, building_id, max_supply, current_output, level) VALUES (13, 3724, 196.606, 197, 196.606);
INSERT INTO supply(goods_id, building_id, max_supply, current_output, level) VALUES (15, 3724, 196.606, 197, 196.606);
INSERT INTO supply(goods_id, building_id, max_supply, current_output, level) VALUES (38, 3724, 294.909, 197, 294.909);
INSERT INTO building(id, name, level) VALUES (3725, "building_urban_centerlevel", 1);
INSERT INTO demand(goods_id, building_id, max_demand, current_input, level) VALUES (10, 3725, 5.0, 1, 3.984425171443684);
INSERT INTO demand(goods_id, building_id, max_demand, current_input, level) VALUES (31, 3725, 5.0, 1, 2.973013180067409);
INSERT INTO supply(goods_id, building_id, max_supply, current_output, level) VALUES (15, 3725, 40.0, 1, 27.82975340604437);
INSERT INTO building(id, name, level) VALUES (3726, "building_subsistence_rice_paddieslevel", 144);
INSERT INTO supply(goods_id, building_id, max_supply, current_output, level) VALUES (7, 3726, 790.416, 144, 790.416);
INSERT INTO supply(goods_id, building_id, max_supply, current_output, level) VALUES (9, 3726, 107.784, 144, 107.784);
INSERT INTO supply(goods_id, building_id, max_supply, current_output, level) VALUES (10, 3726, 107.784, 144, 107.784);
INSERT INTO supply(goods_id, building_id, max_supply, current_output, level) VALUES (12, 3726, 143.712, 144, 143.712);
INSERT INTO supply(goods_id, building_id, max_supply, current_output, level) VALUES (13, 3726, 143.712, 144, 143.712);
INSERT INTO supply(goods_id, building_id, max_supply, current_output, level) VALUES (15, 3726, 143.712, 144, 143.712);
INSERT INTO supply(goods_id, building_id, max_supply, current_output, level) VALUES (38, 3726, 215.568, 144, 215.568);
INSERT INTO building(id, name, level) VALUES (3727, "building_subsistence_rice_paddieslevel", 245);
INSERT INTO supply(goods_id, building_id, max_supply, current_output, level) VALUES (7, 3727, 1294.8127478260872, 245, 1489.03466);
INSERT INTO supply(goods_id, building_id, max_supply, current_output, level) VALUES (9, 3727, 176.56537391304352, 245, 203.05018);
INSERT INTO supply(goods_id, building_id, max_supply, current_output, level) VALUES (10, 3727, 176.56537391304352, 245, 203.05018);
INSERT INTO supply(goods_id, building_id, max_supply, current_output, level) VALUES (12, 3727, 235.4204956521739, 245, 270.73357);
INSERT INTO supply(goods_id, building_id, max_supply, current_output, level) VALUES (13, 3727, 235.4204956521739, 245, 270.73357);
INSERT INTO supply(goods_id, building_id, max_supply, current_output, level) VALUES (15, 3727, 235.4204956521739, 245, 270.73357);
INSERT INTO supply(goods_id, building_id, max_supply, current_output, level) VALUES (38, 3727, 353.13074782608703, 245, 406.10036);
INSERT INTO building(id, name, level) VALUES (3728, "building_urban_centerlevel", 1);
INSERT INTO demand(goods_id, building_id, max_demand, current_input, level) VALUES (10, 3728, 5.0, 1, 3.984425171443684);
INSERT INTO demand(goods_id, building_id, max_demand, current_input, level) VALUES (31, 3728, 5.0, 1, 2.973013180067409);
INSERT INTO supply(goods_id, building_id, max_supply, current_output, level) VALUES (15, 3728, 40.0, 1, 27.82975340604437);
INSERT INTO building(id, name, level) VALUES (3729, "building_subsistence_farmslevel", 55);
INSERT INTO supply(goods_id, building_id, max_supply, current_output, level) VALUES (7, 3729, 164.34, 55, 164.34);
INSERT INTO supply(goods_id, building_id, max_supply, current_output, level) VALUES (9, 3729, 27.39, 55, 27.39);
INSERT INTO supply(goods_id, building_id, max_supply, current_output, level) VALUES (10, 3729, 27.39, 55, 27.39);
INSERT INTO supply(goods_id, building_id, max_supply, current_output, level) VALUES (12, 3729, 27.39, 55, 27.39);
INSERT INTO supply(goods_id, building_id, max_supply, current_output, level) VALUES (13, 3729, 27.39, 55, 27.39);
INSERT INTO supply(goods_id, building_id, max_supply, current_output, level) VALUES (15, 3729, 27.39, 55, 27.39);
INSERT INTO supply(goods_id, building_id, max_supply, current_output, level) VALUES (38, 3729, 38.346, 55, 38.346);
INSERT INTO building(id, name, level) VALUES (3730, "building_subsistence_rice_paddieslevel", 480);
INSERT INTO supply(goods_id, building_id, max_supply, current_output, level) VALUES (7, 3730, 2563.1496, 480, 2563.1496);
INSERT INTO supply(goods_id, building_id, max_supply, current_output, level) VALUES (9, 3730, 349.5204, 480, 349.5204);
INSERT INTO supply(goods_id, building_id, max_supply, current_output, level) VALUES (10, 3730, 349.5204, 480, 349.5204);
INSERT INTO supply(goods_id, building_id, max_supply, current_output, level) VALUES (12, 3730, 466.0272, 480, 466.0272);
INSERT INTO supply(goods_id, building_id, max_supply, current_output, level) VALUES (13, 3730, 466.0272, 480, 466.0272);
INSERT INTO supply(goods_id, building_id, max_supply, current_output, level) VALUES (15, 3730, 466.0272, 480, 466.0272);
INSERT INTO supply(goods_id, building_id, max_supply, current_output, level) VALUES (38, 3730, 699.0408, 480, 699.0408);
INSERT INTO building(id, name, level) VALUES (3731, "building_urban_centerlevel", 4);
INSERT INTO demand(goods_id, building_id, max_demand, current_input, level) VALUES (10, 3731, 20.0, 4, 15.937700685774736);
INSERT INTO demand(goods_id, building_id, max_demand, current_input, level) VALUES (31, 3731, 20.0, 4, 11.892052720269636);
INSERT INTO supply(goods_id, building_id, max_supply, current_output, level) VALUES (15, 3731, 160.0, 4, 111.31901362417749);
INSERT INTO building(id, name, level) VALUES (3732, "building_subsistence_rice_paddieslevel", 266);
INSERT INTO supply(goods_id, building_id, max_supply, current_output, level) VALUES (7, 3732, 1460.074, 266, 1460.074);
INSERT INTO supply(goods_id, building_id, max_supply, current_output, level) VALUES (9, 3732, 199.101, 266, 199.101);
INSERT INTO supply(goods_id, building_id, max_supply, current_output, level) VALUES (10, 3732, 199.101, 266, 199.101);
INSERT INTO supply(goods_id, building_id, max_supply, current_output, level) VALUES (12, 3732, 265.468, 266, 265.468);
INSERT INTO supply(goods_id, building_id, max_supply, current_output, level) VALUES (13, 3732, 265.468, 266, 265.468);
INSERT INTO supply(goods_id, building_id, max_supply, current_output, level) VALUES (15, 3732, 265.468, 266, 265.468);
INSERT INTO supply(goods_id, building_id, max_supply, current_output, level) VALUES (38, 3732, 398.202, 266, 398.202);
INSERT INTO building(id, name, level) VALUES (3733, "building_urban_centerlevel", 6);
INSERT INTO demand(goods_id, building_id, max_demand, current_input, level) VALUES (10, 3733, 30.0, 6, 23.906551028662104);
INSERT INTO demand(goods_id, building_id, max_demand, current_input, level) VALUES (31, 3733, 30.0, 6, 17.838079080404448);
INSERT INTO supply(goods_id, building_id, max_supply, current_output, level) VALUES (15, 3733, 240.0, 6, 166.9785204362662);
INSERT INTO building(id, name, level) VALUES (3735, "building_subsistence_rice_paddieslevel", 375);
INSERT INTO supply(goods_id, building_id, max_supply, current_output, level) VALUES (7, 3735, 2058.375, 375, 2058.375);
INSERT INTO supply(goods_id, building_id, max_supply, current_output, level) VALUES (9, 3735, 280.6875, 375, 280.6875);
INSERT INTO supply(goods_id, building_id, max_supply, current_output, level) VALUES (10, 3735, 280.6875, 375, 280.6875);
INSERT INTO supply(goods_id, building_id, max_supply, current_output, level) VALUES (12, 3735, 374.25, 375, 374.25);
INSERT INTO supply(goods_id, building_id, max_supply, current_output, level) VALUES (13, 3735, 374.25, 375, 374.25);
INSERT INTO supply(goods_id, building_id, max_supply, current_output, level) VALUES (15, 3735, 374.25, 375, 374.25);
INSERT INTO supply(goods_id, building_id, max_supply, current_output, level) VALUES (38, 3735, 561.375, 375, 561.375);
INSERT INTO building(id, name, level) VALUES (3736, "building_urban_centerlevel", 4);
INSERT INTO demand(goods_id, building_id, max_demand, current_input, level) VALUES (10, 3736, 20.0, 4, 15.937700685774736);
INSERT INTO demand(goods_id, building_id, max_demand, current_input, level) VALUES (31, 3736, 20.0, 4, 11.892052720269636);
INSERT INTO supply(goods_id, building_id, max_supply, current_output, level) VALUES (15, 3736, 160.0, 4, 111.31901362417749);
INSERT INTO building(id, name, level) VALUES (3737, "building_subsistence_rice_paddieslevel", 231);
INSERT INTO supply(goods_id, building_id, max_supply, current_output, level) VALUES (7, 3737, 1170.88009, 231, 1170.88009);
INSERT INTO supply(goods_id, building_id, max_supply, current_output, level) VALUES (9, 3737, 159.66546, 231, 159.66546);
INSERT INTO supply(goods_id, building_id, max_supply, current_output, level) VALUES (10, 3737, 159.66546, 231, 159.66546);
INSERT INTO supply(goods_id, building_id, max_supply, current_output, level) VALUES (12, 3737, 212.88729, 231, 212.88729);
INSERT INTO supply(goods_id, building_id, max_supply, current_output, level) VALUES (13, 3737, 212.88729, 231, 212.88729);
INSERT INTO supply(goods_id, building_id, max_supply, current_output, level) VALUES (15, 3737, 212.88729, 231, 212.88729);
INSERT INTO supply(goods_id, building_id, max_supply, current_output, level) VALUES (38, 3737, 319.33093, 231, 319.33093);
INSERT INTO building(id, name, level) VALUES (3738, "building_urban_centerlevel", 4);
INSERT INTO demand(goods_id, building_id, max_demand, current_input, level) VALUES (10, 3738, 20.0, 4, 15.937700685774736);
INSERT INTO demand(goods_id, building_id, max_demand, current_input, level) VALUES (31, 3738, 20.0, 4, 11.892052720269636);
INSERT INTO supply(goods_id, building_id, max_supply, current_output, level) VALUES (15, 3738, 160.0, 4, 111.31901362417749);
INSERT INTO building(id, name, level) VALUES (3739, "building_subsistence_rice_paddieslevel", 345);
INSERT INTO supply(goods_id, building_id, max_supply, current_output, level) VALUES (7, 3739, 1376.6742, 345, 1376.6742);
INSERT INTO supply(goods_id, building_id, max_supply, current_output, level) VALUES (9, 3739, 187.7283, 345, 187.7283);
INSERT INTO supply(goods_id, building_id, max_supply, current_output, level) VALUES (10, 3739, 187.7283, 345, 187.7283);
INSERT INTO supply(goods_id, building_id, max_supply, current_output, level) VALUES (12, 3739, 250.3044, 345, 250.3044);
INSERT INTO supply(goods_id, building_id, max_supply, current_output, level) VALUES (13, 3739, 250.3044, 345, 250.3044);
INSERT INTO supply(goods_id, building_id, max_supply, current_output, level) VALUES (15, 3739, 250.3044, 345, 250.3044);
INSERT INTO supply(goods_id, building_id, max_supply, current_output, level) VALUES (38, 3739, 375.4566, 345, 375.4566);
INSERT INTO building(id, name, level) VALUES (3740, "building_urban_centerlevel", 6);
INSERT INTO demand(goods_id, building_id, max_demand, current_input, level) VALUES (10, 3740, 30.0, 6, 23.906551028662104);
INSERT INTO demand(goods_id, building_id, max_demand, current_input, level) VALUES (31, 3740, 30.0, 6, 17.838079080404448);
INSERT INTO supply(goods_id, building_id, max_supply, current_output, level) VALUES (15, 3740, 240.0, 6, 166.9785204362662);
INSERT INTO building(id, name, level) VALUES (3741, "building_subsistence_rice_paddieslevel", 257);
INSERT INTO supply(goods_id, building_id, max_supply, current_output, level) VALUES (7, 3741, 1375.34963, 257, 1375.34963);
INSERT INTO supply(goods_id, building_id, max_supply, current_output, level) VALUES (9, 3741, 187.54767, 257, 187.54767);
INSERT INTO supply(goods_id, building_id, max_supply, current_output, level) VALUES (10, 3741, 187.54767, 257, 187.54767);
INSERT INTO supply(goods_id, building_id, max_supply, current_output, level) VALUES (12, 3741, 250.06357, 257, 250.06357);
INSERT INTO supply(goods_id, building_id, max_supply, current_output, level) VALUES (13, 3741, 250.06357, 257, 250.06357);
INSERT INTO supply(goods_id, building_id, max_supply, current_output, level) VALUES (15, 3741, 250.06357, 257, 250.06357);
INSERT INTO supply(goods_id, building_id, max_supply, current_output, level) VALUES (38, 3741, 375.09535, 257, 375.09535);
INSERT INTO building(id, name, level) VALUES (3742, "building_urban_centerlevel", 4);
INSERT INTO demand(goods_id, building_id, max_demand, current_input, level) VALUES (10, 3742, 20.0, 4, 15.937700685774736);
INSERT INTO demand(goods_id, building_id, max_demand, current_input, level) VALUES (31, 3742, 20.0, 4, 11.892052720269636);
INSERT INTO supply(goods_id, building_id, max_supply, current_output, level) VALUES (15, 3742, 160.0, 4, 111.31901362417749);
INSERT INTO building(id, name, level) VALUES (3743, "building_subsistence_rice_paddieslevel", 488);
INSERT INTO supply(goods_id, building_id, max_supply, current_output, level) VALUES (7, 3743, 2678.632, 488, 2678.632);
INSERT INTO supply(goods_id, building_id, max_supply, current_output, level) VALUES (9, 3743, 365.268, 488, 365.268);
INSERT INTO supply(goods_id, building_id, max_supply, current_output, level) VALUES (10, 3743, 365.268, 488, 365.268);
INSERT INTO supply(goods_id, building_id, max_supply, current_output, level) VALUES (12, 3743, 487.024, 488, 487.024);
INSERT INTO supply(goods_id, building_id, max_supply, current_output, level) VALUES (13, 3743, 487.024, 488, 487.024);
INSERT INTO supply(goods_id, building_id, max_supply, current_output, level) VALUES (15, 3743, 487.024, 488, 487.024);
INSERT INTO supply(goods_id, building_id, max_supply, current_output, level) VALUES (38, 3743, 730.536, 488, 730.536);
INSERT INTO building(id, name, level) VALUES (3744, "building_urban_centerlevel", 4);
INSERT INTO demand(goods_id, building_id, max_demand, current_input, level) VALUES (10, 3744, 20.0, 4, 15.937700685774736);
INSERT INTO demand(goods_id, building_id, max_demand, current_input, level) VALUES (31, 3744, 20.0, 4, 11.892052720269636);
INSERT INTO supply(goods_id, building_id, max_supply, current_output, level) VALUES (15, 3744, 160.0, 4, 111.31901362417749);
INSERT INTO building(id, name, level) VALUES (3745, "building_subsistence_rice_paddieslevel", 186);
INSERT INTO supply(goods_id, building_id, max_supply, current_output, level) VALUES (7, 3745, 1005.99774, 186, 1005.99774);
INSERT INTO supply(goods_id, building_id, max_supply, current_output, level) VALUES (9, 3745, 137.18151, 186, 137.18151);
INSERT INTO supply(goods_id, building_id, max_supply, current_output, level) VALUES (10, 3745, 137.18151, 186, 137.18151);
INSERT INTO supply(goods_id, building_id, max_supply, current_output, level) VALUES (12, 3745, 182.90868, 186, 182.90868);
INSERT INTO supply(goods_id, building_id, max_supply, current_output, level) VALUES (13, 3745, 182.90868, 186, 182.90868);
INSERT INTO supply(goods_id, building_id, max_supply, current_output, level) VALUES (15, 3745, 182.90868, 186, 182.90868);
INSERT INTO supply(goods_id, building_id, max_supply, current_output, level) VALUES (38, 3745, 274.36302, 186, 274.36302);
INSERT INTO building(id, name, level) VALUES (3746, "building_urban_centerlevel", 7);
INSERT INTO demand(goods_id, building_id, max_demand, current_input, level) VALUES (10, 3746, 35.0, 7, 27.89097620010579);
INSERT INTO demand(goods_id, building_id, max_demand, current_input, level) VALUES (31, 3746, 35.0, 7, 20.81109226047186);
INSERT INTO supply(goods_id, building_id, max_supply, current_output, level) VALUES (15, 3746, 280.0, 7, 194.8082738423106);
INSERT INTO building(id, name, level) VALUES (3747, "building_subsistence_rice_paddieslevel", 568);
INSERT INTO supply(goods_id, building_id, max_supply, current_output, level) VALUES (7, 3747, 3117.752, 568, 3117.752);
INSERT INTO supply(goods_id, building_id, max_supply, current_output, level) VALUES (9, 3747, 425.148, 568, 425.148);
INSERT INTO supply(goods_id, building_id, max_supply, current_output, level) VALUES (10, 3747, 425.148, 568, 425.148);
INSERT INTO supply(goods_id, building_id, max_supply, current_output, level) VALUES (12, 3747, 566.864, 568, 566.864);
INSERT INTO supply(goods_id, building_id, max_supply, current_output, level) VALUES (13, 3747, 566.864, 568, 566.864);
INSERT INTO supply(goods_id, building_id, max_supply, current_output, level) VALUES (15, 3747, 566.864, 568, 566.864);
INSERT INTO supply(goods_id, building_id, max_supply, current_output, level) VALUES (38, 3747, 850.296, 568, 850.296);
INSERT INTO building(id, name, level) VALUES (3748, "building_urban_centerlevel", 5);
INSERT INTO demand(goods_id, building_id, max_demand, current_input, level) VALUES (10, 3748, 25.0, 5, 19.922125857218422);
INSERT INTO demand(goods_id, building_id, max_demand, current_input, level) VALUES (31, 3748, 25.0, 5, 14.865065900337044);
INSERT INTO supply(goods_id, building_id, max_supply, current_output, level) VALUES (15, 3748, 200.0, 5, 139.14876703022188);
INSERT INTO building(id, name, level) VALUES (3749, "building_subsistence_rice_paddieslevel", 528);
INSERT INTO supply(goods_id, building_id, max_supply, current_output, level) VALUES (7, 3749, 2898.192, 528, 2898.192);
INSERT INTO supply(goods_id, building_id, max_supply, current_output, level) VALUES (9, 3749, 395.208, 528, 395.208);
INSERT INTO supply(goods_id, building_id, max_supply, current_output, level) VALUES (10, 3749, 395.208, 528, 395.208);
INSERT INTO supply(goods_id, building_id, max_supply, current_output, level) VALUES (12, 3749, 526.944, 528, 526.944);
INSERT INTO supply(goods_id, building_id, max_supply, current_output, level) VALUES (13, 3749, 526.944, 528, 526.944);
INSERT INTO supply(goods_id, building_id, max_supply, current_output, level) VALUES (15, 3749, 526.944, 528, 526.944);
INSERT INTO supply(goods_id, building_id, max_supply, current_output, level) VALUES (38, 3749, 790.416, 528, 790.416);
INSERT INTO building(id, name, level) VALUES (3750, "building_urban_centerlevel", 7);
INSERT INTO demand(goods_id, building_id, max_demand, current_input, level) VALUES (10, 3750, 35.0, 7, 27.89097620010579);
INSERT INTO demand(goods_id, building_id, max_demand, current_input, level) VALUES (31, 3750, 35.0, 7, 20.81109226047186);
INSERT INTO supply(goods_id, building_id, max_supply, current_output, level) VALUES (15, 3750, 280.0, 7, 194.8082738423106);
INSERT INTO building(id, name, level) VALUES (3751, "building_subsistence_rice_paddieslevel", 249);
INSERT INTO supply(goods_id, building_id, max_supply, current_output, level) VALUES (7, 3751, 1358.51661, 249, 1358.51661);
INSERT INTO supply(goods_id, building_id, max_supply, current_output, level) VALUES (9, 3751, 185.25226, 249, 185.25226);
INSERT INTO supply(goods_id, building_id, max_supply, current_output, level) VALUES (10, 3751, 185.25226, 249, 185.25226);
INSERT INTO supply(goods_id, building_id, max_supply, current_output, level) VALUES (12, 3751, 247.00302, 249, 247.00302);
INSERT INTO supply(goods_id, building_id, max_supply, current_output, level) VALUES (13, 3751, 247.00302, 249, 247.00302);
INSERT INTO supply(goods_id, building_id, max_supply, current_output, level) VALUES (15, 3751, 247.00302, 249, 247.00302);
INSERT INTO supply(goods_id, building_id, max_supply, current_output, level) VALUES (38, 3751, 370.50453, 249, 370.50453);
INSERT INTO building(id, name, level) VALUES (3752, "building_urban_centerlevel", 3);
INSERT INTO demand(goods_id, building_id, max_demand, current_input, level) VALUES (10, 3752, 15.0, 3, 11.953275514331052);
INSERT INTO demand(goods_id, building_id, max_demand, current_input, level) VALUES (31, 3752, 15.0, 3, 8.919039540202224);
INSERT INTO supply(goods_id, building_id, max_supply, current_output, level) VALUES (15, 3752, 120.0, 3, 83.4892602181331);
INSERT INTO building(id, name, level) VALUES (3753, "building_subsistence_rice_paddieslevel", 304);
INSERT INTO supply(goods_id, building_id, max_supply, current_output, level) VALUES (7, 3753, 1652.72184, 304, 1652.72184);
INSERT INTO supply(goods_id, building_id, max_supply, current_output, level) VALUES (9, 3753, 225.37116, 304, 225.37116);
INSERT INTO supply(goods_id, building_id, max_supply, current_output, level) VALUES (10, 3753, 225.37116, 304, 225.37116);
INSERT INTO supply(goods_id, building_id, max_supply, current_output, level) VALUES (12, 3753, 300.49488, 304, 300.49488);
INSERT INTO supply(goods_id, building_id, max_supply, current_output, level) VALUES (13, 3753, 300.49488, 304, 300.49488);
INSERT INTO supply(goods_id, building_id, max_supply, current_output, level) VALUES (15, 3753, 300.49488, 304, 300.49488);
INSERT INTO supply(goods_id, building_id, max_supply, current_output, level) VALUES (38, 3753, 450.74232, 304, 450.74232);
INSERT INTO building(id, name, level) VALUES (3754, "building_urban_centerlevel", 6);
INSERT INTO demand(goods_id, building_id, max_demand, current_input, level) VALUES (10, 3754, 30.0, 6, 23.906551028662104);
INSERT INTO demand(goods_id, building_id, max_demand, current_input, level) VALUES (31, 3754, 30.0, 6, 17.838079080404448);
INSERT INTO supply(goods_id, building_id, max_supply, current_output, level) VALUES (15, 3754, 240.0, 6, 166.9785204362662);
INSERT INTO building(id, name, level) VALUES (3755, "building_subsistence_rice_paddieslevel", 300);
INSERT INTO supply(goods_id, building_id, max_supply, current_output, level) VALUES (7, 3755, 1646.7, 300, 1646.7);
INSERT INTO supply(goods_id, building_id, max_supply, current_output, level) VALUES (9, 3755, 224.55, 300, 224.55);
INSERT INTO supply(goods_id, building_id, max_supply, current_output, level) VALUES (10, 3755, 224.55, 300, 224.55);
INSERT INTO supply(goods_id, building_id, max_supply, current_output, level) VALUES (12, 3755, 299.4, 300, 299.4);
INSERT INTO supply(goods_id, building_id, max_supply, current_output, level) VALUES (13, 3755, 299.4, 300, 299.4);
INSERT INTO supply(goods_id, building_id, max_supply, current_output, level) VALUES (15, 3755, 299.4, 300, 299.4);
INSERT INTO supply(goods_id, building_id, max_supply, current_output, level) VALUES (38, 3755, 449.1, 300, 449.1);
INSERT INTO building(id, name, level) VALUES (3756, "building_urban_centerlevel", 7);
INSERT INTO demand(goods_id, building_id, max_demand, current_input, level) VALUES (10, 3756, 35.0, 7, 27.89097620010579);
INSERT INTO demand(goods_id, building_id, max_demand, current_input, level) VALUES (31, 3756, 35.0, 7, 20.81109226047186);
INSERT INTO supply(goods_id, building_id, max_supply, current_output, level) VALUES (15, 3756, 280.0, 7, 194.8082738423106);
INSERT INTO building(id, name, level) VALUES (3757, "building_subsistence_rice_paddieslevel", 316);
INSERT INTO supply(goods_id, building_id, max_supply, current_output, level) VALUES (7, 3757, 1734.524, 316, 1734.524);
INSERT INTO supply(goods_id, building_id, max_supply, current_output, level) VALUES (9, 3757, 236.526, 316, 236.526);
INSERT INTO supply(goods_id, building_id, max_supply, current_output, level) VALUES (10, 3757, 236.526, 316, 236.526);
INSERT INTO supply(goods_id, building_id, max_supply, current_output, level) VALUES (12, 3757, 315.368, 316, 315.368);
INSERT INTO supply(goods_id, building_id, max_supply, current_output, level) VALUES (13, 3757, 315.368, 316, 315.368);
INSERT INTO supply(goods_id, building_id, max_supply, current_output, level) VALUES (15, 3757, 315.368, 316, 315.368);
INSERT INTO supply(goods_id, building_id, max_supply, current_output, level) VALUES (38, 3757, 473.052, 316, 473.052);
INSERT INTO building(id, name, level) VALUES (3758, "building_urban_centerlevel", 2);
INSERT INTO demand(goods_id, building_id, max_demand, current_input, level) VALUES (10, 3758, 10.0, 2, 7.968850342887368);
INSERT INTO demand(goods_id, building_id, max_demand, current_input, level) VALUES (31, 3758, 10.0, 2, 5.946026360134818);
INSERT INTO supply(goods_id, building_id, max_supply, current_output, level) VALUES (15, 3758, 80.0, 2, 55.65950681208874);
INSERT INTO building(id, name, level) VALUES (3759, "building_subsistence_rice_paddieslevel", 72);
INSERT INTO supply(goods_id, building_id, max_supply, current_output, level) VALUES (7, 3759, 356.22972, 72, 356.22972);
INSERT INTO supply(goods_id, building_id, max_supply, current_output, level) VALUES (9, 3759, 48.57678, 72, 48.57678);
INSERT INTO supply(goods_id, building_id, max_supply, current_output, level) VALUES (10, 3759, 48.57678, 72, 48.57678);
INSERT INTO supply(goods_id, building_id, max_supply, current_output, level) VALUES (12, 3759, 64.76904, 72, 64.76904);
INSERT INTO supply(goods_id, building_id, max_supply, current_output, level) VALUES (13, 3759, 64.76904, 72, 64.76904);
INSERT INTO supply(goods_id, building_id, max_supply, current_output, level) VALUES (15, 3759, 64.76904, 72, 64.76904);
INSERT INTO supply(goods_id, building_id, max_supply, current_output, level) VALUES (38, 3759, 97.15356, 72, 97.15356);
INSERT INTO building(id, name, level) VALUES (3777, "building_subsistence_pastureslevel", 16);
INSERT INTO supply(goods_id, building_id, max_supply, current_output, level) VALUES (7, 3777, 5.6336, 16, 5.6336);
INSERT INTO supply(goods_id, building_id, max_supply, current_output, level) VALUES (9, 3777, 8.4504, 16, 8.4504);
INSERT INTO supply(goods_id, building_id, max_supply, current_output, level) VALUES (10, 3777, 2.8168, 16, 2.8168);
INSERT INTO supply(goods_id, building_id, max_supply, current_output, level) VALUES (12, 3777, 5.6336, 16, 5.6336);
INSERT INTO supply(goods_id, building_id, max_supply, current_output, level) VALUES (13, 3777, 5.6336, 16, 5.6336);
INSERT INTO supply(goods_id, building_id, max_supply, current_output, level) VALUES (15, 3777, 5.6336, 16, 5.6336);
INSERT INTO supply(goods_id, building_id, max_supply, current_output, level) VALUES (36, 3777, 18.70355, 16, 18.70355);
INSERT INTO supply(goods_id, building_id, max_supply, current_output, level) VALUES (38, 3777, 7.88704, 16, 7.88704);
INSERT INTO building(id, name, level) VALUES (3785, "building_subsistence_pastureslevel", 50);
INSERT INTO supply(goods_id, building_id, max_supply, current_output, level) VALUES (7, 3785, 6.3155, 50, 6.3155);
INSERT INTO supply(goods_id, building_id, max_supply, current_output, level) VALUES (9, 3785, 9.47325, 50, 9.47325);
INSERT INTO supply(goods_id, building_id, max_supply, current_output, level) VALUES (10, 3785, 3.15775, 50, 3.15775);
INSERT INTO supply(goods_id, building_id, max_supply, current_output, level) VALUES (12, 3785, 6.3155, 50, 6.3155);
INSERT INTO supply(goods_id, building_id, max_supply, current_output, level) VALUES (13, 3785, 6.3155, 50, 6.3155);
INSERT INTO supply(goods_id, building_id, max_supply, current_output, level) VALUES (15, 3785, 6.3155, 50, 6.3155);
INSERT INTO supply(goods_id, building_id, max_supply, current_output, level) VALUES (36, 3785, 20.96746, 50, 20.96746);
INSERT INTO supply(goods_id, building_id, max_supply, current_output, level) VALUES (38, 3785, 8.8417, 50, 8.8417);
INSERT INTO building(id, name, level) VALUES (3795, "building_subsistence_farmslevel", 11);
INSERT INTO supply(goods_id, building_id, max_supply, current_output, level) VALUES (7, 3795, 7.76688, 11, 7.76688);
INSERT INTO supply(goods_id, building_id, max_supply, current_output, level) VALUES (9, 3795, 1.29448, 11, 1.29448);
INSERT INTO supply(goods_id, building_id, max_supply, current_output, level) VALUES (10, 3795, 1.29448, 11, 1.29448);
INSERT INTO supply(goods_id, building_id, max_supply, current_output, level) VALUES (12, 3795, 1.29448, 11, 1.29448);
INSERT INTO supply(goods_id, building_id, max_supply, current_output, level) VALUES (13, 3795, 1.29448, 11, 1.29448);
INSERT INTO supply(goods_id, building_id, max_supply, current_output, level) VALUES (15, 3795, 1.29448, 11, 1.29448);
INSERT INTO supply(goods_id, building_id, max_supply, current_output, level) VALUES (38, 3795, 1.81227, 11, 1.81227);
INSERT INTO building(id, name, level) VALUES (3796, "building_subsistence_farmslevel", 40);
INSERT INTO supply(goods_id, building_id, max_supply, current_output, level) VALUES (7, 3796, 4.482, 40, 4.482);
INSERT INTO supply(goods_id, building_id, max_supply, current_output, level) VALUES (9, 3796, 0.747, 40, 0.747);
INSERT INTO supply(goods_id, building_id, max_supply, current_output, level) VALUES (10, 3796, 0.747, 40, 0.747);
INSERT INTO supply(goods_id, building_id, max_supply, current_output, level) VALUES (12, 3796, 0.747, 40, 0.747);
INSERT INTO supply(goods_id, building_id, max_supply, current_output, level) VALUES (13, 3796, 0.747, 40, 0.747);
INSERT INTO supply(goods_id, building_id, max_supply, current_output, level) VALUES (15, 3796, 0.747, 40, 0.747);
INSERT INTO supply(goods_id, building_id, max_supply, current_output, level) VALUES (38, 3796, 1.0458, 40, 1.0458);
INSERT INTO building(id, name, level) VALUES (4053, "building_conscription_centerlevel", 25);
INSERT INTO building(id, name, level) VALUES (4054, "building_conscription_centerlevel", 25);
INSERT INTO building(id, name, level) VALUES (4136, "building_conscription_centerlevel", 1);
INSERT INTO building(id, name, level) VALUES (4137, "building_conscription_centerlevel", 1);
INSERT INTO building(id, name, level) VALUES (4513, "building_conscription_centerlevel", 1);
INSERT INTO building(id, name, level) VALUES (4514, "building_conscription_centerlevel", 1);
INSERT INTO building(id, name, level) VALUES (4515, "building_conscription_centerlevel", 25);
INSERT INTO building(id, name, level) VALUES (4516, "building_conscription_centerlevel", 25);
INSERT INTO building(id, name, level) VALUES (4517, "building_conscription_centerlevel", 22);
INSERT INTO building(id, name, level) VALUES (4518, "building_conscription_centerlevel", 25);
INSERT INTO building(id, name, level) VALUES (4519, "building_conscription_centerlevel", 1);
INSERT INTO building(id, name, level) VALUES (4520, "building_conscription_centerlevel", 1);
INSERT INTO building(id, name, level) VALUES (4521, "building_conscription_centerlevel", 25);
INSERT INTO building(id, name, level) VALUES (4522, "building_conscription_centerlevel", 25);
INSERT INTO building(id, name, level) VALUES (4523, "building_conscription_centerlevel", 10);
INSERT INTO building(id, name, level) VALUES (4524, "building_conscription_centerlevel", 6);
INSERT INTO building(id, name, level) VALUES (4525, "building_conscription_centerlevel", 25);
INSERT INTO building(id, name, level) VALUES (4526, "building_conscription_centerlevel", 15);
INSERT INTO building(id, name, level) VALUES (4527, "building_conscription_centerlevel", 25);
INSERT INTO building(id, name, level) VALUES (4528, "building_conscription_centerlevel", 25);
INSERT INTO building(id, name, level) VALUES (4529, "building_conscription_centerlevel", 25);
INSERT INTO building(id, name, level) VALUES (4530, "building_conscription_centerlevel", 25);
INSERT INTO building(id, name, level) VALUES (4531, "building_conscription_centerlevel", 3);
INSERT INTO building(id, name, level) VALUES (4532, "building_conscription_centerlevel", 25);
INSERT INTO building(id, name, level) VALUES (4533, "building_conscription_centerlevel", 25);
INSERT INTO building(id, name, level) VALUES (4534, "building_conscription_centerlevel", 25);
INSERT INTO building(id, name, level) VALUES (4535, "building_conscription_centerlevel", 25);
INSERT INTO building(id, name, level) VALUES (4536, "building_conscription_centerlevel", 25);
INSERT INTO building(id, name, level) VALUES (4537, "building_conscription_centerlevel", 25);
INSERT INTO building(id, name, level) VALUES (4538, "building_conscription_centerlevel", 25);
INSERT INTO building(id, name, level) VALUES (4539, "building_conscription_centerlevel", 25);
INSERT INTO building(id, name, level) VALUES (4540, "building_conscription_centerlevel", 25);
INSERT INTO building(id, name, level) VALUES (4541, "building_conscription_centerlevel", 25);
INSERT INTO building(id, name, level) VALUES (4542, "building_conscription_centerlevel", 25);
INSERT INTO building(id, name, level) VALUES (4543, "building_conscription_centerlevel", 25);
INSERT INTO building(id, name, level) VALUES (4544, "building_conscription_centerlevel", 25);
INSERT INTO building(id, name, level) VALUES (4545, "building_conscription_centerlevel", 25);
INSERT INTO building(id, name, level) VALUES (4546, "building_conscription_centerlevel", 14);
