
  
CREATE TABLE goods(    goods_name    VARCHAR(30),    code    INT,    base_price FLOAT,    current_price FLOAT,    pop_demand FLOAT, PRIMARY KEY (code));

CREATE TABLE building(    id INT,    name VARCHAR(80),    level INT, PRIMARY KEY (id));

CREATE TABLE supply(    goods_id INT,    building_id INT,    max_supply FLOAT,    current_output FLOAT,    level INT, PRIMARY KEY (goods_id, building_id));

CREATE TABLE demand(    goods_id INT,    building_id INT,    max_demand FLOAT,    current_input FLOAT,    level INT,   PRIMARY KEY (goods_id, building_id));
    
INSERT INTO goods(goods_name,code,base_price, current_price, pop_demand) VALUES ("ammunition", 0, 50, 82.52670594818231, 0);
INSERT INTO goods(goods_name,code,base_price, current_price, pop_demand) VALUES ("small_arms", 1, 60, 101.54632189051398, 0);
INSERT INTO goods(goods_name,code,base_price, current_price, pop_demand) VALUES ("artillery", 2, 70, 115.86916092631921, 0);
INSERT INTO goods(goods_name,code,base_price, current_price, pop_demand) VALUES ("tanks", 3, 80, 80, 0);
INSERT INTO goods(goods_name,code,base_price, current_price, pop_demand) VALUES ("aeroplanes", 4, 80, 80, 0);
INSERT INTO goods(goods_name,code,base_price, current_price, pop_demand) VALUES ("manowars", 5, 70, 112.98803861188044, 0);
INSERT INTO goods(goods_name,code,base_price, current_price, pop_demand) VALUES ("ironclads", 6, 80, 80, 0);
INSERT INTO goods(goods_name,code,base_price, current_price, pop_demand) VALUES ("grain", 7, 20, 19.283790027790193, 3309.384047806331);
INSERT INTO goods(goods_name,code,base_price, current_price, pop_demand) VALUES ("fish", 8, 20, 14.31603239805844, 268.0445650379086);
INSERT INTO goods(goods_name,code,base_price, current_price, pop_demand) VALUES ("fabric", 9, 20, 27.725125454392963, 261.8474190478729);
INSERT INTO goods(goods_name,code,base_price, current_price, pop_demand) VALUES ("wood", 10, 20, 30.995212477801385, 214.87789856805307);
INSERT INTO goods(goods_name,code,base_price, current_price, pop_demand) VALUES ("groceries", 11, 30, 29.12532508690194, 355.14919201933003);
INSERT INTO goods(goods_name,code,base_price, current_price, pop_demand) VALUES ("clothes", 12, 30, 29.74204520023592, 1427.8283206989565);
INSERT INTO goods(goods_name,code,base_price, current_price, pop_demand) VALUES ("furniture", 13, 30, 22.440367945492696, 1085.5716161559965);
INSERT INTO goods(goods_name,code,base_price, current_price, pop_demand) VALUES ("paper", 14, 30, 48.24248652909225, 205.14985588816236);
INSERT INTO goods(goods_name,code,base_price, current_price, pop_demand) VALUES ("services", 15, 30, 15.266939294664866, 647.7479221382582);
INSERT INTO goods(goods_name,code,base_price, current_price, pop_demand) VALUES ("transportation", 16, 30, 24.910984298903628, 76.82043301320405);
INSERT INTO goods(goods_name,code,base_price, current_price, pop_demand) VALUES ("electricity", 17, 30, 30, 0);
INSERT INTO goods(goods_name,code,base_price, current_price, pop_demand) VALUES ("clippers", 18, 60, 71.52434581835838, 0);
INSERT INTO goods(goods_name,code,base_price, current_price, pop_demand) VALUES ("steamers", 19, 70, 70, 0);
INSERT INTO goods(goods_name,code,base_price, current_price, pop_demand) VALUES ("silk", 20, 40, 41.682928055698824, 0);
INSERT INTO goods(goods_name,code,base_price, current_price, pop_demand) VALUES ("dye", 21, 40, 63.09061629706035, 0);
INSERT INTO goods(goods_name,code,base_price, current_price, pop_demand) VALUES ("sulfur", 22, 50, 80.25860769920827, 0);
INSERT INTO goods(goods_name,code,base_price, current_price, pop_demand) VALUES ("coal", 23, 30, 50.74711288528777, 110.97124658938283);
INSERT INTO goods(goods_name,code,base_price, current_price, pop_demand) VALUES ("iron", 24, 40, 61.68413670281219, 0);
INSERT INTO goods(goods_name,code,base_price, current_price, pop_demand) VALUES ("lead", 25, 40, 65.72180582169455, 0);
INSERT INTO goods(goods_name,code,base_price, current_price, pop_demand) VALUES ("hardwood", 26, 40, 67.1109799965017, 0);
INSERT INTO goods(goods_name,code,base_price, current_price, pop_demand) VALUES ("rubber", 27, 40, 40, 0);
INSERT INTO goods(goods_name,code,base_price, current_price, pop_demand) VALUES ("oil", 28, 40, 40, 0);
INSERT INTO goods(goods_name,code,base_price, current_price, pop_demand) VALUES ("engines", 29, 60, 98.40605181759155, 0);
INSERT INTO goods(goods_name,code,base_price, current_price, pop_demand) VALUES ("steel", 30, 50, 81.42064771139559, 0);
INSERT INTO goods(goods_name,code,base_price, current_price, pop_demand) VALUES ("glass", 31, 40, 65.58603780399923, 71.10404855832094);
INSERT INTO goods(goods_name,code,base_price, current_price, pop_demand) VALUES ("fertilizer", 32, 30, 47.477962682423936, 0);
INSERT INTO goods(goods_name,code,base_price, current_price, pop_demand) VALUES ("tools", 33, 40, 60.042912681330904, 0);
INSERT INTO goods(goods_name,code,base_price, current_price, pop_demand) VALUES ("explosives", 34, 50, 74.85825526399812, 0);
INSERT INTO goods(goods_name,code,base_price, current_price, pop_demand) VALUES ("porcelain", 35, 70, 122.5, 48.94409512115359);
INSERT INTO goods(goods_name,code,base_price, current_price, pop_demand) VALUES ("meat", 36, 30, 24.33439353994763, 285.73920645456326);
INSERT INTO goods(goods_name,code,base_price, current_price, pop_demand) VALUES ("fruit", 37, 30, 18.040054418012566, 8.89487371954519);
INSERT INTO goods(goods_name,code,base_price, current_price, pop_demand) VALUES ("liquor", 38, 30, 17.28433823252747, 671.1855596286567);
INSERT INTO goods(goods_name,code,base_price, current_price, pop_demand) VALUES ("wine", 39, 50, 68.87435177246253, 468.6121627103061);
INSERT INTO goods(goods_name,code,base_price, current_price, pop_demand) VALUES ("tea", 40, 50, 87.5, 0.008334411476027872);
INSERT INTO goods(goods_name,code,base_price, current_price, pop_demand) VALUES ("coffee", 41, 50, 26.691789206715576, 12.745452878218046);
INSERT INTO goods(goods_name,code,base_price, current_price, pop_demand) VALUES ("sugar", 42, 30, 46.53024852442548, 74.40633430724502);
INSERT INTO goods(goods_name,code,base_price, current_price, pop_demand) VALUES ("tobacco", 43, 40, 67.48575016441386, 532.8545640285079);
INSERT INTO goods(goods_name,code,base_price, current_price, pop_demand) VALUES ("opium", 44, 50, 50, 0);
INSERT INTO goods(goods_name,code,base_price, current_price, pop_demand) VALUES ("automobiles", 45, 100, 100, 0);
INSERT INTO goods(goods_name,code,base_price, current_price, pop_demand) VALUES ("telephones", 46, 70, 70, 0);
INSERT INTO goods(goods_name,code,base_price, current_price, pop_demand) VALUES ("radios", 47, 80, 80, 0);
INSERT INTO goods(goods_name,code,base_price, current_price, pop_demand) VALUES ("luxury_clothes", 48, 60, 50.75959976119816, 298.8603669756624);
INSERT INTO goods(goods_name,code,base_price, current_price, pop_demand) VALUES ("luxury_furniture", 49, 60, 41.91523906492567, 436.0992007996589);
INSERT INTO goods(goods_name,code,base_price, current_price, pop_demand) VALUES ("gold", 50, 100, 100, 0);
INSERT INTO goods(goods_name,code,base_price, current_price, pop_demand) VALUES ("fine_art", 51, 200, 293.2317522765591, 2.2469257495888906);
INSERT INTO building(id, name, level) VALUES (206, "building_government_administrationlevel", 18);
INSERT INTO demand(goods_id, building_id, max_demand, current_input, level) VALUES (14, 206, 360.0, 18, 68.12024066470929);
INSERT INTO building(id, name, level) VALUES (207, "building_construction_sectorlevel", 3);
INSERT INTO demand(goods_id, building_id, max_demand, current_input, level) VALUES (9, 207, 4.932, 3, 2.3919788728178277);
INSERT INTO demand(goods_id, building_id, max_demand, current_input, level) VALUES (10, 207, 9.864, 3, 2.6335488708577746);
INSERT INTO demand(goods_id, building_id, max_demand, current_input, level) VALUES (24, 207, 12.33, 3, 3.417821348233551);
INSERT INTO demand(goods_id, building_id, max_demand, current_input, level) VALUES (33, 207, 2.466, 3, 0.8184728878875076);
INSERT INTO building(id, name, level) VALUES (208, "building_universitylevel", 9);
INSERT INTO demand(goods_id, building_id, max_demand, current_input, level) VALUES (14, 208, 90.0, 9, 17.03006016617732);
INSERT INTO building(id, name, level) VALUES (209, "building_arts_academylevel", 3);
INSERT INTO demand(goods_id, building_id, max_demand, current_input, level) VALUES (14, 209, 14.979892156862745, 3, 2.8345384968246705);
INSERT INTO supply(goods_id, building_id, max_supply, current_output, level) VALUES (51, 209, 4.4939607843137255, 3, 0.8503602504589354);
INSERT INTO building(id, name, level) VALUES (210, "building_paper_millslevel", 5);
INSERT INTO demand(goods_id, building_id, max_demand, current_input, level) VALUES (10, 210, 150.0, 5, 40.047884289199736);
INSERT INTO demand(goods_id, building_id, max_demand, current_input, level) VALUES (22, 210, 50.00000000000001, 5, 9.655194045113088);
INSERT INTO supply(goods_id, building_id, max_supply, current_output, level) VALUES (14, 210, 350.00000000000006, 5, 80.51571082862885);
INSERT INTO building(id, name, level) VALUES (211, "building_furniture_manufacturieslevel", 15);
INSERT INTO demand(goods_id, building_id, max_demand, current_input, level) VALUES (9, 211, 150.0, 15, 72.7487491732916);
INSERT INTO demand(goods_id, building_id, max_demand, current_input, level) VALUES (10, 211, 300.0, 15, 80.09576857839947);
INSERT INTO demand(goods_id, building_id, max_demand, current_input, level) VALUES (23, 211, 75.0, 15, 5.842959587333257);
INSERT INTO demand(goods_id, building_id, max_demand, current_input, level) VALUES (26, 211, 150.0, 15, 14.44510629271976);
INSERT INTO demand(goods_id, building_id, max_demand, current_input, level) VALUES (33, 211, 150.0, 15, 49.78545546760994);
INSERT INTO supply(goods_id, building_id, max_supply, current_output, level) VALUES (13, 211, 672.6375, 15, 169.24735664738677);
INSERT INTO supply(goods_id, building_id, max_supply, current_output, level) VALUES (49, 211, 298.95, 15, 75.22104739883855);
INSERT INTO building(id, name, level) VALUES (212, "building_wheat_farmlevel", 8);
INSERT INTO demand(goods_id, building_id, max_demand, current_input, level) VALUES (32, 212, 37.5843937007874, 8, 8.388901864198477);
INSERT INTO supply(goods_id, building_id, max_supply, current_output, level) VALUES (7, 212, 263.09079527559055, 8, 58.7223218368592);
INSERT INTO supply(goods_id, building_id, max_supply, current_output, level) VALUES (39, 212, 60.13503937007874, 8, 13.42224509171033);
INSERT INTO building(id, name, level) VALUES (213, "building_livestock_ranchlevel", 3);
INSERT INTO demand(goods_id, building_id, max_demand, current_input, level) VALUES (7, 213, 27.7665, 3, 29.158755297505333);
INSERT INTO demand(goods_id, building_id, max_demand, current_input, level) VALUES (33, 213, 27.7665, 3, 9.215785661609278);
INSERT INTO supply(goods_id, building_id, max_supply, current_output, level) VALUES (9, 213, 111.066, 3, 73.96457132321855);
INSERT INTO supply(goods_id, building_id, max_supply, current_output, level) VALUES (32, 213, 13.883245901639345, 3, 9.245568686092819);
INSERT INTO supply(goods_id, building_id, max_supply, current_output, level) VALUES (36, 213, 69.41624590163934, 3, 46.22785434770209);
INSERT INTO building(id, name, level) VALUES (214, "building_railwaylevel", 3);
INSERT INTO demand(goods_id, building_id, max_demand, current_input, level) VALUES (23, 214, 30.0, 3, 2.337183834933303);
INSERT INTO demand(goods_id, building_id, max_demand, current_input, level) VALUES (29, 214, 30.0, 3, 4.395967978493936);
INSERT INTO supply(goods_id, building_id, max_supply, current_output, level) VALUES (16, 214, 150.0, 3, 16.832879533568097);
INSERT INTO building(id, name, level) VALUES (215, "building_barrackslevel", 15);
INSERT INTO demand(goods_id, building_id, max_demand, current_input, level) VALUES (0, 215, 24.0, 15, 3.1829099860374868);
INSERT INTO demand(goods_id, building_id, max_demand, current_input, level) VALUES (1, 215, 24.0, 15, 1.841962600028144);
INSERT INTO demand(goods_id, building_id, max_demand, current_input, level) VALUES (2, 215, 24.0, 15, 3.0312422859157606);
INSERT INTO building(id, name, level) VALUES (218, "building_textile_millslevel", 3);
INSERT INTO demand(goods_id, building_id, max_demand, current_input, level) VALUES (9, 218, 89.99999999999999, 3, 43.64924950397495);
INSERT INTO demand(goods_id, building_id, max_demand, current_input, level) VALUES (20, 218, 30.0, 3, 28.317071944301183);
INSERT INTO demand(goods_id, building_id, max_demand, current_input, level) VALUES (21, 218, 15.0, 3, 3.4546918514698297);
INSERT INTO supply(goods_id, building_id, max_supply, current_output, level) VALUES (12, 218, 120.0, 3, 66.36827397586555);
INSERT INTO supply(goods_id, building_id, max_supply, current_output, level) VALUES (48, 218, 60.0, 3, 33.184136987932774);
INSERT INTO building(id, name, level) VALUES (219, "building_fishing_wharflevel", 2);
INSERT INTO demand(goods_id, building_id, max_demand, current_input, level) VALUES (18, 219, 8.502, 2, 6.324668468551471);
INSERT INTO supply(goods_id, building_id, max_supply, current_output, level) VALUES (8, 219, 85.02, 2, 63.2466846855147);
INSERT INTO building(id, name, level) VALUES (220, "building_silk_plantationlevel", 8);
INSERT INTO supply(goods_id, building_id, max_supply, current_output, level) VALUES (20, 220, 141.55679439252336, 8, 151.46577);
INSERT INTO building(id, name, level) VALUES (221, "building_wheat_farmlevel", 10);
INSERT INTO demand(goods_id, building_id, max_demand, current_input, level) VALUES (32, 221, 46.888000000000005, 10, 10.465482927300693);
INSERT INTO supply(goods_id, building_id, max_supply, current_output, level) VALUES (7, 221, 328.216, 10, 73.25838049110484);
INSERT INTO supply(goods_id, building_id, max_supply, current_output, level) VALUES (39, 221, 75.02079831932774, 10, 16.744772308552143);
INSERT INTO building(id, name, level) VALUES (222, "building_barrackslevel", 10);
INSERT INTO demand(goods_id, building_id, max_demand, current_input, level) VALUES (0, 222, 14.4784, 10, 1.9201434975768814);
INSERT INTO demand(goods_id, building_id, max_demand, current_input, level) VALUES (1, 222, 14.4784, 10, 1.111194637843645);
INSERT INTO demand(goods_id, building_id, max_demand, current_input, level) VALUES (2, 222, 14.4784, 10, 1.8286474296834478);
INSERT INTO building(id, name, level) VALUES (223, "building_naval_baselevel", 21);
INSERT INTO demand(goods_id, building_id, max_demand, current_input, level) VALUES (5, 223, 42.0, 21, 7.609570961553099);
INSERT INTO building(id, name, level) VALUES (224, "building_portlevel", 2);
INSERT INTO demand(goods_id, building_id, max_demand, current_input, level) VALUES (18, 224, 10.0, 2, 7.439036072161222);
INSERT INTO building(id, name, level) VALUES (225, "building_government_administrationlevel", 4);
INSERT INTO demand(goods_id, building_id, max_demand, current_input, level) VALUES (14, 225, 80.0, 4, 15.137831258824287);
INSERT INTO building(id, name, level) VALUES (226, "building_shipyardslevel", 7);
INSERT INTO demand(goods_id, building_id, max_demand, current_input, level) VALUES (9, 226, 128.30859482758623, 7, 62.22859854593047);
INSERT INTO demand(goods_id, building_id, max_demand, current_input, level) VALUES (10, 226, 256.6171982758621, 7, 68.51317242113568);
INSERT INTO demand(goods_id, building_id, max_demand, current_input, level) VALUES (26, 226, 128.30859482758623, 7, 12.356208603693307);
INSERT INTO demand(goods_id, building_id, max_demand, current_input, level) VALUES (29, 226, 64.15429310344828, 7, 9.400673938855768);
INSERT INTO supply(goods_id, building_id, max_supply, current_output, level) VALUES (5, 226, 95.8946379310345, 7, 23.849248919685625);
INSERT INTO supply(goods_id, building_id, max_supply, current_output, level) VALUES (18, 226, 351.61367241379315, 7, 87.44724603884728);
INSERT INTO building(id, name, level) VALUES (227, "building_textile_millslevel", 8);
INSERT INTO demand(goods_id, building_id, max_demand, current_input, level) VALUES (9, 227, 240.00000000000003, 8, 116.39799867726657);
INSERT INTO demand(goods_id, building_id, max_demand, current_input, level) VALUES (20, 227, 80.0, 8, 75.51219185146982);
INSERT INTO demand(goods_id, building_id, max_demand, current_input, level) VALUES (21, 227, 40.0, 8, 9.212511603919545);
INSERT INTO supply(goods_id, building_id, max_supply, current_output, level) VALUES (12, 227, 320.0, 8, 176.98206393564146);
INSERT INTO supply(goods_id, building_id, max_supply, current_output, level) VALUES (48, 227, 160.0, 8, 88.49103196782073);
INSERT INTO building(id, name, level) VALUES (228, "building_railwaylevel", 1);
INSERT INTO demand(goods_id, building_id, max_demand, current_input, level) VALUES (23, 228, 10.0, 1, 0.779061278311101);
INSERT INTO demand(goods_id, building_id, max_demand, current_input, level) VALUES (29, 228, 10.0, 1, 1.465322659497979);
INSERT INTO supply(goods_id, building_id, max_supply, current_output, level) VALUES (16, 228, 50.0, 1, 5.6109598445227);
INSERT INTO building(id, name, level) VALUES (229, "building_fishing_wharflevel", 3);
INSERT INTO demand(goods_id, building_id, max_demand, current_input, level) VALUES (18, 229, 15.0, 3, 11.158554108241834);
INSERT INTO supply(goods_id, building_id, max_supply, current_output, level) VALUES (8, 229, 150.0, 3, 111.58554108241833);
INSERT INTO building(id, name, level) VALUES (230, "building_barrackslevel", 15);
INSERT INTO demand(goods_id, building_id, max_demand, current_input, level) VALUES (0, 230, 23.98737, 15, 3.1812349796573343);
INSERT INTO demand(goods_id, building_id, max_demand, current_input, level) VALUES (1, 230, 23.98737, 15, 1.840993267209879);
INSERT INTO demand(goods_id, building_id, max_demand, current_input, level) VALUES (2, 230, 23.98737, 15, 3.029647094662797);
INSERT INTO building(id, name, level) VALUES (231, "building_wheat_farmlevel", 6);
INSERT INTO demand(goods_id, building_id, max_demand, current_input, level) VALUES (32, 231, 28.130695652173912, 6, 6.278820062295638);
INSERT INTO supply(goods_id, building_id, max_supply, current_output, level) VALUES (7, 231, 196.91489565217393, 6, 43.95174625872341);
INSERT INTO supply(goods_id, building_id, max_supply, current_output, level) VALUES (39, 231, 45.009113043478266, 6, 10.046112099673023);
INSERT INTO building(id, name, level) VALUES (232, "building_livestock_ranchlevel", 2);
INSERT INTO demand(goods_id, building_id, max_demand, current_input, level) VALUES (7, 232, 18.50979279279279, 2, 19.437902459891337);
INSERT INTO demand(goods_id, building_id, max_demand, current_input, level) VALUES (33, 232, 18.50979279279279, 2, 6.143456432001821);
INSERT INTO supply(goods_id, building_id, max_supply, current_output, level) VALUES (9, 232, 74.03919819819819, 2, 49.306516448278906);
INSERT INTO supply(goods_id, building_id, max_supply, current_output, level) VALUES (32, 232, 9.25489189189189, 2, 6.163309306417039);
INSERT INTO supply(goods_id, building_id, max_supply, current_output, level) VALUES (36, 232, 46.27449549549549, 2, 30.816570530338105);
INSERT INTO building(id, name, level) VALUES (233, "building_naval_baselevel", 25);
INSERT INTO demand(goods_id, building_id, max_demand, current_input, level) VALUES (5, 233, 50.0, 25, 9.059013049467977);
INSERT INTO building(id, name, level) VALUES (234, "building_portlevel", 3);
INSERT INTO demand(goods_id, building_id, max_demand, current_input, level) VALUES (18, 234, 15.0, 3, 11.158554108241834);
INSERT INTO building(id, name, level) VALUES (235, "building_universitylevel", 4);
INSERT INTO demand(goods_id, building_id, max_demand, current_input, level) VALUES (14, 235, 20.0, 4, 3.7844578147060717);
INSERT INTO building(id, name, level) VALUES (236, "building_fishing_wharflevel", 2);
INSERT INTO demand(goods_id, building_id, max_demand, current_input, level) VALUES (18, 236, 10.0, 2, 7.439036072161222);
INSERT INTO supply(goods_id, building_id, max_supply, current_output, level) VALUES (8, 236, 100.0, 2, 74.39036072161221);
INSERT INTO building(id, name, level) VALUES (237, "building_glassworkslevel", 5);
INSERT INTO demand(goods_id, building_id, max_demand, current_input, level) VALUES (10, 237, 100.00000000000001, 5, 26.69858952613316);
INSERT INTO demand(goods_id, building_id, max_demand, current_input, level) VALUES (25, 237, 50.00000000000001, 5, 7.130326810568964);
INSERT INTO supply(goods_id, building_id, max_supply, current_output, level) VALUES (31, 237, 200.00000000000003, 5, 40.95924314727109);
INSERT INTO building(id, name, level) VALUES (238, "building_wheat_farmlevel", 9);
INSERT INTO demand(goods_id, building_id, max_demand, current_input, level) VALUES (32, 238, 42.19784745762713, 9, 9.418632744767011);
INSERT INTO supply(goods_id, building_id, max_supply, current_output, level) VALUES (7, 238, 295.3849491525424, 9, 65.93043299644931);
INSERT INTO supply(goods_id, building_id, max_supply, current_output, level) VALUES (39, 238, 67.5165593220339, 9, 15.069813148243265);
INSERT INTO building(id, name, level) VALUES (239, "building_livestock_ranchlevel", 2);
INSERT INTO demand(goods_id, building_id, max_demand, current_input, level) VALUES (7, 239, 18.50979279279279, 2, 19.437902459891337);
INSERT INTO demand(goods_id, building_id, max_demand, current_input, level) VALUES (33, 239, 18.50979279279279, 2, 6.143456432001821);
INSERT INTO supply(goods_id, building_id, max_supply, current_output, level) VALUES (9, 239, 74.03919819819819, 2, 49.306516448278906);
INSERT INTO supply(goods_id, building_id, max_supply, current_output, level) VALUES (32, 239, 9.25489189189189, 2, 6.163309306417039);
INSERT INTO supply(goods_id, building_id, max_supply, current_output, level) VALUES (36, 239, 46.27449549549549, 2, 30.816570530338105);
INSERT INTO building(id, name, level) VALUES (240, "building_barrackslevel", 20);
INSERT INTO demand(goods_id, building_id, max_demand, current_input, level) VALUES (0, 240, 32.0, 20, 4.243879981383316);
INSERT INTO demand(goods_id, building_id, max_demand, current_input, level) VALUES (1, 240, 32.0, 20, 2.4559501333708584);
INSERT INTO demand(goods_id, building_id, max_demand, current_input, level) VALUES (2, 240, 32.0, 20, 4.041656381221014);
INSERT INTO building(id, name, level) VALUES (241, "building_construction_sectorlevel", 5);
INSERT INTO demand(goods_id, building_id, max_demand, current_input, level) VALUES (9, 241, 8.22, 5, 3.9866314546963797);
INSERT INTO demand(goods_id, building_id, max_demand, current_input, level) VALUES (10, 241, 16.44, 5, 4.389248118096291);
INSERT INTO demand(goods_id, building_id, max_demand, current_input, level) VALUES (24, 241, 20.55, 5, 5.696368913722585);
INSERT INTO demand(goods_id, building_id, max_demand, current_input, level) VALUES (33, 241, 4.11, 5, 1.3641214798125127);
INSERT INTO building(id, name, level) VALUES (242, "building_government_administrationlevel", 8);
INSERT INTO demand(goods_id, building_id, max_demand, current_input, level) VALUES (14, 242, 159.99999999999997, 8, 30.27566251764857);
INSERT INTO building(id, name, level) VALUES (243, "building_textile_millslevel", 7);
INSERT INTO demand(goods_id, building_id, max_demand, current_input, level) VALUES (9, 243, 210.0, 7, 101.84824884260823);
INSERT INTO demand(goods_id, building_id, max_demand, current_input, level) VALUES (20, 243, 70.00000000000001, 7, 66.07316787003612);
INSERT INTO demand(goods_id, building_id, max_demand, current_input, level) VALUES (21, 243, 35.00000000000001, 7, 8.060947653429604);
INSERT INTO supply(goods_id, building_id, max_supply, current_output, level) VALUES (12, 243, 280.00000000000006, 7, 154.8593059436863);
INSERT INTO supply(goods_id, building_id, max_supply, current_output, level) VALUES (48, 243, 140.00000000000003, 7, 77.42965297184315);
INSERT INTO building(id, name, level) VALUES (244, "building_paper_millslevel", 6);
INSERT INTO demand(goods_id, building_id, max_demand, current_input, level) VALUES (10, 244, 180.0, 6, 48.05746114703968);
INSERT INTO demand(goods_id, building_id, max_demand, current_input, level) VALUES (22, 244, 60.00000000000001, 6, 11.586232854135707);
INSERT INTO supply(goods_id, building_id, max_supply, current_output, level) VALUES (14, 244, 420.00000000000006, 6, 96.61885299435461);
INSERT INTO building(id, name, level) VALUES (245, "building_arms_industrylevel", 6);
INSERT INTO demand(goods_id, building_id, max_demand, current_input, level) VALUES (24, 245, 118.99560000000001, 6, 32.98505288125388);
INSERT INTO demand(goods_id, building_id, max_demand, current_input, level) VALUES (26, 245, 59.497800000000005, 6, 5.7296803012198785);
INSERT INTO supply(goods_id, building_id, max_supply, current_output, level) VALUES (1, 245, 88.93433043478261, 6, 16.608320621682303);
INSERT INTO supply(goods_id, building_id, max_supply, current_output, level) VALUES (2, 245, 88.93433043478261, 6, 16.608320621682303);
INSERT INTO building(id, name, level) VALUES (246, "building_logging_camplevel", 7);
INSERT INTO demand(goods_id, building_id, max_demand, current_input, level) VALUES (33, 246, 35.00000000000001, 7, 11.616606275775657);
INSERT INTO supply(goods_id, building_id, max_supply, current_output, level) VALUES (10, 246, 280.00000000000006, 7, 92.93285020620526);
INSERT INTO supply(goods_id, building_id, max_supply, current_output, level) VALUES (26, 246, 70.00000000000001, 7, 23.233212551551315);
INSERT INTO building(id, name, level) VALUES (247, "building_coal_minelevel", 6);
INSERT INTO demand(goods_id, building_id, max_demand, current_input, level) VALUES (33, 247, 90.0, 6, 29.87127328056597);
INSERT INTO supply(goods_id, building_id, max_supply, current_output, level) VALUES (23, 247, 360.0, 6, 119.48509312226388);
INSERT INTO building(id, name, level) VALUES (248, "building_silk_plantationlevel", 10);
INSERT INTO supply(goods_id, building_id, max_supply, current_output, level) VALUES (20, 248, 196.86199999999997, 10, 214.57958);
INSERT INTO building(id, name, level) VALUES (249, "building_wheat_farmlevel", 15);
INSERT INTO demand(goods_id, building_id, max_demand, current_input, level) VALUES (32, 249, 73.98825, 15, 16.514305732721706);
INSERT INTO supply(goods_id, building_id, max_supply, current_output, level) VALUES (7, 249, 517.9177500000001, 15, 115.60014012905197);
INSERT INTO supply(goods_id, building_id, max_supply, current_output, level) VALUES (39, 249, 118.38119354838709, 15, 26.42288773234354);
INSERT INTO building(id, name, level) VALUES (250, "building_barrackslevel", 20);
INSERT INTO demand(goods_id, building_id, max_demand, current_input, level) VALUES (0, 250, 32.0, 20, 4.243879981383316);
INSERT INTO demand(goods_id, building_id, max_demand, current_input, level) VALUES (1, 250, 32.0, 20, 2.4559501333708584);
INSERT INTO demand(goods_id, building_id, max_demand, current_input, level) VALUES (2, 250, 32.0, 20, 4.041656381221014);
INSERT INTO building(id, name, level) VALUES (251, "building_railwaylevel", 3);
INSERT INTO demand(goods_id, building_id, max_demand, current_input, level) VALUES (23, 251, 30.0, 3, 2.337183834933303);
INSERT INTO demand(goods_id, building_id, max_demand, current_input, level) VALUES (29, 251, 30.0, 3, 4.395967978493936);
INSERT INTO supply(goods_id, building_id, max_supply, current_output, level) VALUES (16, 251, 150.0, 3, 16.832879533568097);
INSERT INTO building(id, name, level) VALUES (252, "building_arms_industrylevel", 4);
INSERT INTO demand(goods_id, building_id, max_demand, current_input, level) VALUES (24, 252, 39.71519469026549, 4, 11.008875933628643);
INSERT INTO demand(goods_id, building_id, max_demand, current_input, level) VALUES (26, 252, 39.71519469026549, 4, 3.82460139157963);
INSERT INTO demand(goods_id, building_id, max_demand, current_input, level) VALUES (30, 252, 59.572796460177, 4, 9.657711959520498);
INSERT INTO supply(goods_id, building_id, max_supply, current_output, level) VALUES (1, 252, 39.57619469026549, 4, 7.065833786824143);
INSERT INTO supply(goods_id, building_id, max_supply, current_output, level) VALUES (2, 252, 98.94048672566373, 4, 17.664584467060358);
INSERT INTO building(id, name, level) VALUES (253, "building_logging_camplevel", 2);
INSERT INTO demand(goods_id, building_id, max_demand, current_input, level) VALUES (33, 253, 9.999999999999998, 2, 3.3190303645073294);
INSERT INTO supply(goods_id, building_id, max_supply, current_output, level) VALUES (10, 253, 79.99999999999999, 2, 26.552242916058635);
INSERT INTO supply(goods_id, building_id, max_supply, current_output, level) VALUES (26, 253, 19.999999999999996, 2, 6.638060729014659);
INSERT INTO building(id, name, level) VALUES (254, "building_munition_plantslevel", 5);
INSERT INTO demand(goods_id, building_id, max_demand, current_input, level) VALUES (25, 254, 97.14500000000001, 5, 13.85351196025444);
INSERT INTO demand(goods_id, building_id, max_demand, current_input, level) VALUES (34, 254, 97.14500000000001, 5, 32.748877859844754);
INSERT INTO supply(goods_id, building_id, max_supply, current_output, level) VALUES (0, 254, 242.8625, 5, 58.252987275123985);
INSERT INTO building(id, name, level) VALUES (255, "building_wheat_farmlevel", 8);
INSERT INTO demand(goods_id, building_id, max_demand, current_input, level) VALUES (32, 255, 37.52, 8, 8.374529078491767);
INSERT INTO supply(goods_id, building_id, max_supply, current_output, level) VALUES (7, 255, 262.64, 8, 58.62170354944236);
INSERT INTO supply(goods_id, building_id, max_supply, current_output, level) VALUES (39, 255, 60.03200000000001, 8, 13.399246525586829);
INSERT INTO building(id, name, level) VALUES (256, "building_livestock_ranchlevel", 2);
INSERT INTO demand(goods_id, building_id, max_demand, current_input, level) VALUES (7, 256, 18.50979279279279, 2, 19.437902459891337);
INSERT INTO demand(goods_id, building_id, max_demand, current_input, level) VALUES (33, 256, 18.50979279279279, 2, 6.143456432001821);
INSERT INTO supply(goods_id, building_id, max_supply, current_output, level) VALUES (9, 256, 74.03919819819819, 2, 49.306516448278906);
INSERT INTO supply(goods_id, building_id, max_supply, current_output, level) VALUES (32, 256, 9.25489189189189, 2, 6.163309306417039);
INSERT INTO supply(goods_id, building_id, max_supply, current_output, level) VALUES (36, 256, 46.27449549549549, 2, 30.816570530338105);
INSERT INTO building(id, name, level) VALUES (257, "building_barrackslevel", 25);
INSERT INTO demand(goods_id, building_id, max_demand, current_input, level) VALUES (0, 257, 40.0, 25, 5.3048499767291455);
INSERT INTO demand(goods_id, building_id, max_demand, current_input, level) VALUES (1, 257, 40.0, 25, 3.069937666713573);
INSERT INTO demand(goods_id, building_id, max_demand, current_input, level) VALUES (2, 257, 40.0, 25, 5.052070476526267);
INSERT INTO building(id, name, level) VALUES (258, "building_portlevel", 1);
INSERT INTO demand(goods_id, building_id, max_demand, current_input, level) VALUES (18, 258, 5.0, 1, 3.719518036080611);
INSERT INTO building(id, name, level) VALUES (259, "building_government_administrationlevel", 4);
INSERT INTO demand(goods_id, building_id, max_demand, current_input, level) VALUES (14, 259, 80.0, 4, 15.137831258824287);
INSERT INTO building(id, name, level) VALUES (260, "building_textile_millslevel", 5);
INSERT INTO demand(goods_id, building_id, max_demand, current_input, level) VALUES (9, 260, 150.0, 5, 72.7487491732916);
INSERT INTO demand(goods_id, building_id, max_demand, current_input, level) VALUES (20, 260, 50.00000000000001, 5, 47.195119907168646);
INSERT INTO demand(goods_id, building_id, max_demand, current_input, level) VALUES (21, 260, 25.000000000000004, 5, 5.757819752449716);
INSERT INTO supply(goods_id, building_id, max_supply, current_output, level) VALUES (12, 260, 200.00000000000003, 5, 110.61378995977593);
INSERT INTO supply(goods_id, building_id, max_supply, current_output, level) VALUES (48, 260, 100.00000000000001, 5, 55.306894979887964);
INSERT INTO building(id, name, level) VALUES (261, "building_coal_minelevel", 6);
INSERT INTO demand(goods_id, building_id, max_demand, current_input, level) VALUES (33, 261, 90.0, 6, 29.87127328056597);
INSERT INTO supply(goods_id, building_id, max_supply, current_output, level) VALUES (23, 261, 360.0, 6, 119.48509312226388);
INSERT INTO building(id, name, level) VALUES (262, "building_wheat_farmlevel", 7);
INSERT INTO demand(goods_id, building_id, max_demand, current_input, level) VALUES (32, 262, 35.0, 7, 7.81206070754829);
INSERT INTO demand(goods_id, building_id, max_demand, current_input, level) VALUES (33, 262, 7.0, 7, 2.3233212551551308);
INSERT INTO supply(goods_id, building_id, max_supply, current_output, level) VALUES (7, 262, 245.0, 7, 68.0003344416338);
INSERT INTO supply(goods_id, building_id, max_supply, current_output, level) VALUES (39, 262, 56.0, 7, 15.542933586659153);
INSERT INTO building(id, name, level) VALUES (263, "building_livestock_ranchlevel", 2);
INSERT INTO demand(goods_id, building_id, max_demand, current_input, level) VALUES (7, 263, 18.507793388429754, 2, 19.435802802298102);
INSERT INTO demand(goods_id, building_id, max_demand, current_input, level) VALUES (33, 263, 18.507793388429754, 2, 6.142792823622636);
INSERT INTO supply(goods_id, building_id, max_supply, current_output, level) VALUES (9, 263, 74.03119834710743, 2, 49.301188935299436);
INSERT INTO supply(goods_id, building_id, max_supply, current_output, level) VALUES (32, 263, 9.253892561983472, 2, 6.162643801147319);
INSERT INTO supply(goods_id, building_id, max_supply, current_output, level) VALUES (36, 263, 46.2694958677686, 2, 30.81324102066282);
INSERT INTO building(id, name, level) VALUES (264, "building_naval_baselevel", 25);
INSERT INTO demand(goods_id, building_id, max_demand, current_input, level) VALUES (5, 264, 50.0, 25, 9.059013049467977);
INSERT INTO building(id, name, level) VALUES (265, "building_portlevel", 2);
INSERT INTO demand(goods_id, building_id, max_demand, current_input, level) VALUES (18, 265, 10.0, 2, 7.439036072161222);
INSERT INTO building(id, name, level) VALUES (266, "building_railwaylevel", 1);
INSERT INTO demand(goods_id, building_id, max_demand, current_input, level) VALUES (23, 266, 10.0, 1, 0.779061278311101);
INSERT INTO demand(goods_id, building_id, max_demand, current_input, level) VALUES (29, 266, 10.0, 1, 1.465322659497979);
INSERT INTO supply(goods_id, building_id, max_supply, current_output, level) VALUES (16, 266, 50.0, 1, 5.6109598445227);
INSERT INTO building(id, name, level) VALUES (267, "building_steel_millslevel", 3);
INSERT INTO demand(goods_id, building_id, max_demand, current_input, level) VALUES (23, 267, 89.99999999999999, 3, 7.0115515047999075);
INSERT INTO demand(goods_id, building_id, max_demand, current_input, level) VALUES (24, 267, 179.99999999999997, 3, 49.89520216399343);
INSERT INTO supply(goods_id, building_id, max_supply, current_output, level) VALUES (30, 267, 269.99999999999994, 3, 47.93872888019493);
INSERT INTO building(id, name, level) VALUES (268, "building_arms_industrylevel", 3);
INSERT INTO demand(goods_id, building_id, max_demand, current_input, level) VALUES (24, 268, 29.78879464285714, 3, 8.257321838483566);
INSERT INTO demand(goods_id, building_id, max_demand, current_input, level) VALUES (26, 268, 29.78879464285714, 3, 2.868682032987149);
INSERT INTO demand(goods_id, building_id, max_demand, current_input, level) VALUES (30, 268, 44.68319642857143, 3, 7.243867439163955);
INSERT INTO supply(goods_id, building_id, max_supply, current_output, level) VALUES (1, 268, 29.68453571428571, 3, 5.299801990507665);
INSERT INTO supply(goods_id, building_id, max_supply, current_output, level) VALUES (2, 268, 74.21133928571427, 3, 13.249504976269161);
INSERT INTO building(id, name, level) VALUES (269, "building_iron_minelevel", 10);
INSERT INTO demand(goods_id, building_id, max_demand, current_input, level) VALUES (23, 269, 150.0, 10, 11.685919174666514);
INSERT INTO demand(goods_id, building_id, max_demand, current_input, level) VALUES (33, 269, 150.0, 10, 49.78545546760994);
INSERT INTO supply(goods_id, building_id, max_supply, current_output, level) VALUES (24, 269, 600.0, 10, 122.9427492845529);
INSERT INTO building(id, name, level) VALUES (270, "building_logging_camplevel", 7);
INSERT INTO demand(goods_id, building_id, max_demand, current_input, level) VALUES (33, 270, 35.00000000000001, 7, 11.616606275775657);
INSERT INTO supply(goods_id, building_id, max_supply, current_output, level) VALUES (10, 270, 280.00000000000006, 7, 92.93285020620526);
INSERT INTO supply(goods_id, building_id, max_supply, current_output, level) VALUES (26, 270, 70.00000000000001, 7, 23.233212551551315);
INSERT INTO building(id, name, level) VALUES (271, "building_wheat_farmlevel", 7);
INSERT INTO demand(goods_id, building_id, max_demand, current_input, level) VALUES (32, 271, 32.31409482758621, 7, 7.212562014359304);
INSERT INTO supply(goods_id, building_id, max_supply, current_output, level) VALUES (7, 271, 226.19869827586209, 7, 50.487941797126666);
INSERT INTO supply(goods_id, building_id, max_supply, current_output, level) VALUES (39, 271, 51.70255172413794, 7, 11.540099222974888);
INSERT INTO building(id, name, level) VALUES (272, "building_barrackslevel", 20);
INSERT INTO demand(goods_id, building_id, max_demand, current_input, level) VALUES (0, 272, 32.0, 20, 4.243879981383316);
INSERT INTO demand(goods_id, building_id, max_demand, current_input, level) VALUES (1, 272, 32.0, 20, 2.4559501333708584);
INSERT INTO demand(goods_id, building_id, max_demand, current_input, level) VALUES (2, 272, 32.0, 20, 4.041656381221014);
INSERT INTO building(id, name, level) VALUES (273, "building_paper_millslevel", 2);
INSERT INTO demand(goods_id, building_id, max_demand, current_input, level) VALUES (10, 273, 59.99999999999999, 2, 16.01915371567989);
INSERT INTO demand(goods_id, building_id, max_demand, current_input, level) VALUES (22, 273, 19.999999999999996, 2, 3.8620776180452348);
INSERT INTO supply(goods_id, building_id, max_supply, current_output, level) VALUES (14, 273, 140.0, 2, 32.206284331451535);
INSERT INTO building(id, name, level) VALUES (274, "building_fishing_wharflevel", 2);
INSERT INTO demand(goods_id, building_id, max_demand, current_input, level) VALUES (18, 274, 10.0, 2, 7.439036072161222);
INSERT INTO supply(goods_id, building_id, max_supply, current_output, level) VALUES (8, 274, 100.0, 2, 74.39036072161221);
INSERT INTO building(id, name, level) VALUES (275, "building_portlevel", 1);
INSERT INTO demand(goods_id, building_id, max_demand, current_input, level) VALUES (18, 275, 5.0, 1, 3.719518036080611);
INSERT INTO building(id, name, level) VALUES (276, "building_textile_millslevel", 3);
INSERT INTO demand(goods_id, building_id, max_demand, current_input, level) VALUES (9, 276, 89.99999999999999, 3, 43.64924950397495);
INSERT INTO demand(goods_id, building_id, max_demand, current_input, level) VALUES (20, 276, 30.0, 3, 28.317071944301183);
INSERT INTO demand(goods_id, building_id, max_demand, current_input, level) VALUES (21, 276, 15.0, 3, 3.4546918514698297);
INSERT INTO supply(goods_id, building_id, max_supply, current_output, level) VALUES (12, 276, 120.0, 3, 66.36827397586555);
INSERT INTO supply(goods_id, building_id, max_supply, current_output, level) VALUES (48, 276, 60.0, 3, 33.184136987932774);
INSERT INTO building(id, name, level) VALUES (277, "building_wheat_farmlevel", 8);
INSERT INTO demand(goods_id, building_id, max_demand, current_input, level) VALUES (32, 277, 37.16919658119659, 8, 8.296229146945832);
INSERT INTO supply(goods_id, building_id, max_supply, current_output, level) VALUES (7, 277, 260.1843931623932, 8, 58.07360784403508);
INSERT INTO supply(goods_id, building_id, max_supply, current_output, level) VALUES (39, 277, 59.470717948717954, 8, 13.273967398196183);
INSERT INTO building(id, name, level) VALUES (278, "building_livestock_ranchlevel", 2);
INSERT INTO demand(goods_id, building_id, max_demand, current_input, level) VALUES (7, 278, 18.539198198198196, 2, 19.46878229784859);
INSERT INTO demand(goods_id, building_id, max_demand, current_input, level) VALUES (33, 278, 18.539198198198196, 2, 6.153216175343939);
INSERT INTO supply(goods_id, building_id, max_supply, current_output, level) VALUES (9, 278, 74.15679279279279, 2, 49.38482874708427);
INSERT INTO supply(goods_id, building_id, max_supply, current_output, level) VALUES (32, 278, 9.269594594594594, 2, 6.17310059360392);
INSERT INTO supply(goods_id, building_id, max_supply, current_output, level) VALUES (36, 278, 46.348, 2, 30.865520966709283);
INSERT INTO building(id, name, level) VALUES (279, "building_barrackslevel", 20);
INSERT INTO demand(goods_id, building_id, max_demand, current_input, level) VALUES (0, 279, 32.0, 20, 4.243879981383316);
INSERT INTO demand(goods_id, building_id, max_demand, current_input, level) VALUES (1, 279, 32.0, 20, 2.4559501333708584);
INSERT INTO demand(goods_id, building_id, max_demand, current_input, level) VALUES (2, 279, 32.0, 20, 4.041656381221014);
INSERT INTO building(id, name, level) VALUES (280, "building_textile_millslevel", 3);
INSERT INTO demand(goods_id, building_id, max_demand, current_input, level) VALUES (9, 280, 89.99999999999999, 3, 43.64924950397495);
INSERT INTO demand(goods_id, building_id, max_demand, current_input, level) VALUES (20, 280, 30.0, 3, 28.317071944301183);
INSERT INTO demand(goods_id, building_id, max_demand, current_input, level) VALUES (21, 280, 15.0, 3, 3.4546918514698297);
INSERT INTO supply(goods_id, building_id, max_supply, current_output, level) VALUES (12, 280, 120.0, 3, 66.36827397586555);
INSERT INTO supply(goods_id, building_id, max_supply, current_output, level) VALUES (48, 280, 60.0, 3, 33.184136987932774);
INSERT INTO building(id, name, level) VALUES (281, "building_furniture_manufacturieslevel", 9);
INSERT INTO demand(goods_id, building_id, max_demand, current_input, level) VALUES (9, 281, 90.00000000000001, 9, 43.64924950397497);
INSERT INTO demand(goods_id, building_id, max_demand, current_input, level) VALUES (10, 281, 90.00000000000001, 9, 24.028730573519844);
INSERT INTO demand(goods_id, building_id, max_demand, current_input, level) VALUES (26, 281, 180.00000000000003, 9, 17.334127551263716);
INSERT INTO demand(goods_id, building_id, max_demand, current_input, level) VALUES (33, 281, 135.00000000000003, 9, 44.80690992084896);
INSERT INTO supply(goods_id, building_id, max_supply, current_output, level) VALUES (13, 281, 403.58250000000004, 9, 119.0751300266903);
INSERT INTO supply(goods_id, building_id, max_supply, current_output, level) VALUES (49, 281, 358.74, 9, 105.84456002372471);
INSERT INTO building(id, name, level) VALUES (282, "building_logging_camplevel", 6);
INSERT INTO demand(goods_id, building_id, max_demand, current_input, level) VALUES (33, 282, 30.000000000000004, 6, 9.95709109352199);
INSERT INTO supply(goods_id, building_id, max_supply, current_output, level) VALUES (10, 282, 240.00000000000003, 6, 79.65672874817592);
INSERT INTO supply(goods_id, building_id, max_supply, current_output, level) VALUES (26, 282, 60.00000000000001, 6, 19.91418218704398);
INSERT INTO building(id, name, level) VALUES (283, "building_wheat_farmlevel", 5);
INSERT INTO demand(goods_id, building_id, max_demand, current_input, level) VALUES (32, 283, 23.449, 5, 5.233857472322853);
INSERT INTO supply(goods_id, building_id, max_supply, current_output, level) VALUES (7, 283, 164.143, 5, 36.637002306259966);
INSERT INTO supply(goods_id, building_id, max_supply, current_output, level) VALUES (39, 283, 37.518394736842104, 5, 8.374170780970593);
INSERT INTO building(id, name, level) VALUES (284, "building_barrackslevel", 30);
INSERT INTO demand(goods_id, building_id, max_demand, current_input, level) VALUES (0, 284, 48.0, 30, 6.3658199720749735);
INSERT INTO demand(goods_id, building_id, max_demand, current_input, level) VALUES (1, 284, 48.0, 30, 3.683925200056288);
INSERT INTO demand(goods_id, building_id, max_demand, current_input, level) VALUES (2, 284, 48.0, 30, 6.062484571831521);
INSERT INTO building(id, name, level) VALUES (285, "building_government_administrationlevel", 7);
INSERT INTO demand(goods_id, building_id, max_demand, current_input, level) VALUES (14, 285, 140.0, 7, 26.4912047029425);
INSERT INTO building(id, name, level) VALUES (286, "building_shipyardslevel", 5);
INSERT INTO demand(goods_id, building_id, max_demand, current_input, level) VALUES (9, 286, 80.99100000000001, 5, 39.27995962862707);
INSERT INTO demand(goods_id, building_id, max_demand, current_input, level) VALUES (10, 286, 161.98200000000003, 5, 43.24690928622102);
INSERT INTO demand(goods_id, building_id, max_demand, current_input, level) VALUES (26, 286, 80.99100000000001, 5, 7.799490691691109);
INSERT INTO demand(goods_id, building_id, max_demand, current_input, level) VALUES (29, 286, 40.49550000000001, 5, 5.933897375770041);
INSERT INTO supply(goods_id, building_id, max_supply, current_output, level) VALUES (5, 286, 60.5306403508772, 5, 15.05412961707257);
INSERT INTO supply(goods_id, building_id, max_supply, current_output, level) VALUES (18, 286, 221.94571052631582, 5, 55.19848253460623);
INSERT INTO building(id, name, level) VALUES (287, "building_logging_camplevel", 5);
INSERT INTO demand(goods_id, building_id, max_demand, current_input, level) VALUES (33, 287, 25.000000000000004, 5, 8.297575911268325);
INSERT INTO supply(goods_id, building_id, max_supply, current_output, level) VALUES (10, 287, 200.00000000000003, 5, 66.3806072901466);
INSERT INTO supply(goods_id, building_id, max_supply, current_output, level) VALUES (26, 287, 50.00000000000001, 5, 16.59515182253665);
INSERT INTO building(id, name, level) VALUES (288, "building_arms_industrylevel", 2);
INSERT INTO demand(goods_id, building_id, max_demand, current_input, level) VALUES (24, 288, 19.849594594594592, 2, 5.5022196398367145);
INSERT INTO demand(goods_id, building_id, max_demand, current_input, level) VALUES (26, 288, 19.849594594594592, 2, 1.9115300252420966);
INSERT INTO demand(goods_id, building_id, max_demand, current_input, level) VALUES (30, 288, 29.774396396396394, 2, 4.826910288779267);
INSERT INTO supply(goods_id, building_id, max_supply, current_output, level) VALUES (1, 288, 19.780126126126124, 2, 3.531493732114732);
INSERT INTO supply(goods_id, building_id, max_supply, current_output, level) VALUES (2, 288, 49.450315315315315, 2, 8.828734330286832);
INSERT INTO building(id, name, level) VALUES (289, "building_fishing_wharflevel", 3);
INSERT INTO demand(goods_id, building_id, max_demand, current_input, level) VALUES (18, 289, 15.0, 3, 11.158554108241834);
INSERT INTO supply(goods_id, building_id, max_supply, current_output, level) VALUES (8, 289, 150.0, 3, 111.58554108241833);
INSERT INTO building(id, name, level) VALUES (290, "building_naval_baselevel", 11);
INSERT INTO demand(goods_id, building_id, max_demand, current_input, level) VALUES (5, 290, 22.0, 11, 3.9859657417659093);
INSERT INTO building(id, name, level) VALUES (291, "building_wheat_farmlevel", 4);
INSERT INTO demand(goods_id, building_id, max_demand, current_input, level) VALUES (32, 291, 18.76919469026549, 4, 4.189316810061343);
INSERT INTO supply(goods_id, building_id, max_supply, current_output, level) VALUES (7, 291, 131.38439823008852, 4, 29.325225571375757);
INSERT INTO supply(goods_id, building_id, max_supply, current_output, level) VALUES (39, 291, 30.030716814159298, 4, 6.7029080812401025);
INSERT INTO building(id, name, level) VALUES (292, "building_livestock_ranchlevel", 5);
INSERT INTO demand(goods_id, building_id, max_demand, current_input, level) VALUES (7, 292, 46.270500000000006, 5, 48.59057450500497);
INSERT INTO demand(goods_id, building_id, max_demand, current_input, level) VALUES (33, 292, 46.270500000000006, 5, 15.357319448093643);
INSERT INTO supply(goods_id, building_id, max_supply, current_output, level) VALUES (9, 292, 185.08200000000002, 5, 123.25563889618729);
INSERT INTO supply(goods_id, building_id, max_supply, current_output, level) VALUES (32, 292, 23.13524561403509, 5, 15.406951941183419);
INSERT INTO supply(goods_id, building_id, max_supply, current_output, level) VALUES (36, 292, 115.67624561403511, 5, 77.03477138927707);
INSERT INTO building(id, name, level) VALUES (293, "building_portlevel", 3);
INSERT INTO demand(goods_id, building_id, max_demand, current_input, level) VALUES (18, 293, 15.0, 3, 11.158554108241834);
INSERT INTO building(id, name, level) VALUES (294, "building_government_administrationlevel", 4);
INSERT INTO demand(goods_id, building_id, max_demand, current_input, level) VALUES (14, 294, 80.0, 4, 15.137831258824287);
INSERT INTO building(id, name, level) VALUES (295, "building_tooling_workshopslevel", 7);
INSERT INTO demand(goods_id, building_id, max_demand, current_input, level) VALUES (10, 295, 210.0, 7, 56.06703800487963);
INSERT INTO demand(goods_id, building_id, max_demand, current_input, level) VALUES (30, 295, 140.00000000000003, 7, 22.696259948728496);
INSERT INTO supply(goods_id, building_id, max_supply, current_output, level) VALUES (33, 295, 560.0000000000001, 7, 120.14857057062983);
INSERT INTO building(id, name, level) VALUES (296, "building_furniture_manufacturieslevel", 6);
INSERT INTO demand(goods_id, building_id, max_demand, current_input, level) VALUES (9, 296, 60.00000000000001, 6, 29.099499669316643);
INSERT INTO demand(goods_id, building_id, max_demand, current_input, level) VALUES (10, 296, 60.00000000000001, 6, 16.019153715679895);
INSERT INTO demand(goods_id, building_id, max_demand, current_input, level) VALUES (26, 296, 120.00000000000001, 6, 11.55608503417581);
INSERT INTO demand(goods_id, building_id, max_demand, current_input, level) VALUES (33, 296, 90.0, 6, 29.87127328056597);
INSERT INTO supply(goods_id, building_id, max_supply, current_output, level) VALUES (13, 296, 269.055, 6, 79.38342001779353);
INSERT INTO supply(goods_id, building_id, max_supply, current_output, level) VALUES (49, 296, 239.16000000000003, 6, 70.56304001581647);
INSERT INTO building(id, name, level) VALUES (297, "building_logging_camplevel", 4);
INSERT INTO demand(goods_id, building_id, max_demand, current_input, level) VALUES (33, 297, 20.000000000000004, 4, 6.638060729014661);
INSERT INTO supply(goods_id, building_id, max_supply, current_output, level) VALUES (10, 297, 160.00000000000003, 4, 53.10448583211729);
INSERT INTO supply(goods_id, building_id, max_supply, current_output, level) VALUES (26, 297, 40.00000000000001, 4, 13.276121458029323);
INSERT INTO building(id, name, level) VALUES (298, "building_iron_minelevel", 5);
INSERT INTO demand(goods_id, building_id, max_demand, current_input, level) VALUES (23, 298, 75.0, 5, 5.842959587333257);
INSERT INTO demand(goods_id, building_id, max_demand, current_input, level) VALUES (33, 298, 75.0, 5, 24.89272773380497);
INSERT INTO supply(goods_id, building_id, max_supply, current_output, level) VALUES (24, 298, 300.0, 5, 61.47137464227645);
INSERT INTO building(id, name, level) VALUES (299, "building_wheat_farmlevel", 12);
INSERT INTO demand(goods_id, building_id, max_demand, current_input, level) VALUES (32, 299, 60.0, 12, 13.392104070082782);
INSERT INTO demand(goods_id, building_id, max_demand, current_input, level) VALUES (33, 299, 12.0, 12, 3.9828364374087957);
INSERT INTO supply(goods_id, building_id, max_supply, current_output, level) VALUES (7, 299, 420.0, 12, 116.57200189994366);
INSERT INTO supply(goods_id, building_id, max_supply, current_output, level) VALUES (39, 299, 96.0, 12, 26.645029005701407);
INSERT INTO building(id, name, level) VALUES (300, "building_barrackslevel", 15);
INSERT INTO demand(goods_id, building_id, max_demand, current_input, level) VALUES (0, 300, 24.0, 15, 3.1829099860374868);
INSERT INTO demand(goods_id, building_id, max_demand, current_input, level) VALUES (1, 300, 24.0, 15, 1.841962600028144);
INSERT INTO demand(goods_id, building_id, max_demand, current_input, level) VALUES (2, 300, 24.0, 15, 3.0312422859157606);
INSERT INTO building(id, name, level) VALUES (301, "building_food_industrylevel", 6);
INSERT INTO demand(goods_id, building_id, max_demand, current_input, level) VALUES (7, 301, 240.00000000000003, 6, 252.03397156290066);
INSERT INTO demand(goods_id, building_id, max_demand, current_input, level) VALUES (42, 301, 240.00000000000003, 6, 63.67734907279482);
INSERT INTO supply(goods_id, building_id, max_supply, current_output, level) VALUES (11, 301, 210.00000000000003, 6, 132.85884021934774);
INSERT INTO supply(goods_id, building_id, max_supply, current_output, level) VALUES (38, 301, 360.0, 6, 227.7580118045961);
INSERT INTO building(id, name, level) VALUES (302, "building_barrackslevel", 15);
INSERT INTO demand(goods_id, building_id, max_demand, current_input, level) VALUES (0, 302, 24.0, 15, 3.1829099860374868);
INSERT INTO demand(goods_id, building_id, max_demand, current_input, level) VALUES (1, 302, 24.0, 15, 1.841962600028144);
INSERT INTO demand(goods_id, building_id, max_demand, current_input, level) VALUES (2, 302, 24.0, 15, 3.0312422859157606);
INSERT INTO building(id, name, level) VALUES (303, "building_logging_camplevel", 5);
INSERT INTO demand(goods_id, building_id, max_demand, current_input, level) VALUES (33, 303, 25.000000000000004, 5, 8.297575911268325);
INSERT INTO supply(goods_id, building_id, max_supply, current_output, level) VALUES (10, 303, 200.00000000000003, 5, 66.3806072901466);
INSERT INTO supply(goods_id, building_id, max_supply, current_output, level) VALUES (26, 303, 50.00000000000001, 5, 16.59515182253665);
INSERT INTO building(id, name, level) VALUES (304, "building_wheat_farmlevel", 10);
INSERT INTO demand(goods_id, building_id, max_demand, current_input, level) VALUES (32, 304, 46.537496124031, 10, 10.387249854234954);
INSERT INTO supply(goods_id, building_id, max_supply, current_output, level) VALUES (7, 304, 325.762496124031, 10, 72.71075417038269);
INSERT INTO supply(goods_id, building_id, max_supply, current_output, level) VALUES (39, 304, 74.46, 10, 16.61960115097273);
INSERT INTO building(id, name, level) VALUES (305, "building_government_administrationlevel", 6);
INSERT INTO demand(goods_id, building_id, max_demand, current_input, level) VALUES (14, 305, 120.0, 6, 22.706746888236427);
INSERT INTO building(id, name, level) VALUES (306, "building_furniture_manufacturieslevel", 9);
INSERT INTO demand(goods_id, building_id, max_demand, current_input, level) VALUES (9, 306, 90.00000000000001, 9, 43.64924950397497);
INSERT INTO demand(goods_id, building_id, max_demand, current_input, level) VALUES (10, 306, 90.00000000000001, 9, 24.028730573519844);
INSERT INTO demand(goods_id, building_id, max_demand, current_input, level) VALUES (26, 306, 180.00000000000003, 9, 17.334127551263716);
INSERT INTO demand(goods_id, building_id, max_demand, current_input, level) VALUES (33, 306, 135.00000000000003, 9, 44.80690992084896);
INSERT INTO supply(goods_id, building_id, max_supply, current_output, level) VALUES (13, 306, 403.58250000000004, 9, 119.0751300266903);
INSERT INTO supply(goods_id, building_id, max_supply, current_output, level) VALUES (49, 306, 358.74, 9, 105.84456002372471);
INSERT INTO building(id, name, level) VALUES (307, "building_iron_minelevel", 8);
INSERT INTO demand(goods_id, building_id, max_demand, current_input, level) VALUES (23, 307, 120.0, 8, 9.348735339733212);
INSERT INTO demand(goods_id, building_id, max_demand, current_input, level) VALUES (33, 307, 120.0, 8, 39.828364374087954);
INSERT INTO supply(goods_id, building_id, max_supply, current_output, level) VALUES (24, 307, 480.0, 8, 98.35419942764233);
INSERT INTO building(id, name, level) VALUES (308, "building_barrackslevel", 15);
INSERT INTO demand(goods_id, building_id, max_demand, current_input, level) VALUES (0, 308, 23.85264, 15, 3.163366918723217);
INSERT INTO demand(goods_id, building_id, max_demand, current_input, level) VALUES (1, 308, 23.85264, 15, 1.830652949663971);
INSERT INTO demand(goods_id, building_id, max_demand, current_input, level) VALUES (2, 308, 23.85264, 15, 3.0126304582802375);
INSERT INTO building(id, name, level) VALUES (309, "building_tooling_workshopslevel", 6);
INSERT INTO demand(goods_id, building_id, max_demand, current_input, level) VALUES (10, 309, 180.0, 6, 48.05746114703968);
INSERT INTO demand(goods_id, building_id, max_demand, current_input, level) VALUES (30, 309, 120.00000000000001, 6, 19.45393709891014);
INSERT INTO supply(goods_id, building_id, max_supply, current_output, level) VALUES (33, 309, 480.00000000000006, 6, 102.98448906053984);
INSERT INTO building(id, name, level) VALUES (310, "building_lead_minelevel", 5);
INSERT INTO demand(goods_id, building_id, max_demand, current_input, level) VALUES (23, 310, 50.0, 5, 3.8953063915555046);
INSERT INTO demand(goods_id, building_id, max_demand, current_input, level) VALUES (33, 310, 50.0, 5, 16.595151822536646);
INSERT INTO supply(goods_id, building_id, max_supply, current_output, level) VALUES (25, 310, 200.0, 5, 40.9809164281843);
INSERT INTO building(id, name, level) VALUES (311, "building_sulfur_minelevel", 6);
INSERT INTO demand(goods_id, building_id, max_demand, current_input, level) VALUES (23, 311, 90.0, 6, 7.0115515047999075);
INSERT INTO demand(goods_id, building_id, max_demand, current_input, level) VALUES (33, 311, 90.0, 6, 29.87127328056597);
INSERT INTO supply(goods_id, building_id, max_supply, current_output, level) VALUES (22, 311, 360.0, 6, 73.76564957073175);
INSERT INTO building(id, name, level) VALUES (312, "building_logging_camplevel", 6);
INSERT INTO demand(goods_id, building_id, max_demand, current_input, level) VALUES (33, 312, 30.000000000000004, 6, 9.95709109352199);
INSERT INTO supply(goods_id, building_id, max_supply, current_output, level) VALUES (10, 312, 240.00000000000003, 6, 79.65672874817592);
INSERT INTO supply(goods_id, building_id, max_supply, current_output, level) VALUES (26, 312, 60.00000000000001, 6, 19.91418218704398);
INSERT INTO building(id, name, level) VALUES (313, "building_railwaylevel", 1);
INSERT INTO demand(goods_id, building_id, max_demand, current_input, level) VALUES (23, 313, 10.0, 1, 0.779061278311101);
INSERT INTO demand(goods_id, building_id, max_demand, current_input, level) VALUES (29, 313, 10.0, 1, 1.465322659497979);
INSERT INTO supply(goods_id, building_id, max_supply, current_output, level) VALUES (16, 313, 50.0, 1, 5.6109598445227);
INSERT INTO building(id, name, level) VALUES (314, "building_barrackslevel", 20);
INSERT INTO demand(goods_id, building_id, max_demand, current_input, level) VALUES (0, 314, 31.8528, 20, 4.224358133468952);
INSERT INTO demand(goods_id, building_id, max_demand, current_input, level) VALUES (1, 314, 31.8528, 20, 2.4446527627573524);
INSERT INTO demand(goods_id, building_id, max_demand, current_input, level) VALUES (2, 314, 31.8528, 20, 4.023064761867397);
INSERT INTO building(id, name, level) VALUES (315, "building_government_administrationlevel", 4);
INSERT INTO demand(goods_id, building_id, max_demand, current_input, level) VALUES (14, 315, 80.0, 4, 15.137831258824287);
INSERT INTO building(id, name, level) VALUES (316, "building_food_industrylevel", 4);
INSERT INTO demand(goods_id, building_id, max_demand, current_input, level) VALUES (7, 316, 160.00000000000003, 4, 168.02264770860046);
INSERT INTO demand(goods_id, building_id, max_demand, current_input, level) VALUES (42, 316, 160.00000000000003, 4, 42.451566048529884);
INSERT INTO supply(goods_id, building_id, max_supply, current_output, level) VALUES (11, 316, 140.0, 4, 88.57256014623182);
INSERT INTO supply(goods_id, building_id, max_supply, current_output, level) VALUES (38, 316, 240.0, 4, 151.8386745363974);
INSERT INTO building(id, name, level) VALUES (317, "building_logging_camplevel", 3);
INSERT INTO demand(goods_id, building_id, max_demand, current_input, level) VALUES (33, 317, 15.0, 3, 4.978545546760994);
INSERT INTO supply(goods_id, building_id, max_supply, current_output, level) VALUES (10, 317, 120.0, 3, 39.828364374087954);
INSERT INTO supply(goods_id, building_id, max_supply, current_output, level) VALUES (26, 317, 30.0, 3, 9.957091093521989);
INSERT INTO building(id, name, level) VALUES (318, "building_fishing_wharflevel", 2);
INSERT INTO demand(goods_id, building_id, max_demand, current_input, level) VALUES (18, 318, 10.0, 2, 7.439036072161222);
INSERT INTO supply(goods_id, building_id, max_supply, current_output, level) VALUES (8, 318, 100.0, 2, 74.39036072161221);
INSERT INTO building(id, name, level) VALUES (319, "building_wheat_farmlevel", 10);
INSERT INTO demand(goods_id, building_id, max_demand, current_input, level) VALUES (32, 319, 50.0, 10, 11.160086725068984);
INSERT INTO demand(goods_id, building_id, max_demand, current_input, level) VALUES (33, 319, 10.0, 10, 3.31903036450733);
INSERT INTO supply(goods_id, building_id, max_supply, current_output, level) VALUES (7, 319, 350.0, 10, 97.14333491661971);
INSERT INTO supply(goods_id, building_id, max_supply, current_output, level) VALUES (39, 319, 80.0, 10, 22.204190838084507);
INSERT INTO building(id, name, level) VALUES (320, "building_naval_baselevel", 25);
INSERT INTO demand(goods_id, building_id, max_demand, current_input, level) VALUES (5, 320, 50.0, 25, 9.059013049467977);
INSERT INTO building(id, name, level) VALUES (321, "building_portlevel", 3);
INSERT INTO demand(goods_id, building_id, max_demand, current_input, level) VALUES (18, 321, 15.0, 3, 11.158554108241834);
INSERT INTO building(id, name, level) VALUES (322, "building_government_administrationlevel", 4);
INSERT INTO demand(goods_id, building_id, max_demand, current_input, level) VALUES (14, 322, 80.0, 4, 15.137831258824287);
INSERT INTO building(id, name, level) VALUES (323, "building_glassworkslevel", 4);
INSERT INTO demand(goods_id, building_id, max_demand, current_input, level) VALUES (10, 323, 80.00000000000001, 4, 21.35887162090653);
INSERT INTO demand(goods_id, building_id, max_demand, current_input, level) VALUES (25, 323, 40.00000000000001, 4, 5.7042614484551715);
INSERT INTO supply(goods_id, building_id, max_supply, current_output, level) VALUES (31, 323, 160.00000000000003, 4, 32.767394517816875);
INSERT INTO building(id, name, level) VALUES (324, "building_wheat_farmlevel", 8);
INSERT INTO demand(goods_id, building_id, max_demand, current_input, level) VALUES (32, 324, 37.5103937007874, 8, 8.372384935845375);
INSERT INTO supply(goods_id, building_id, max_supply, current_output, level) VALUES (7, 324, 262.5727952755905, 8, 58.60670333838749);
INSERT INTO supply(goods_id, building_id, max_supply, current_output, level) VALUES (39, 324, 60.01663779527559, 8, 13.395817654846574);
INSERT INTO building(id, name, level) VALUES (325, "building_livestock_ranchlevel", 4);
INSERT INTO demand(goods_id, building_id, max_demand, current_input, level) VALUES (7, 325, 37.01959349593496, 4, 38.87581322676922);
INSERT INTO demand(goods_id, building_id, max_demand, current_input, level) VALUES (33, 325, 37.01959349593496, 4, 12.28691548947262);
INSERT INTO supply(goods_id, building_id, max_supply, current_output, level) VALUES (9, 325, 148.07839837398373, 4, 98.6130342135351);
INSERT INTO supply(goods_id, building_id, max_supply, current_output, level) VALUES (32, 325, 18.50979674796748, 4, 12.326627246351896);
INSERT INTO supply(goods_id, building_id, max_supply, current_output, level) VALUES (36, 325, 92.54899999999999, 4, 61.63314706023944);
INSERT INTO building(id, name, level) VALUES (326, "building_barrackslevel", 5);
INSERT INTO demand(goods_id, building_id, max_demand, current_input, level) VALUES (0, 326, 8.0, 5, 1.060969995345829);
INSERT INTO demand(goods_id, building_id, max_demand, current_input, level) VALUES (1, 326, 8.0, 5, 0.6139875333427146);
INSERT INTO demand(goods_id, building_id, max_demand, current_input, level) VALUES (2, 326, 8.0, 5, 1.0104140953052534);
INSERT INTO building(id, name, level) VALUES (16777777, "building_textile_millslevel", 1);
INSERT INTO demand(goods_id, building_id, max_demand, current_input, level) VALUES (9, 16777777, 29.999999999999996, 1, 14.549749834658318);
INSERT INTO demand(goods_id, building_id, max_demand, current_input, level) VALUES (20, 16777777, 10.0, 1, 9.439023981433728);
INSERT INTO demand(goods_id, building_id, max_demand, current_input, level) VALUES (21, 16777777, 5.0, 1, 1.151563950489943);
INSERT INTO supply(goods_id, building_id, max_supply, current_output, level) VALUES (12, 16777777, 40.0, 1, 22.122757991955183);
INSERT INTO supply(goods_id, building_id, max_supply, current_output, level) VALUES (48, 16777777, 20.0, 1, 11.061378995977591);
INSERT INTO building(id, name, level) VALUES (134218308, "building_railwaylevel", 2);
INSERT INTO demand(goods_id, building_id, max_demand, current_input, level) VALUES (10, 134218308, 10.0, 2, 2.6698589526133154);
INSERT INTO demand(goods_id, building_id, max_demand, current_input, level) VALUES (23, 134218308, 20.0, 2, 1.558122556622202);
INSERT INTO demand(goods_id, building_id, max_demand, current_input, level) VALUES (29, 134218308, 20.0, 2, 2.930645318995958);
INSERT INTO supply(goods_id, building_id, max_supply, current_output, level) VALUES (16, 134218308, 130.0, 2, 21.29505252516371);
INSERT INTO building(id, name, level) VALUES (622, "building_livestock_ranchlevel", 1);
INSERT INTO demand(goods_id, building_id, max_demand, current_input, level) VALUES (33, 622, 8.225999999999999, 1, 2.7302343778437295);
INSERT INTO supply(goods_id, building_id, max_supply, current_output, level) VALUES (9, 622, 24.678, 1, 8.190703133531189);
INSERT INTO supply(goods_id, building_id, max_supply, current_output, level) VALUES (36, 622, 20.564999999999998, 1, 6.825585944609323);
INSERT INTO building(id, name, level) VALUES (623, "building_fishing_wharflevel", 1);
INSERT INTO demand(goods_id, building_id, max_demand, current_input, level) VALUES (18, 623, 3.636, 1, 2.7048335158378207);
INSERT INTO supply(goods_id, building_id, max_supply, current_output, level) VALUES (8, 623, 19.6344, 1, 14.60610098552423);
INSERT INTO building(id, name, level) VALUES (624, "building_barrackslevel", 5);
INSERT INTO demand(goods_id, building_id, max_demand, current_input, level) VALUES (0, 624, 5.0, 5, 0.6631062470911432);
INSERT INTO demand(goods_id, building_id, max_demand, current_input, level) VALUES (1, 624, 5.0, 5, 0.38374220833919664);
INSERT INTO demand(goods_id, building_id, max_demand, current_input, level) VALUES (2, 624, 5.0, 5, 0.6315088095657834);
INSERT INTO building(id, name, level) VALUES (625, "building_portlevel", 1);
INSERT INTO demand(goods_id, building_id, max_demand, current_input, level) VALUES (18, 625, 5.0, 1, 3.719518036080611);
INSERT INTO building(id, name, level) VALUES (16778133, "building_tooling_workshopslevel", 5);
INSERT INTO demand(goods_id, building_id, max_demand, current_input, level) VALUES (10, 16778133, 150.0, 5, 40.047884289199736);
INSERT INTO demand(goods_id, building_id, max_demand, current_input, level) VALUES (30, 16778133, 100.00000000000001, 5, 16.21161424909178);
INSERT INTO supply(goods_id, building_id, max_supply, current_output, level) VALUES (33, 16778133, 400.00000000000006, 5, 85.8204075504499);
INSERT INTO building(id, name, level) VALUES (1182, "building_fishing_wharflevel", 1);
INSERT INTO demand(goods_id, building_id, max_demand, current_input, level) VALUES (18, 1182, 3.63, 1, 2.7003700941945232);
INSERT INTO supply(goods_id, building_id, max_supply, current_output, level) VALUES (8, 1182, 19.602, 1, 14.581998508650427);
INSERT INTO building(id, name, level) VALUES (1183, "building_lead_minelevel", 2);
INSERT INTO demand(goods_id, building_id, max_demand, current_input, level) VALUES (33, 1183, 1.27, 2, 0.42151685629243085);
INSERT INTO supply(goods_id, building_id, max_supply, current_output, level) VALUES (25, 1183, 5.08, 2, 1.6860674251697234);
INSERT INTO building(id, name, level) VALUES (1184, "building_wheat_farmlevel", 2);
INSERT INTO demand(goods_id, building_id, max_demand, current_input, level) VALUES (32, 1184, 9.375896825396826, 2, 2.092716433934551);
INSERT INTO supply(goods_id, building_id, max_supply, current_output, level) VALUES (7, 1184, 65.63129365079365, 2, 14.649018580426533);
INSERT INTO supply(goods_id, building_id, max_supply, current_output, level) VALUES (39, 1184, 15.001436507936509, 2, 3.3483466485837496);
INSERT INTO building(id, name, level) VALUES (1185, "building_livestock_ranchlevel", 1);
INSERT INTO demand(goods_id, building_id, max_demand, current_input, level) VALUES (7, 1185, 8.254895999999999, 1, 8.66880926549459);
INSERT INTO demand(goods_id, building_id, max_demand, current_input, level) VALUES (33, 1185, 8.254895999999999, 1, 2.7398250479850095);
INSERT INTO supply(goods_id, building_id, max_supply, current_output, level) VALUES (9, 1185, 33.019600000000004, 1, 21.989452751194314);
INSERT INTO supply(goods_id, building_id, max_supply, current_output, level) VALUES (32, 1185, 4.127447999999999, 1, 2.748680261996252);
INSERT INTO supply(goods_id, building_id, max_supply, current_output, level) VALUES (36, 1185, 20.637248, 1, 13.743406637593408);
INSERT INTO building(id, name, level) VALUES (1186, "building_barrackslevel", 10);
INSERT INTO demand(goods_id, building_id, max_demand, current_input, level) VALUES (0, 1186, 15.9968, 10, 2.1215156026935196);
INSERT INTO demand(goods_id, building_id, max_demand, current_input, level) VALUES (1, 1186, 15.9968, 10, 1.2277294716720923);
INSERT INTO demand(goods_id, building_id, max_demand, current_input, level) VALUES (2, 1186, 15.9968, 10, 2.020424024972385);
INSERT INTO building(id, name, level) VALUES (1187, "building_portlevel", 1);
INSERT INTO demand(goods_id, building_id, max_demand, current_input, level) VALUES (18, 1187, 5.0, 1, 3.719518036080611);
INSERT INTO building(id, name, level) VALUES (1222, "building_portlevel", 1);
INSERT INTO demand(goods_id, building_id, max_demand, current_input, level) VALUES (18, 1222, 5.0, 1, 3.719518036080611);
INSERT INTO building(id, name, level) VALUES (1223, "building_sugar_plantationlevel", 2);
INSERT INTO supply(goods_id, building_id, max_supply, current_output, level) VALUES (42, 1223, 59.05859405940594, 2, 59.64918);
INSERT INTO building(id, name, level) VALUES (1224, "building_portlevel", 1);
INSERT INTO demand(goods_id, building_id, max_demand, current_input, level) VALUES (18, 1224, 5.0, 1, 3.719518036080611);
INSERT INTO building(id, name, level) VALUES (16778858, "building_construction_sectorlevel", 3);
INSERT INTO demand(goods_id, building_id, max_demand, current_input, level) VALUES (9, 16778858, 4.932, 3, 2.3919788728178277);
INSERT INTO demand(goods_id, building_id, max_demand, current_input, level) VALUES (10, 16778858, 9.864, 3, 2.6335488708577746);
INSERT INTO demand(goods_id, building_id, max_demand, current_input, level) VALUES (24, 16778858, 12.33, 3, 3.417821348233551);
INSERT INTO demand(goods_id, building_id, max_demand, current_input, level) VALUES (33, 16778858, 2.466, 3, 0.8184728878875076);
INSERT INTO building(id, name, level) VALUES (33556105, "building_munition_plantslevel", 1);
INSERT INTO demand(goods_id, building_id, max_demand, current_input, level) VALUES (25, 33556105, 19.407799999999998, 1, 2.767679133483206);
INSERT INTO demand(goods_id, building_id, max_demand, current_input, level) VALUES (34, 33556105, 19.407799999999998, 1, 6.5426287686272575);
INSERT INTO supply(goods_id, building_id, max_supply, current_output, level) VALUES (0, 33556105, 48.5195, 1, 11.637884877638081);
INSERT INTO building(id, name, level) VALUES (1682, "building_sugar_plantationlevel", 3);
INSERT INTO supply(goods_id, building_id, max_supply, current_output, level) VALUES (42, 1682, 79.58789215686274, 3, 81.17965);
INSERT INTO building(id, name, level) VALUES (1683, "building_coffee_plantationlevel", 2);
INSERT INTO supply(goods_id, building_id, max_supply, current_output, level) VALUES (41, 1683, 33.34479207920792, 2, 33.67824);
INSERT INTO building(id, name, level) VALUES (1684, "building_tobacco_plantationlevel", 2);
INSERT INTO supply(goods_id, building_id, max_supply, current_output, level) VALUES (43, 1684, 44.215495049504945, 2, 44.65765);
INSERT INTO building(id, name, level) VALUES (1685, "building_portlevel", 1);
INSERT INTO demand(goods_id, building_id, max_demand, current_input, level) VALUES (18, 1685, 5.0, 1, 3.719518036080611);
INSERT INTO building(id, name, level) VALUES (1712, "building_portlevel", 1);
INSERT INTO demand(goods_id, building_id, max_demand, current_input, level) VALUES (18, 1712, 5.0, 1, 3.719518036080611);
INSERT INTO building(id, name, level) VALUES (218105762, "building_iron_minelevel", 4);
INSERT INTO demand(goods_id, building_id, max_demand, current_input, level) VALUES (23, 218105762, 59.99999999999999, 4, 4.674367669866605);
INSERT INTO demand(goods_id, building_id, max_demand, current_input, level) VALUES (33, 218105762, 59.99999999999999, 4, 19.914182187043977);
INSERT INTO supply(goods_id, building_id, max_supply, current_output, level) VALUES (24, 218105762, 239.99999999999997, 4, 49.177099713821164);
INSERT INTO building(id, name, level) VALUES (2262, "building_sugar_plantationlevel", 2);
INSERT INTO supply(goods_id, building_id, max_supply, current_output, level) VALUES (42, 2262, 59.05859405940594, 2, 59.64918);
INSERT INTO building(id, name, level) VALUES (2263, "building_portlevel", 1);
INSERT INTO demand(goods_id, building_id, max_demand, current_input, level) VALUES (18, 2263, 5.0, 1, 3.719518036080611);
INSERT INTO building(id, name, level) VALUES (2287, "building_dye_plantationlevel", 2);
INSERT INTO supply(goods_id, building_id, max_supply, current_output, level) VALUES (21, 2287, 44.215495049504945, 2, 44.65765);
INSERT INTO building(id, name, level) VALUES (2288, "building_portlevel", 1);
INSERT INTO demand(goods_id, building_id, max_demand, current_input, level) VALUES (18, 2288, 5.0, 1, 3.719518036080611);
INSERT INTO building(id, name, level) VALUES (2809, "building_subsistence_farmslevel", 73);
INSERT INTO supply(goods_id, building_id, max_supply, current_output, level) VALUES (7, 2809, 64.61777272727272, 73, 71.07955);
INSERT INTO supply(goods_id, building_id, max_supply, current_output, level) VALUES (9, 2809, 12.923554545454543, 73, 14.21591);
INSERT INTO supply(goods_id, building_id, max_supply, current_output, level) VALUES (10, 2809, 12.923554545454543, 73, 14.21591);
INSERT INTO supply(goods_id, building_id, max_supply, current_output, level) VALUES (12, 2809, 12.923554545454543, 73, 14.21591);
INSERT INTO supply(goods_id, building_id, max_supply, current_output, level) VALUES (13, 2809, 12.923554545454543, 73, 14.21591);
INSERT INTO supply(goods_id, building_id, max_supply, current_output, level) VALUES (15, 2809, 12.923554545454543, 73, 14.21591);
INSERT INTO supply(goods_id, building_id, max_supply, current_output, level) VALUES (38, 2809, 18.092972727272727, 73, 19.90227);
INSERT INTO building(id, name, level) VALUES (2810, "building_urban_centerlevel", 6);
INSERT INTO demand(goods_id, building_id, max_demand, current_input, level) VALUES (10, 2810, 30.0, 6, 8.009576857839948);
INSERT INTO demand(goods_id, building_id, max_demand, current_input, level) VALUES (23, 2810, 60.0, 6, 4.674367669866606);
INSERT INTO demand(goods_id, building_id, max_demand, current_input, level) VALUES (31, 2810, 30.0, 6, 4.413963806472826);
INSERT INTO supply(goods_id, building_id, max_supply, current_output, level) VALUES (15, 2810, 420.0, 6, 68.88338099648169);
INSERT INTO building(id, name, level) VALUES (2811, "building_subsistence_farmslevel", 140);
INSERT INTO supply(goods_id, building_id, max_supply, current_output, level) VALUES (7, 2811, 188.076, 140, 206.8836);
INSERT INTO supply(goods_id, building_id, max_supply, current_output, level) VALUES (9, 2811, 37.615199999999994, 140, 41.37672);
INSERT INTO supply(goods_id, building_id, max_supply, current_output, level) VALUES (10, 2811, 37.615199999999994, 140, 41.37672);
INSERT INTO supply(goods_id, building_id, max_supply, current_output, level) VALUES (12, 2811, 37.615199999999994, 140, 41.37672);
INSERT INTO supply(goods_id, building_id, max_supply, current_output, level) VALUES (13, 2811, 37.615199999999994, 140, 41.37672);
INSERT INTO supply(goods_id, building_id, max_supply, current_output, level) VALUES (15, 2811, 37.615199999999994, 140, 41.37672);
INSERT INTO supply(goods_id, building_id, max_supply, current_output, level) VALUES (38, 2811, 52.661272727272724, 140, 57.9274);
INSERT INTO building(id, name, level) VALUES (2812, "building_urban_centerlevel", 11);
INSERT INTO demand(goods_id, building_id, max_demand, current_input, level) VALUES (10, 2812, 54.99999999999999, 11, 14.684224239373235);
INSERT INTO demand(goods_id, building_id, max_demand, current_input, level) VALUES (23, 2812, 109.99999999999999, 11, 8.56967406142211);
INSERT INTO demand(goods_id, building_id, max_demand, current_input, level) VALUES (31, 2812, 54.99999999999999, 11, 8.092266978533514);
INSERT INTO supply(goods_id, building_id, max_supply, current_output, level) VALUES (15, 2812, 769.9999999999999, 11, 126.28619849354975);
INSERT INTO building(id, name, level) VALUES (16780214, "building_tooling_workshopslevel", 2);
INSERT INTO demand(goods_id, building_id, max_demand, current_input, level) VALUES (10, 16780214, 59.99999999999999, 2, 16.01915371567989);
INSERT INTO demand(goods_id, building_id, max_demand, current_input, level) VALUES (30, 16780214, 39.99999999999999, 2, 6.48464569963671);
INSERT INTO supply(goods_id, building_id, max_supply, current_output, level) VALUES (33, 16780214, 159.99999999999997, 2, 34.328163020179936);
INSERT INTO building(id, name, level) VALUES (3060, "building_subsistence_farmslevel", 7);
INSERT INTO supply(goods_id, building_id, max_supply, current_output, level) VALUES (7, 3060, 2.177872727272727, 7, 2.39566);
INSERT INTO supply(goods_id, building_id, max_supply, current_output, level) VALUES (9, 3060, 0.4355727272727272, 7, 0.47913);
INSERT INTO supply(goods_id, building_id, max_supply, current_output, level) VALUES (10, 3060, 0.4355727272727272, 7, 0.47913);
INSERT INTO supply(goods_id, building_id, max_supply, current_output, level) VALUES (12, 3060, 0.4355727272727272, 7, 0.47913);
INSERT INTO supply(goods_id, building_id, max_supply, current_output, level) VALUES (13, 3060, 0.4355727272727272, 7, 0.47913);
INSERT INTO supply(goods_id, building_id, max_supply, current_output, level) VALUES (15, 3060, 0.4355727272727272, 7, 0.47913);
INSERT INTO supply(goods_id, building_id, max_supply, current_output, level) VALUES (38, 3060, 0.6098, 7, 0.67078);
INSERT INTO building(id, name, level) VALUES (3143, "building_subsistence_farmslevel", 69);
INSERT INTO supply(goods_id, building_id, max_supply, current_output, level) VALUES (7, 3143, 169.859024, 69, 212.32378);
INSERT INTO supply(goods_id, building_id, max_supply, current_output, level) VALUES (9, 3143, 33.9718, 69, 42.46475);
INSERT INTO supply(goods_id, building_id, max_supply, current_output, level) VALUES (10, 3143, 33.9718, 69, 42.46475);
INSERT INTO supply(goods_id, building_id, max_supply, current_output, level) VALUES (12, 3143, 33.9718, 69, 42.46475);
INSERT INTO supply(goods_id, building_id, max_supply, current_output, level) VALUES (13, 3143, 33.9718, 69, 42.46475);
INSERT INTO supply(goods_id, building_id, max_supply, current_output, level) VALUES (15, 3143, 33.9718, 69, 42.46475);
INSERT INTO supply(goods_id, building_id, max_supply, current_output, level) VALUES (38, 3143, 47.560520000000004, 69, 59.45065);
INSERT INTO building(id, name, level) VALUES (3168, "building_subsistence_farmslevel", 8);
INSERT INTO supply(goods_id, building_id, max_supply, current_output, level) VALUES (7, 3168, 18.121399999999998, 8, 19.93354);
INSERT INTO supply(goods_id, building_id, max_supply, current_output, level) VALUES (9, 3168, 3.624272727272727, 8, 3.9867);
INSERT INTO supply(goods_id, building_id, max_supply, current_output, level) VALUES (10, 3168, 3.624272727272727, 8, 3.9867);
INSERT INTO supply(goods_id, building_id, max_supply, current_output, level) VALUES (12, 3168, 3.624272727272727, 8, 3.9867);
INSERT INTO supply(goods_id, building_id, max_supply, current_output, level) VALUES (13, 3168, 3.624272727272727, 8, 3.9867);
INSERT INTO supply(goods_id, building_id, max_supply, current_output, level) VALUES (15, 3168, 3.624272727272727, 8, 3.9867);
INSERT INTO supply(goods_id, building_id, max_supply, current_output, level) VALUES (38, 3168, 5.0739909090909086, 8, 5.58139);
INSERT INTO building(id, name, level) VALUES (3199, "building_subsistence_farmslevel", 89);
INSERT INTO supply(goods_id, building_id, max_supply, current_output, level) VALUES (7, 3199, 135.85181818181817, 89, 149.437);
INSERT INTO supply(goods_id, building_id, max_supply, current_output, level) VALUES (9, 3199, 27.170363636363632, 89, 29.8874);
INSERT INTO supply(goods_id, building_id, max_supply, current_output, level) VALUES (10, 3199, 27.170363636363632, 89, 29.8874);
INSERT INTO supply(goods_id, building_id, max_supply, current_output, level) VALUES (12, 3199, 27.170363636363632, 89, 29.8874);
INSERT INTO supply(goods_id, building_id, max_supply, current_output, level) VALUES (13, 3199, 27.170363636363632, 89, 29.8874);
INSERT INTO supply(goods_id, building_id, max_supply, current_output, level) VALUES (15, 3199, 27.170363636363632, 89, 29.8874);
INSERT INTO supply(goods_id, building_id, max_supply, current_output, level) VALUES (38, 3199, 38.03850909090909, 89, 41.84236);
INSERT INTO building(id, name, level) VALUES (3200, "building_urban_centerlevel", 5);
INSERT INTO demand(goods_id, building_id, max_demand, current_input, level) VALUES (10, 3200, 25.0, 5, 6.674647381533289);
INSERT INTO demand(goods_id, building_id, max_demand, current_input, level) VALUES (23, 3200, 50.0, 5, 3.8953063915555046);
INSERT INTO demand(goods_id, building_id, max_demand, current_input, level) VALUES (31, 3200, 25.0, 5, 3.6783031720606885);
INSERT INTO supply(goods_id, building_id, max_supply, current_output, level) VALUES (15, 3200, 350.0, 5, 57.40281749706807);
INSERT INTO building(id, name, level) VALUES (3201, "building_subsistence_farmslevel", 111);
INSERT INTO supply(goods_id, building_id, max_supply, current_output, level) VALUES (7, 3201, 134.23507272727272, 111, 147.65858);
INSERT INTO supply(goods_id, building_id, max_supply, current_output, level) VALUES (9, 3201, 26.84700909090909, 111, 29.53171);
INSERT INTO supply(goods_id, building_id, max_supply, current_output, level) VALUES (10, 3201, 26.84700909090909, 111, 29.53171);
INSERT INTO supply(goods_id, building_id, max_supply, current_output, level) VALUES (12, 3201, 26.84700909090909, 111, 29.53171);
INSERT INTO supply(goods_id, building_id, max_supply, current_output, level) VALUES (13, 3201, 26.84700909090909, 111, 29.53171);
INSERT INTO supply(goods_id, building_id, max_supply, current_output, level) VALUES (15, 3201, 26.84700909090909, 111, 29.53171);
INSERT INTO supply(goods_id, building_id, max_supply, current_output, level) VALUES (38, 3201, 37.585818181818176, 111, 41.3444);
INSERT INTO building(id, name, level) VALUES (3202, "building_urban_centerlevel", 9);
INSERT INTO demand(goods_id, building_id, max_demand, current_input, level) VALUES (10, 3202, 45.0, 9, 12.01436528675992);
INSERT INTO demand(goods_id, building_id, max_demand, current_input, level) VALUES (23, 3202, 90.0, 9, 7.0115515047999075);
INSERT INTO demand(goods_id, building_id, max_demand, current_input, level) VALUES (31, 3202, 45.0, 9, 6.620945709709239);
INSERT INTO supply(goods_id, building_id, max_supply, current_output, level) VALUES (15, 3202, 629.9999999999999, 9, 103.32507149472248);
INSERT INTO building(id, name, level) VALUES (3203, "building_subsistence_farmslevel", 102);
INSERT INTO supply(goods_id, building_id, max_supply, current_output, level) VALUES (7, 3203, 83.61959999999999, 102, 91.98156);
INSERT INTO supply(goods_id, building_id, max_supply, current_output, level) VALUES (9, 3203, 16.72391818181818, 102, 18.39631);
INSERT INTO supply(goods_id, building_id, max_supply, current_output, level) VALUES (10, 3203, 16.72391818181818, 102, 18.39631);
INSERT INTO supply(goods_id, building_id, max_supply, current_output, level) VALUES (12, 3203, 16.72391818181818, 102, 18.39631);
INSERT INTO supply(goods_id, building_id, max_supply, current_output, level) VALUES (13, 3203, 16.72391818181818, 102, 18.39631);
INSERT INTO supply(goods_id, building_id, max_supply, current_output, level) VALUES (15, 3203, 16.72391818181818, 102, 18.39631);
INSERT INTO supply(goods_id, building_id, max_supply, current_output, level) VALUES (38, 3203, 23.413481818181815, 102, 25.75483);
INSERT INTO building(id, name, level) VALUES (3204, "building_urban_centerlevel", 6);
INSERT INTO demand(goods_id, building_id, max_demand, current_input, level) VALUES (10, 3204, 30.0, 6, 8.009576857839948);
INSERT INTO demand(goods_id, building_id, max_demand, current_input, level) VALUES (23, 3204, 60.0, 6, 4.674367669866606);
INSERT INTO demand(goods_id, building_id, max_demand, current_input, level) VALUES (31, 3204, 30.0, 6, 4.413963806472826);
INSERT INTO supply(goods_id, building_id, max_supply, current_output, level) VALUES (15, 3204, 420.0, 6, 68.88338099648169);
INSERT INTO building(id, name, level) VALUES (3205, "building_subsistence_farmslevel", 151);
INSERT INTO supply(goods_id, building_id, max_supply, current_output, level) VALUES (7, 3205, 250.14660000000003, 151, 300.17592);
INSERT INTO supply(goods_id, building_id, max_supply, current_output, level) VALUES (9, 3205, 50.029316666666666, 151, 60.03518);
INSERT INTO supply(goods_id, building_id, max_supply, current_output, level) VALUES (10, 3205, 50.029316666666666, 151, 60.03518);
INSERT INTO supply(goods_id, building_id, max_supply, current_output, level) VALUES (12, 3205, 50.029316666666666, 151, 60.03518);
INSERT INTO supply(goods_id, building_id, max_supply, current_output, level) VALUES (13, 3205, 50.029316666666666, 151, 60.03518);
INSERT INTO supply(goods_id, building_id, max_supply, current_output, level) VALUES (15, 3205, 50.029316666666666, 151, 60.03518);
INSERT INTO supply(goods_id, building_id, max_supply, current_output, level) VALUES (38, 3205, 70.04104166666667, 151, 84.04925);
INSERT INTO building(id, name, level) VALUES (3206, "building_urban_centerlevel", 5);
INSERT INTO demand(goods_id, building_id, max_demand, current_input, level) VALUES (10, 3206, 25.0, 5, 6.674647381533289);
INSERT INTO demand(goods_id, building_id, max_demand, current_input, level) VALUES (23, 3206, 50.0, 5, 3.8953063915555046);
INSERT INTO demand(goods_id, building_id, max_demand, current_input, level) VALUES (31, 3206, 25.0, 5, 3.6783031720606885);
INSERT INTO supply(goods_id, building_id, max_supply, current_output, level) VALUES (15, 3206, 350.0, 5, 57.40281749706807);
INSERT INTO building(id, name, level) VALUES (3207, "building_subsistence_farmslevel", 53);
INSERT INTO supply(goods_id, building_id, max_supply, current_output, level) VALUES (7, 3207, 86.19521818181818, 53, 94.81474);
INSERT INTO supply(goods_id, building_id, max_supply, current_output, level) VALUES (9, 3207, 17.239036363636362, 53, 18.96294);
INSERT INTO supply(goods_id, building_id, max_supply, current_output, level) VALUES (10, 3207, 17.239036363636362, 53, 18.96294);
INSERT INTO supply(goods_id, building_id, max_supply, current_output, level) VALUES (12, 3207, 17.239036363636362, 53, 18.96294);
INSERT INTO supply(goods_id, building_id, max_supply, current_output, level) VALUES (13, 3207, 17.239036363636362, 53, 18.96294);
INSERT INTO supply(goods_id, building_id, max_supply, current_output, level) VALUES (15, 3207, 17.239036363636362, 53, 18.96294);
INSERT INTO supply(goods_id, building_id, max_supply, current_output, level) VALUES (38, 3207, 24.134654545454545, 53, 26.54812);
INSERT INTO building(id, name, level) VALUES (3208, "building_urban_centerlevel", 4);
INSERT INTO demand(goods_id, building_id, max_demand, current_input, level) VALUES (10, 3208, 20.0, 4, 5.339717905226631);
INSERT INTO demand(goods_id, building_id, max_demand, current_input, level) VALUES (23, 3208, 40.0, 4, 3.116245113244404);
INSERT INTO demand(goods_id, building_id, max_demand, current_input, level) VALUES (31, 3208, 20.0, 4, 2.9426425376485508);
INSERT INTO supply(goods_id, building_id, max_supply, current_output, level) VALUES (15, 3208, 279.99999999999994, 4, 45.922253997654444);
INSERT INTO building(id, name, level) VALUES (3209, "building_subsistence_farmslevel", 92);
INSERT INTO supply(goods_id, building_id, max_supply, current_output, level) VALUES (7, 3209, 126.20789999999998, 92, 138.82869);
INSERT INTO supply(goods_id, building_id, max_supply, current_output, level) VALUES (9, 3209, 25.241572727272725, 92, 27.76573);
INSERT INTO supply(goods_id, building_id, max_supply, current_output, level) VALUES (10, 3209, 25.241572727272725, 92, 27.76573);
INSERT INTO supply(goods_id, building_id, max_supply, current_output, level) VALUES (12, 3209, 25.241572727272725, 92, 27.76573);
INSERT INTO supply(goods_id, building_id, max_supply, current_output, level) VALUES (13, 3209, 25.241572727272725, 92, 27.76573);
INSERT INTO supply(goods_id, building_id, max_supply, current_output, level) VALUES (15, 3209, 25.241572727272725, 92, 27.76573);
INSERT INTO supply(goods_id, building_id, max_supply, current_output, level) VALUES (38, 3209, 35.33820909090909, 92, 38.87203);
INSERT INTO building(id, name, level) VALUES (3210, "building_subsistence_farmslevel", 130);
INSERT INTO supply(goods_id, building_id, max_supply, current_output, level) VALUES (7, 3210, 163.55949999999999, 130, 179.91545);
INSERT INTO supply(goods_id, building_id, max_supply, current_output, level) VALUES (9, 3210, 32.71189999999999, 130, 35.98309);
INSERT INTO supply(goods_id, building_id, max_supply, current_output, level) VALUES (10, 3210, 32.71189999999999, 130, 35.98309);
INSERT INTO supply(goods_id, building_id, max_supply, current_output, level) VALUES (12, 3210, 32.71189999999999, 130, 35.98309);
INSERT INTO supply(goods_id, building_id, max_supply, current_output, level) VALUES (13, 3210, 32.71189999999999, 130, 35.98309);
INSERT INTO supply(goods_id, building_id, max_supply, current_output, level) VALUES (15, 3210, 32.71189999999999, 130, 35.98309);
INSERT INTO supply(goods_id, building_id, max_supply, current_output, level) VALUES (38, 3210, 45.796654545454544, 130, 50.37632);
INSERT INTO building(id, name, level) VALUES (3211, "building_urban_centerlevel", 3);
INSERT INTO demand(goods_id, building_id, max_demand, current_input, level) VALUES (10, 3211, 15.0, 3, 4.004788428919974);
INSERT INTO demand(goods_id, building_id, max_demand, current_input, level) VALUES (23, 3211, 30.0, 3, 2.337183834933303);
INSERT INTO demand(goods_id, building_id, max_demand, current_input, level) VALUES (31, 3211, 15.0, 3, 2.206981903236413);
INSERT INTO supply(goods_id, building_id, max_supply, current_output, level) VALUES (15, 3211, 209.99999999999997, 3, 34.44169049824084);
INSERT INTO building(id, name, level) VALUES (3212, "building_subsistence_farmslevel", 111);
INSERT INTO supply(goods_id, building_id, max_supply, current_output, level) VALUES (7, 3212, 125.83514545454544, 111, 138.41866);
INSERT INTO supply(goods_id, building_id, max_supply, current_output, level) VALUES (9, 3212, 25.16702727272727, 111, 27.68373);
INSERT INTO supply(goods_id, building_id, max_supply, current_output, level) VALUES (10, 3212, 25.16702727272727, 111, 27.68373);
INSERT INTO supply(goods_id, building_id, max_supply, current_output, level) VALUES (12, 3212, 25.16702727272727, 111, 27.68373);
INSERT INTO supply(goods_id, building_id, max_supply, current_output, level) VALUES (13, 3212, 25.16702727272727, 111, 27.68373);
INSERT INTO supply(goods_id, building_id, max_supply, current_output, level) VALUES (15, 3212, 25.16702727272727, 111, 27.68373);
INSERT INTO supply(goods_id, building_id, max_supply, current_output, level) VALUES (38, 3212, 35.23383636363636, 111, 38.75722);
INSERT INTO building(id, name, level) VALUES (3213, "building_urban_centerlevel", 5);
INSERT INTO demand(goods_id, building_id, max_demand, current_input, level) VALUES (10, 3213, 24.98525, 5, 6.670709339578185);
INSERT INTO demand(goods_id, building_id, max_demand, current_input, level) VALUES (23, 3213, 49.9705, 5, 3.893008160784487);
INSERT INTO demand(goods_id, building_id, max_demand, current_input, level) VALUES (31, 3213, 24.98525, 5, 3.676132973189173);
INSERT INTO supply(goods_id, building_id, max_supply, current_output, level) VALUES (15, 3213, 349.7935, 5, 57.3689498347448);
INSERT INTO building(id, name, level) VALUES (3214, "building_subsistence_farmslevel", 149);
INSERT INTO supply(goods_id, building_id, max_supply, current_output, level) VALUES (7, 3214, 267.10484545454545, 149, 293.81533);
INSERT INTO supply(goods_id, building_id, max_supply, current_output, level) VALUES (9, 3214, 53.42096363636364, 149, 58.76306);
INSERT INTO supply(goods_id, building_id, max_supply, current_output, level) VALUES (10, 3214, 53.42096363636364, 149, 58.76306);
INSERT INTO supply(goods_id, building_id, max_supply, current_output, level) VALUES (12, 3214, 53.42096363636364, 149, 58.76306);
INSERT INTO supply(goods_id, building_id, max_supply, current_output, level) VALUES (13, 3214, 53.42096363636364, 149, 58.76306);
INSERT INTO supply(goods_id, building_id, max_supply, current_output, level) VALUES (15, 3214, 53.42096363636364, 149, 58.76306);
INSERT INTO supply(goods_id, building_id, max_supply, current_output, level) VALUES (38, 3214, 74.78935454545453, 149, 82.26829);
INSERT INTO building(id, name, level) VALUES (3215, "building_urban_centerlevel", 6);
INSERT INTO demand(goods_id, building_id, max_demand, current_input, level) VALUES (10, 3215, 29.997895238095236, 6, 8.00901491609849);
INSERT INTO demand(goods_id, building_id, max_demand, current_input, level) VALUES (23, 3215, 59.995799999999996, 6, 4.674040464129714);
INSERT INTO demand(goods_id, building_id, max_demand, current_input, level) VALUES (31, 3215, 29.997895238095236, 6, 4.413654128377197);
INSERT INTO supply(goods_id, building_id, max_supply, current_output, level) VALUES (15, 3215, 419.9706, 6, 68.87855915981193);
INSERT INTO building(id, name, level) VALUES (3216, "building_subsistence_farmslevel", 142);
INSERT INTO supply(goods_id, building_id, max_supply, current_output, level) VALUES (7, 3216, 222.21934545454545, 142, 244.44128);
INSERT INTO supply(goods_id, building_id, max_supply, current_output, level) VALUES (9, 3216, 44.44386363636363, 142, 48.88825);
INSERT INTO supply(goods_id, building_id, max_supply, current_output, level) VALUES (10, 3216, 44.44386363636363, 142, 48.88825);
INSERT INTO supply(goods_id, building_id, max_supply, current_output, level) VALUES (12, 3216, 44.44386363636363, 142, 48.88825);
INSERT INTO supply(goods_id, building_id, max_supply, current_output, level) VALUES (13, 3216, 44.44386363636363, 142, 48.88825);
INSERT INTO supply(goods_id, building_id, max_supply, current_output, level) VALUES (15, 3216, 44.44386363636363, 142, 48.88825);
INSERT INTO supply(goods_id, building_id, max_supply, current_output, level) VALUES (38, 3216, 62.221409090909084, 142, 68.44355);
INSERT INTO building(id, name, level) VALUES (3217, "building_urban_centerlevel", 5);
INSERT INTO demand(goods_id, building_id, max_demand, current_input, level) VALUES (10, 3217, 25.0, 5, 6.674647381533289);
INSERT INTO demand(goods_id, building_id, max_demand, current_input, level) VALUES (23, 3217, 50.0, 5, 3.8953063915555046);
INSERT INTO demand(goods_id, building_id, max_demand, current_input, level) VALUES (31, 3217, 25.0, 5, 3.6783031720606885);
INSERT INTO supply(goods_id, building_id, max_supply, current_output, level) VALUES (15, 3217, 350.0, 5, 57.40281749706807);
INSERT INTO building(id, name, level) VALUES (3218, "building_subsistence_farmslevel", 94);
INSERT INTO supply(goods_id, building_id, max_supply, current_output, level) VALUES (7, 3218, 182.41405, 94, 218.89686);
INSERT INTO supply(goods_id, building_id, max_supply, current_output, level) VALUES (9, 3218, 36.48280833333334, 94, 43.77937);
INSERT INTO supply(goods_id, building_id, max_supply, current_output, level) VALUES (10, 3218, 36.48280833333334, 94, 43.77937);
INSERT INTO supply(goods_id, building_id, max_supply, current_output, level) VALUES (12, 3218, 36.48280833333334, 94, 43.77937);
INSERT INTO supply(goods_id, building_id, max_supply, current_output, level) VALUES (13, 3218, 36.48280833333334, 94, 43.77937);
INSERT INTO supply(goods_id, building_id, max_supply, current_output, level) VALUES (15, 3218, 36.48280833333334, 94, 43.77937);
INSERT INTO supply(goods_id, building_id, max_supply, current_output, level) VALUES (38, 3218, 51.07593333333333, 94, 61.29112);
INSERT INTO building(id, name, level) VALUES (3219, "building_urban_centerlevel", 3);
INSERT INTO demand(goods_id, building_id, max_demand, current_input, level) VALUES (10, 3219, 14.990843137254902, 3, 4.002343675722189);
INSERT INTO demand(goods_id, building_id, max_demand, current_input, level) VALUES (23, 3219, 29.981696078431373, 3, 2.3357578472797664);
INSERT INTO demand(goods_id, building_id, max_demand, current_input, level) VALUES (31, 3219, 14.990843137254902, 3, 2.2056346345451567);
INSERT INTO supply(goods_id, building_id, max_supply, current_output, level) VALUES (15, 3219, 209.87189215686274, 3, 34.420679780699274);
INSERT INTO building(id, name, level) VALUES (3220, "building_subsistence_farmslevel", 124);
INSERT INTO supply(goods_id, building_id, max_supply, current_output, level) VALUES (7, 3220, 215.00359999999998, 124, 236.50396);
INSERT INTO supply(goods_id, building_id, max_supply, current_output, level) VALUES (9, 3220, 43.00071818181818, 124, 47.30079);
INSERT INTO supply(goods_id, building_id, max_supply, current_output, level) VALUES (10, 3220, 43.00071818181818, 124, 47.30079);
INSERT INTO supply(goods_id, building_id, max_supply, current_output, level) VALUES (12, 3220, 43.00071818181818, 124, 47.30079);
INSERT INTO supply(goods_id, building_id, max_supply, current_output, level) VALUES (13, 3220, 43.00071818181818, 124, 47.30079);
INSERT INTO supply(goods_id, building_id, max_supply, current_output, level) VALUES (15, 3220, 43.00071818181818, 124, 47.30079);
INSERT INTO supply(goods_id, building_id, max_supply, current_output, level) VALUES (38, 3220, 60.201, 124, 66.2211);
INSERT INTO building(id, name, level) VALUES (3221, "building_urban_centerlevel", 5);
INSERT INTO demand(goods_id, building_id, max_demand, current_input, level) VALUES (10, 3221, 24.998, 5, 6.674113409742767);
INSERT INTO demand(goods_id, building_id, max_demand, current_input, level) VALUES (23, 3221, 49.996, 5, 3.8949947670441807);
INSERT INTO demand(goods_id, building_id, max_demand, current_input, level) VALUES (31, 3221, 24.998, 5, 3.6780089078069236);
INSERT INTO supply(goods_id, building_id, max_supply, current_output, level) VALUES (15, 3221, 349.97200000000004, 5, 57.398225271668316);
INSERT INTO building(id, name, level) VALUES (3222, "building_subsistence_farmslevel", 86);
INSERT INTO supply(goods_id, building_id, max_supply, current_output, level) VALUES (7, 3222, 124.28504545454544, 86, 136.71355);
INSERT INTO supply(goods_id, building_id, max_supply, current_output, level) VALUES (9, 3222, 24.857009090909088, 86, 27.34271);
INSERT INTO supply(goods_id, building_id, max_supply, current_output, level) VALUES (10, 3222, 24.857009090909088, 86, 27.34271);
INSERT INTO supply(goods_id, building_id, max_supply, current_output, level) VALUES (12, 3222, 24.857009090909088, 86, 27.34271);
INSERT INTO supply(goods_id, building_id, max_supply, current_output, level) VALUES (13, 3222, 24.857009090909088, 86, 27.34271);
INSERT INTO supply(goods_id, building_id, max_supply, current_output, level) VALUES (15, 3222, 24.857009090909088, 86, 27.34271);
INSERT INTO supply(goods_id, building_id, max_supply, current_output, level) VALUES (38, 3222, 34.799809090909086, 86, 38.27979);
INSERT INTO building(id, name, level) VALUES (3223, "building_urban_centerlevel", 4);
INSERT INTO demand(goods_id, building_id, max_demand, current_input, level) VALUES (10, 3223, 20.0, 4, 5.339717905226631);
INSERT INTO demand(goods_id, building_id, max_demand, current_input, level) VALUES (23, 3223, 40.0, 4, 3.116245113244404);
INSERT INTO demand(goods_id, building_id, max_demand, current_input, level) VALUES (31, 3223, 20.0, 4, 2.9426425376485508);
INSERT INTO supply(goods_id, building_id, max_supply, current_output, level) VALUES (15, 3223, 279.99999999999994, 4, 45.922253997654444);
INSERT INTO building(id, name, level) VALUES (3224, "building_subsistence_farmslevel", 98);
INSERT INTO supply(goods_id, building_id, max_supply, current_output, level) VALUES (7, 3224, 147.2891, 98, 162.01801);
INSERT INTO supply(goods_id, building_id, max_supply, current_output, level) VALUES (9, 3224, 29.457818181818176, 98, 32.4036);
INSERT INTO supply(goods_id, building_id, max_supply, current_output, level) VALUES (10, 3224, 29.457818181818176, 98, 32.4036);
INSERT INTO supply(goods_id, building_id, max_supply, current_output, level) VALUES (12, 3224, 29.457818181818176, 98, 32.4036);
INSERT INTO supply(goods_id, building_id, max_supply, current_output, level) VALUES (13, 3224, 29.457818181818176, 98, 32.4036);
INSERT INTO supply(goods_id, building_id, max_supply, current_output, level) VALUES (15, 3224, 29.457818181818176, 98, 32.4036);
INSERT INTO supply(goods_id, building_id, max_supply, current_output, level) VALUES (38, 3224, 41.240945454545454, 98, 45.36504);
INSERT INTO building(id, name, level) VALUES (3225, "building_urban_centerlevel", 7);
INSERT INTO demand(goods_id, building_id, max_demand, current_input, level) VALUES (10, 3225, 35.0, 7, 9.344506334146605);
INSERT INTO demand(goods_id, building_id, max_demand, current_input, level) VALUES (23, 3225, 70.0, 7, 5.453428948177707);
INSERT INTO demand(goods_id, building_id, max_demand, current_input, level) VALUES (31, 3225, 35.0, 7, 5.149624440884964);
INSERT INTO supply(goods_id, building_id, max_supply, current_output, level) VALUES (15, 3225, 489.99999999999994, 7, 80.3639444958953);
INSERT INTO building(id, name, level) VALUES (3226, "building_subsistence_farmslevel", 100);
INSERT INTO supply(goods_id, building_id, max_supply, current_output, level) VALUES (7, 3226, 171.10750000000002, 100, 205.329);
INSERT INTO supply(goods_id, building_id, max_supply, current_output, level) VALUES (9, 3226, 34.221500000000006, 100, 41.0658);
INSERT INTO supply(goods_id, building_id, max_supply, current_output, level) VALUES (10, 3226, 34.221500000000006, 100, 41.0658);
INSERT INTO supply(goods_id, building_id, max_supply, current_output, level) VALUES (12, 3226, 34.221500000000006, 100, 41.0658);
INSERT INTO supply(goods_id, building_id, max_supply, current_output, level) VALUES (13, 3226, 34.221500000000006, 100, 41.0658);
INSERT INTO supply(goods_id, building_id, max_supply, current_output, level) VALUES (15, 3226, 34.221500000000006, 100, 41.0658);
INSERT INTO supply(goods_id, building_id, max_supply, current_output, level) VALUES (38, 3226, 47.9101, 100, 57.49212);
INSERT INTO building(id, name, level) VALUES (3227, "building_urban_centerlevel", 3);
INSERT INTO demand(goods_id, building_id, max_demand, current_input, level) VALUES (10, 3227, 15.0, 3, 4.004788428919974);
INSERT INTO demand(goods_id, building_id, max_demand, current_input, level) VALUES (23, 3227, 30.0, 3, 2.337183834933303);
INSERT INTO demand(goods_id, building_id, max_demand, current_input, level) VALUES (31, 3227, 15.0, 3, 2.206981903236413);
INSERT INTO supply(goods_id, building_id, max_supply, current_output, level) VALUES (15, 3227, 209.99999999999997, 3, 34.44169049824084);
INSERT INTO building(id, name, level) VALUES (3228, "building_subsistence_farmslevel", 55);
INSERT INTO supply(goods_id, building_id, max_supply, current_output, level) VALUES (7, 3228, 29.869125000000004, 55, 35.84295);
INSERT INTO supply(goods_id, building_id, max_supply, current_output, level) VALUES (9, 3228, 5.973825000000001, 55, 7.16859);
INSERT INTO supply(goods_id, building_id, max_supply, current_output, level) VALUES (10, 3228, 5.973825000000001, 55, 7.16859);
INSERT INTO supply(goods_id, building_id, max_supply, current_output, level) VALUES (12, 3228, 5.973825000000001, 55, 7.16859);
INSERT INTO supply(goods_id, building_id, max_supply, current_output, level) VALUES (13, 3228, 5.973825000000001, 55, 7.16859);
INSERT INTO supply(goods_id, building_id, max_supply, current_output, level) VALUES (15, 3228, 5.973825000000001, 55, 7.16859);
INSERT INTO supply(goods_id, building_id, max_supply, current_output, level) VALUES (38, 3228, 8.36335, 55, 10.03602);
INSERT INTO building(id, name, level) VALUES (3229, "building_urban_centerlevel", 11);
INSERT INTO demand(goods_id, building_id, max_demand, current_input, level) VALUES (10, 3229, 54.99999999999999, 11, 14.684224239373235);
INSERT INTO demand(goods_id, building_id, max_demand, current_input, level) VALUES (23, 3229, 109.99999999999999, 11, 8.56967406142211);
INSERT INTO demand(goods_id, building_id, max_demand, current_input, level) VALUES (31, 3229, 54.99999999999999, 11, 8.092266978533514);
INSERT INTO supply(goods_id, building_id, max_supply, current_output, level) VALUES (15, 3229, 769.9999999999999, 11, 126.28619849354975);
INSERT INTO building(id, name, level) VALUES (3271, "building_subsistence_farmslevel", 13);
INSERT INTO supply(goods_id, building_id, max_supply, current_output, level) VALUES (7, 3271, 31.377772727272724, 13, 34.51555);
INSERT INTO supply(goods_id, building_id, max_supply, current_output, level) VALUES (9, 3271, 6.275554545454545, 13, 6.90311);
INSERT INTO supply(goods_id, building_id, max_supply, current_output, level) VALUES (10, 3271, 6.275554545454545, 13, 6.90311);
INSERT INTO supply(goods_id, building_id, max_supply, current_output, level) VALUES (12, 3271, 6.275554545454545, 13, 6.90311);
INSERT INTO supply(goods_id, building_id, max_supply, current_output, level) VALUES (13, 3271, 6.275554545454545, 13, 6.90311);
INSERT INTO supply(goods_id, building_id, max_supply, current_output, level) VALUES (15, 3271, 6.275554545454545, 13, 6.90311);
INSERT INTO supply(goods_id, building_id, max_supply, current_output, level) VALUES (38, 3271, 8.785772727272727, 13, 9.66435);
INSERT INTO building(id, name, level) VALUES (3298, "building_subsistence_farmslevel", 44);
INSERT INTO supply(goods_id, building_id, max_supply, current_output, level) VALUES (7, 3298, 17.4196, 44, 22.64548);
INSERT INTO supply(goods_id, building_id, max_supply, current_output, level) VALUES (9, 3298, 3.4839153846153845, 44, 4.52909);
INSERT INTO supply(goods_id, building_id, max_supply, current_output, level) VALUES (10, 3298, 3.4839153846153845, 44, 4.52909);
INSERT INTO supply(goods_id, building_id, max_supply, current_output, level) VALUES (12, 3298, 3.4839153846153845, 44, 4.52909);
INSERT INTO supply(goods_id, building_id, max_supply, current_output, level) VALUES (13, 3298, 3.4839153846153845, 44, 4.52909);
INSERT INTO supply(goods_id, building_id, max_supply, current_output, level) VALUES (15, 3298, 3.4839153846153845, 44, 4.52909);
INSERT INTO supply(goods_id, building_id, max_supply, current_output, level) VALUES (38, 3298, 4.877484615384615, 44, 6.34073);
INSERT INTO building(id, name, level) VALUES (3491, "building_subsistence_farmslevel", 20);
INSERT INTO supply(goods_id, building_id, max_supply, current_output, level) VALUES (7, 3491, 35.248999999999995, 20, 38.7739);
INSERT INTO supply(goods_id, building_id, max_supply, current_output, level) VALUES (9, 3491, 7.049799999999999, 20, 7.75478);
INSERT INTO supply(goods_id, building_id, max_supply, current_output, level) VALUES (10, 3491, 7.049799999999999, 20, 7.75478);
INSERT INTO supply(goods_id, building_id, max_supply, current_output, level) VALUES (12, 3491, 7.049799999999999, 20, 7.75478);
INSERT INTO supply(goods_id, building_id, max_supply, current_output, level) VALUES (13, 3491, 7.049799999999999, 20, 7.75478);
INSERT INTO supply(goods_id, building_id, max_supply, current_output, level) VALUES (15, 3491, 7.049799999999999, 20, 7.75478);
INSERT INTO supply(goods_id, building_id, max_supply, current_output, level) VALUES (38, 3491, 9.86971818181818, 20, 10.85669);
INSERT INTO building(id, name, level) VALUES (3498, "building_subsistence_orchardslevel", 34);
INSERT INTO supply(goods_id, building_id, max_supply, current_output, level) VALUES (7, 3498, 6.48940909090909, 34, 7.13835);
INSERT INTO supply(goods_id, building_id, max_supply, current_output, level) VALUES (9, 3498, 3.2447, 34, 3.56917);
INSERT INTO supply(goods_id, building_id, max_supply, current_output, level) VALUES (10, 3498, 9.73410909090909, 34, 10.70752);
INSERT INTO supply(goods_id, building_id, max_supply, current_output, level) VALUES (12, 3498, 6.48940909090909, 34, 7.13835);
INSERT INTO supply(goods_id, building_id, max_supply, current_output, level) VALUES (13, 3498, 6.48940909090909, 34, 7.13835);
INSERT INTO supply(goods_id, building_id, max_supply, current_output, level) VALUES (15, 3498, 6.48940909090909, 34, 7.13835);
INSERT INTO supply(goods_id, building_id, max_supply, current_output, level) VALUES (37, 3498, 17.26182727272727, 34, 18.98801);
INSERT INTO supply(goods_id, building_id, max_supply, current_output, level) VALUES (38, 3498, 9.085172727272727, 34, 9.99369);
INSERT INTO building(id, name, level) VALUES (67112363, "building_subsistence_pastureslevel", 11);
INSERT INTO supply(goods_id, building_id, max_supply, current_output, level) VALUES (7, 67112363, 0.9947777777777778, 11, 0.8953);
INSERT INTO supply(goods_id, building_id, max_supply, current_output, level) VALUES (9, 67112363, 1.4921666666666666, 11, 1.34295);
INSERT INTO supply(goods_id, building_id, max_supply, current_output, level) VALUES (10, 67112363, 0.4973888888888889, 11, 0.44765);
INSERT INTO supply(goods_id, building_id, max_supply, current_output, level) VALUES (12, 67112363, 0.9947777777777778, 11, 0.8953);
INSERT INTO supply(goods_id, building_id, max_supply, current_output, level) VALUES (13, 67112363, 0.9947777777777778, 11, 0.8953);
INSERT INTO supply(goods_id, building_id, max_supply, current_output, level) VALUES (15, 67112363, 0.9947777777777778, 11, 0.8953);
INSERT INTO supply(goods_id, building_id, max_supply, current_output, level) VALUES (36, 67112363, 2.646122222222222, 11, 2.38151);
INSERT INTO supply(goods_id, building_id, max_supply, current_output, level) VALUES (38, 67112363, 1.3926888888888889, 11, 1.25342);
INSERT INTO building(id, name, level) VALUES (3842, "building_subsistence_pastureslevel", 15);
INSERT INTO supply(goods_id, building_id, max_supply, current_output, level) VALUES (7, 3842, 6.748045454545454, 15, 7.42285);
INSERT INTO supply(goods_id, building_id, max_supply, current_output, level) VALUES (9, 3842, 10.122072727272727, 15, 11.13428);
INSERT INTO supply(goods_id, building_id, max_supply, current_output, level) VALUES (10, 3842, 3.3740181818181814, 15, 3.71142);
INSERT INTO supply(goods_id, building_id, max_supply, current_output, level) VALUES (12, 3842, 6.748045454545454, 15, 7.42285);
INSERT INTO supply(goods_id, building_id, max_supply, current_output, level) VALUES (13, 3842, 6.748045454545454, 15, 7.42285);
INSERT INTO supply(goods_id, building_id, max_supply, current_output, level) VALUES (15, 3842, 6.748045454545454, 15, 7.42285);
INSERT INTO supply(goods_id, building_id, max_supply, current_output, level) VALUES (36, 3842, 17.94980909090909, 15, 19.74479);
INSERT INTO supply(goods_id, building_id, max_supply, current_output, level) VALUES (38, 3842, 9.447263636363635, 15, 10.39199);
INSERT INTO building(id, name, level) VALUES (3862, "building_trade_centerlevel", 29);
INSERT INTO building(id, name, level) VALUES (3863, "building_trade_centerlevel", 63);
INSERT INTO building(id, name, level) VALUES (3898, "building_trade_centerlevel", 33);
INSERT INTO building(id, name, level) VALUES (3899, "building_trade_centerlevel", 44);
INSERT INTO building(id, name, level) VALUES (33558337, "building_naval_baselevel", 1);
INSERT INTO demand(goods_id, building_id, max_demand, current_input, level) VALUES (5, 33558337, 0.24, 1, 0.043483262637446285);
INSERT INTO building(id, name, level) VALUES (3910, "building_trade_centerlevel", 40);
INSERT INTO building(id, name, level) VALUES (16781139, "building_sulfur_minelevel", 3);
INSERT INTO demand(goods_id, building_id, max_demand, current_input, level) VALUES (23, 16781139, 45.0, 3, 3.5057757523999538);
INSERT INTO demand(goods_id, building_id, max_demand, current_input, level) VALUES (33, 16781139, 45.0, 3, 14.935636640282985);
INSERT INTO supply(goods_id, building_id, max_supply, current_output, level) VALUES (22, 16781139, 180.0, 3, 36.88282478536588);
INSERT INTO building(id, name, level) VALUES (3936, "building_conscription_centerlevel", 13);
INSERT INTO building(id, name, level) VALUES (3937, "building_conscription_centerlevel", 28);
INSERT INTO demand(goods_id, building_id, max_demand, current_input, level) VALUES (0, 3937, 19.475, 28, 2.5827988324200026);
INSERT INTO demand(goods_id, building_id, max_demand, current_input, level) VALUES (1, 3937, 19.475, 28, 1.494675901481171);
INSERT INTO demand(goods_id, building_id, max_demand, current_input, level) VALUES (2, 3937, 19.475, 28, 2.4597268132587264);
INSERT INTO building(id, name, level) VALUES (16781206, "building_conscription_centerlevel", 2);
INSERT INTO demand(goods_id, building_id, max_demand, current_input, level) VALUES (0, 16781206, 2.0, 2, 0.26524249883645723);
INSERT INTO demand(goods_id, building_id, max_demand, current_input, level) VALUES (1, 16781206, 2.0, 2, 0.15349688333567865);
INSERT INTO demand(goods_id, building_id, max_demand, current_input, level) VALUES (2, 16781206, 2.0, 2, 0.25260352382631335);
INSERT INTO building(id, name, level) VALUES (33558522, "building_conscription_centerlevel", 1);
INSERT INTO building(id, name, level) VALUES (4106, "building_conscription_centerlevel", 7);
INSERT INTO demand(goods_id, building_id, max_demand, current_input, level) VALUES (0, 4106, 9.1551, 7, 1.2141608005488247);
INSERT INTO demand(goods_id, building_id, max_demand, current_input, level) VALUES (1, 4106, 9.1551, 7, 0.7026396583132358);
INSERT INTO demand(goods_id, building_id, max_demand, current_input, level) VALUES (2, 4106, 9.1551, 7, 1.1563052604911406);
INSERT INTO building(id, name, level) VALUES (4140, "building_conscription_centerlevel", 18);
INSERT INTO building(id, name, level) VALUES (4141, "building_conscription_centerlevel", 28);
INSERT INTO demand(goods_id, building_id, max_demand, current_input, level) VALUES (0, 4141, 18.75507, 28, 2.4873208163263367);
INSERT INTO demand(goods_id, building_id, max_demand, current_input, level) VALUES (1, 4141, 18.75507, 28, 1.4394223958712433);
INSERT INTO demand(goods_id, building_id, max_demand, current_input, level) VALUES (2, 4141, 18.75507, 28, 2.3687983858045873);
INSERT INTO building(id, name, level) VALUES (4142, "building_conscription_centerlevel", 15);
INSERT INTO building(id, name, level) VALUES (4143, "building_conscription_centerlevel", 28);
INSERT INTO demand(goods_id, building_id, max_demand, current_input, level) VALUES (0, 4143, 19.61254, 28, 2.6010395590649855);
INSERT INTO demand(goods_id, building_id, max_demand, current_input, level) VALUES (1, 4143, 19.61254, 28, 1.5052318821481654);
INSERT INTO demand(goods_id, building_id, max_demand, current_input, level) VALUES (2, 4143, 19.61254, 28, 2.477098357592262);
INSERT INTO building(id, name, level) VALUES (4144, "building_conscription_centerlevel", 14);
INSERT INTO demand(goods_id, building_id, max_demand, current_input, level) VALUES (0, 4144, 9.54867, 14, 1.2663565456823571);
INSERT INTO demand(goods_id, building_id, max_demand, current_input, level) VALUES (1, 4144, 9.54867, 14, 0.7328455425004473);
INSERT INTO demand(goods_id, building_id, max_demand, current_input, level) VALUES (2, 4144, 9.54867, 14, 1.2060138449273017);
INSERT INTO building(id, name, level) VALUES (4145, "building_conscription_centerlevel", 13);
INSERT INTO demand(goods_id, building_id, max_demand, current_input, level) VALUES (0, 4145, 17.14876, 13, 2.2742899771733422);
INSERT INTO demand(goods_id, building_id, max_demand, current_input, level) VALUES (1, 4145, 17.14876, 13, 1.3161406065357764);
INSERT INTO demand(goods_id, building_id, max_demand, current_input, level) VALUES (2, 4145, 17.14876, 13, 2.1659186026258643);
INSERT INTO building(id, name, level) VALUES (4146, "building_conscription_centerlevel", 18);
INSERT INTO building(id, name, level) VALUES (4147, "building_conscription_centerlevel", 17);
INSERT INTO building(id, name, level) VALUES (4148, "building_conscription_centerlevel", 31);
INSERT INTO demand(goods_id, building_id, max_demand, current_input, level) VALUES (0, 4148, 44.69555, 31, 5.9275796844349085);
INSERT INTO demand(goods_id, building_id, max_demand, current_input, level) VALUES (1, 4148, 44.69555, 31, 3.430313811986996);
INSERT INTO demand(goods_id, building_id, max_demand, current_input, level) VALUES (2, 4148, 44.69555, 31, 5.64512671467759);
INSERT INTO building(id, name, level) VALUES (4149, "building_conscription_centerlevel", 26);
INSERT INTO demand(goods_id, building_id, max_demand, current_input, level) VALUES (0, 4149, 19.0399, 26, 2.525095326798131);
INSERT INTO demand(goods_id, building_id, max_demand, current_input, level) VALUES (1, 4149, 19.0399, 26, 1.461282654511494);
INSERT INTO demand(goods_id, building_id, max_demand, current_input, level) VALUES (2, 4149, 19.0399, 26, 2.4047729166503116);
INSERT INTO building(id, name, level) VALUES (4150, "building_conscription_centerlevel", 20);
INSERT INTO building(id, name, level) VALUES (4151, "building_conscription_centerlevel", 24);
INSERT INTO demand(goods_id, building_id, max_demand, current_input, level) VALUES (0, 4151, 15.69907, 24, 2.082030278104231);
INSERT INTO demand(goods_id, building_id, max_demand, current_input, level) VALUES (1, 4151, 15.69907, 24, 1.2048791581343266);
INSERT INTO demand(goods_id, building_id, max_demand, current_input, level) VALUES (2, 4151, 15.69907, 24, 1.9828202013979808);
INSERT INTO building(id, name, level) VALUES (4152, "building_conscription_centerlevel", 16);
INSERT INTO building(id, name, level) VALUES (4153, "building_conscription_centerlevel", 20);
INSERT INTO building(id, name, level) VALUES (4154, "building_conscription_centerlevel", 19);
INSERT INTO building(id, name, level) VALUES (4155, "building_conscription_centerlevel", 17);
INSERT INTO building(id, name, level) VALUES (16781545, "building_chemical_plantslevel", 1);
INSERT INTO demand(goods_id, building_id, max_demand, current_input, level) VALUES (22, 16781545, 44.99999999999999, 1, 8.689674640601778);
INSERT INTO demand(goods_id, building_id, max_demand, current_input, level) VALUES (23, 16781545, 14.999999999999998, 1, 1.1685919174666513);
INSERT INTO demand(goods_id, building_id, max_demand, current_input, level) VALUES (24, 16781545, 10.0, 1, 2.7719556757774133);
INSERT INTO supply(goods_id, building_id, max_supply, current_output, level) VALUES (32, 16781545, 75.0, 1, 13.70513940777783);
INSERT INTO supply(goods_id, building_id, max_supply, current_output, level) VALUES (34, 16781545, 40.0, 1, 7.309407684148176);
INSERT INTO building(id, name, level) VALUES (16781569, "building_furniture_manufacturieslevel", 2);
INSERT INTO demand(goods_id, building_id, max_demand, current_input, level) VALUES (9, 16781569, 19.999999999999996, 2, 9.699833223105545);
INSERT INTO demand(goods_id, building_id, max_demand, current_input, level) VALUES (10, 16781569, 59.99999999999999, 2, 16.01915371567989);
INSERT INTO demand(goods_id, building_id, max_demand, current_input, level) VALUES (23, 16781569, 9.999999999999998, 2, 0.7790612783111008);
INSERT INTO demand(goods_id, building_id, max_demand, current_input, level) VALUES (33, 16781569, 19.999999999999996, 2, 6.638060729014659);
INSERT INTO supply(goods_id, building_id, max_supply, current_output, level) VALUES (13, 16781569, 130.0, 2, 37.758068422699694);
INSERT INTO building(id, name, level) VALUES (16781757, "building_motor_industrylevel", 2);
INSERT INTO demand(goods_id, building_id, max_demand, current_input, level) VALUES (30, 16781757, 59.99999999999999, 2, 9.726968549455068);
INSERT INTO supply(goods_id, building_id, max_supply, current_output, level) VALUES (29, 16781757, 79.99999999999999, 2, 12.969291399273422);
INSERT INTO building(id, name, level) VALUES (67113408, "building_furniture_manufacturieslevel", 2);
INSERT INTO demand(goods_id, building_id, max_demand, current_input, level) VALUES (9, 67113408, 19.999999999999996, 2, 9.699833223105545);
INSERT INTO demand(goods_id, building_id, max_demand, current_input, level) VALUES (10, 67113408, 19.999999999999996, 2, 5.33971790522663);
INSERT INTO demand(goods_id, building_id, max_demand, current_input, level) VALUES (26, 67113408, 39.99999999999999, 2, 3.8520283447252686);
INSERT INTO demand(goods_id, building_id, max_demand, current_input, level) VALUES (33, 67113408, 29.999999999999996, 2, 9.957091093521989);
INSERT INTO supply(goods_id, building_id, max_supply, current_output, level) VALUES (13, 67113408, 89.68499999999999, 2, 26.46114000593117);
INSERT INTO supply(goods_id, building_id, max_supply, current_output, level) VALUES (49, 67113408, 79.71999999999998, 2, 23.521013338605485);
INSERT INTO building(id, name, level) VALUES (67113438, "building_steel_millslevel", 1);
INSERT INTO demand(goods_id, building_id, max_demand, current_input, level) VALUES (23, 67113438, 29.999999999999996, 1, 2.3371838349333025);
INSERT INTO demand(goods_id, building_id, max_demand, current_input, level) VALUES (24, 67113438, 59.99999999999999, 1, 16.631734054664477);
INSERT INTO supply(goods_id, building_id, max_supply, current_output, level) VALUES (30, 67113438, 89.99999999999999, 1, 15.97957629339831);
INSERT INTO building(id, name, level) VALUES (4780, "building_tooling_workshopslevel", 5);
INSERT INTO demand(goods_id, building_id, max_demand, current_input, level) VALUES (10, 4780, 150.0, 5, 40.047884289199736);
INSERT INTO demand(goods_id, building_id, max_demand, current_input, level) VALUES (30, 4780, 100.00000000000001, 5, 16.21161424909178);
INSERT INTO supply(goods_id, building_id, max_supply, current_output, level) VALUES (33, 4780, 400.00000000000006, 5, 85.8204075504499);
INSERT INTO building(id, name, level) VALUES (134222525, "building_logging_camplevel", 2);
INSERT INTO demand(goods_id, building_id, max_demand, current_input, level) VALUES (33, 134222525, 9.999999999999998, 2, 3.3190303645073294);
INSERT INTO supply(goods_id, building_id, max_supply, current_output, level) VALUES (10, 134222525, 79.99999999999999, 2, 26.552242916058635);
INSERT INTO supply(goods_id, building_id, max_supply, current_output, level) VALUES (26, 134222525, 19.999999999999996, 2, 6.638060729014659);
INSERT INTO building(id, name, level) VALUES (167777001, "building_universitylevel", 1);
INSERT INTO demand(goods_id, building_id, max_demand, current_input, level) VALUES (14, 167777001, 5.0, 1, 0.9461144536765179);
INSERT INTO building(id, name, level) VALUES (16782098, "building_tooling_workshopslevel", 4);
INSERT INTO demand(goods_id, building_id, max_demand, current_input, level) VALUES (10, 16782098, 119.986796460177, 4, 32.03478227245952);
INSERT INTO demand(goods_id, building_id, max_demand, current_input, level) VALUES (30, 16782098, 79.9911946902655, 4, 12.967863916425829);
INSERT INTO supply(goods_id, building_id, max_supply, current_output, level) VALUES (33, 16782098, 319.964796460177, 4, 68.64877308502282);
INSERT INTO building(id, name, level) VALUES (4962, "building_construction_sectorlevel", 2);
INSERT INTO demand(goods_id, building_id, max_demand, current_input, level) VALUES (9, 4962, 3.28734, 2, 1.5943324873821894);
INSERT INTO demand(goods_id, building_id, max_demand, current_input, level) VALUES (10, 4962, 6.57468, 2, 1.7553468258567715);
INSERT INTO demand(goods_id, building_id, max_demand, current_input, level) VALUES (24, 4962, 8.21835, 2, 2.27809019280253);
INSERT INTO demand(goods_id, building_id, max_demand, current_input, level) VALUES (33, 4962, 1.64367, 2, 0.5455390639229762);
INSERT INTO building(id, name, level) VALUES (16782183, "building_construction_sectorlevel", 2);
INSERT INTO demand(goods_id, building_id, max_demand, current_input, level) VALUES (9, 16782183, 3.288, 2, 1.5946525818785517);
INSERT INTO demand(goods_id, building_id, max_demand, current_input, level) VALUES (10, 16782183, 6.576, 2, 1.7556992472385162);
INSERT INTO demand(goods_id, building_id, max_demand, current_input, level) VALUES (24, 16782183, 8.22, 2, 2.278547565489034);
INSERT INTO demand(goods_id, building_id, max_demand, current_input, level) VALUES (33, 16782183, 1.644, 2, 0.545648591925005);
INSERT INTO building(id, name, level) VALUES (33559400, "building_construction_sectorlevel", 2);
INSERT INTO demand(goods_id, building_id, max_demand, current_input, level) VALUES (9, 33559400, 3.288, 2, 1.5946525818785517);
INSERT INTO demand(goods_id, building_id, max_demand, current_input, level) VALUES (10, 33559400, 6.576, 2, 1.7556992472385162);
INSERT INTO demand(goods_id, building_id, max_demand, current_input, level) VALUES (24, 33559400, 8.22, 2, 2.278547565489034);
INSERT INTO demand(goods_id, building_id, max_demand, current_input, level) VALUES (33, 33559400, 1.644, 2, 0.545648591925005);
INSERT INTO building(id, name, level) VALUES (5011, "building_construction_sectorlevel", 5);
INSERT INTO demand(goods_id, building_id, max_demand, current_input, level) VALUES (9, 5011, 8.22, 5, 3.9866314546963797);
INSERT INTO demand(goods_id, building_id, max_demand, current_input, level) VALUES (10, 5011, 16.44, 5, 4.389248118096291);
INSERT INTO demand(goods_id, building_id, max_demand, current_input, level) VALUES (24, 5011, 20.55, 5, 5.696368913722585);
INSERT INTO demand(goods_id, building_id, max_demand, current_input, level) VALUES (33, 5011, 4.11, 5, 1.3641214798125127);
INSERT INTO building(id, name, level) VALUES (16782236, "building_construction_sectorlevel", 2);
INSERT INTO demand(goods_id, building_id, max_demand, current_input, level) VALUES (9, 16782236, 3.288, 2, 1.5946525818785517);
INSERT INTO demand(goods_id, building_id, max_demand, current_input, level) VALUES (10, 16782236, 6.576, 2, 1.7556992472385162);
INSERT INTO demand(goods_id, building_id, max_demand, current_input, level) VALUES (24, 16782236, 8.22, 2, 2.278547565489034);
INSERT INTO demand(goods_id, building_id, max_demand, current_input, level) VALUES (33, 16782236, 1.644, 2, 0.545648591925005);
INSERT INTO building(id, name, level) VALUES (100668325, "building_construction_sectorlevel", 3);
INSERT INTO demand(goods_id, building_id, max_demand, current_input, level) VALUES (9, 100668325, 4.932, 3, 2.3919788728178277);
INSERT INTO demand(goods_id, building_id, max_demand, current_input, level) VALUES (10, 100668325, 9.864, 3, 2.6335488708577746);
INSERT INTO demand(goods_id, building_id, max_demand, current_input, level) VALUES (24, 100668325, 12.33, 3, 3.417821348233551);
INSERT INTO demand(goods_id, building_id, max_demand, current_input, level) VALUES (33, 100668325, 2.466, 3, 0.8184728878875076);
INSERT INTO building(id, name, level) VALUES (16782249, "building_construction_sectorlevel", 2);
INSERT INTO demand(goods_id, building_id, max_demand, current_input, level) VALUES (9, 16782249, 3.288, 2, 1.5946525818785517);
INSERT INTO demand(goods_id, building_id, max_demand, current_input, level) VALUES (10, 16782249, 6.576, 2, 1.7556992472385162);
INSERT INTO demand(goods_id, building_id, max_demand, current_input, level) VALUES (24, 16782249, 8.22, 2, 2.278547565489034);
INSERT INTO demand(goods_id, building_id, max_demand, current_input, level) VALUES (33, 16782249, 1.644, 2, 0.545648591925005);
INSERT INTO building(id, name, level) VALUES (5035, "building_construction_sectorlevel", 3);
INSERT INTO demand(goods_id, building_id, max_demand, current_input, level) VALUES (9, 5035, 4.932, 3, 2.3919788728178277);
INSERT INTO demand(goods_id, building_id, max_demand, current_input, level) VALUES (10, 5035, 9.864, 3, 2.6335488708577746);
INSERT INTO demand(goods_id, building_id, max_demand, current_input, level) VALUES (24, 5035, 12.33, 3, 3.417821348233551);
INSERT INTO demand(goods_id, building_id, max_demand, current_input, level) VALUES (33, 5035, 2.466, 3, 0.8184728878875076);
INSERT INTO building(id, name, level) VALUES (33559468, "building_construction_sectorlevel", 1);
INSERT INTO demand(goods_id, building_id, max_demand, current_input, level) VALUES (9, 33559468, 1.644, 1, 0.7973262909392759);
INSERT INTO demand(goods_id, building_id, max_demand, current_input, level) VALUES (10, 33559468, 3.288, 1, 0.8778496236192581);
INSERT INTO demand(goods_id, building_id, max_demand, current_input, level) VALUES (24, 33559468, 4.11, 1, 1.139273782744517);
INSERT INTO demand(goods_id, building_id, max_demand, current_input, level) VALUES (33, 33559468, 0.822, 1, 0.2728242959625025);
INSERT INTO building(id, name, level) VALUES (16782256, "building_construction_sectorlevel", 1);
INSERT INTO demand(goods_id, building_id, max_demand, current_input, level) VALUES (9, 16782256, 1.644, 1, 0.7973262909392759);
INSERT INTO demand(goods_id, building_id, max_demand, current_input, level) VALUES (10, 16782256, 3.288, 1, 0.8778496236192581);
INSERT INTO demand(goods_id, building_id, max_demand, current_input, level) VALUES (24, 16782256, 4.11, 1, 1.139273782744517);
INSERT INTO demand(goods_id, building_id, max_demand, current_input, level) VALUES (33, 16782256, 0.822, 1, 0.2728242959625025);
INSERT INTO building(id, name, level) VALUES (16782265, "building_construction_sectorlevel", 1);
INSERT INTO demand(goods_id, building_id, max_demand, current_input, level) VALUES (9, 16782265, 1.644, 1, 0.7973262909392759);
INSERT INTO demand(goods_id, building_id, max_demand, current_input, level) VALUES (10, 16782265, 3.288, 1, 0.8778496236192581);
INSERT INTO demand(goods_id, building_id, max_demand, current_input, level) VALUES (24, 16782265, 4.11, 1, 1.139273782744517);
INSERT INTO demand(goods_id, building_id, max_demand, current_input, level) VALUES (33, 16782265, 0.822, 1, 0.2728242959625025);
INSERT INTO building(id, name, level) VALUES (16782273, "building_construction_sectorlevel", 2);
INSERT INTO demand(goods_id, building_id, max_demand, current_input, level) VALUES (9, 16782273, 3.288, 2, 1.5946525818785517);
INSERT INTO demand(goods_id, building_id, max_demand, current_input, level) VALUES (10, 16782273, 6.576, 2, 1.7556992472385162);
INSERT INTO demand(goods_id, building_id, max_demand, current_input, level) VALUES (24, 16782273, 8.22, 2, 2.278547565489034);
INSERT INTO demand(goods_id, building_id, max_demand, current_input, level) VALUES (33, 16782273, 1.644, 2, 0.545648591925005);
INSERT INTO building(id, name, level) VALUES (5070, "building_construction_sectorlevel", 2);
INSERT INTO demand(goods_id, building_id, max_demand, current_input, level) VALUES (9, 5070, 3.288, 2, 1.5946525818785517);
INSERT INTO demand(goods_id, building_id, max_demand, current_input, level) VALUES (10, 5070, 6.576, 2, 1.7556992472385162);
INSERT INTO demand(goods_id, building_id, max_demand, current_input, level) VALUES (24, 5070, 8.22, 2, 2.278547565489034);
INSERT INTO demand(goods_id, building_id, max_demand, current_input, level) VALUES (33, 5070, 1.644, 2, 0.545648591925005);
INSERT INTO building(id, name, level) VALUES (50336719, "building_steel_millslevel", 3);
INSERT INTO demand(goods_id, building_id, max_demand, current_input, level) VALUES (23, 50336719, 104.99999999999999, 3, 8.180143422266559);
INSERT INTO demand(goods_id, building_id, max_demand, current_input, level) VALUES (24, 50336719, 179.99999999999997, 3, 49.89520216399343);
INSERT INTO demand(goods_id, building_id, max_demand, current_input, level) VALUES (33, 50336719, 15.0, 3, 4.978545546760994);
INSERT INTO supply(goods_id, building_id, max_supply, current_output, level) VALUES (30, 50336719, 269.99999999999994, 3, 61.83042586736258);
INSERT INTO building(id, name, level) VALUES (16782306, "building_construction_sectorlevel", 2);
INSERT INTO demand(goods_id, building_id, max_demand, current_input, level) VALUES (9, 16782306, 3.288, 2, 1.5946525818785517);
INSERT INTO demand(goods_id, building_id, max_demand, current_input, level) VALUES (10, 16782306, 6.576, 2, 1.7556992472385162);
INSERT INTO demand(goods_id, building_id, max_demand, current_input, level) VALUES (24, 16782306, 8.22, 2, 2.278547565489034);
INSERT INTO demand(goods_id, building_id, max_demand, current_input, level) VALUES (33, 16782306, 1.644, 2, 0.545648591925005);
INSERT INTO building(id, name, level) VALUES (5100, "building_iron_minelevel", 2);
INSERT INTO demand(goods_id, building_id, max_demand, current_input, level) VALUES (23, 5100, 2.92409900990099, 2, 0.22780523125616897);
INSERT INTO demand(goods_id, building_id, max_demand, current_input, level) VALUES (33, 5100, 2.92409900990099, 2, 0.9705173402687205);
INSERT INTO supply(goods_id, building_id, max_supply, current_output, level) VALUES (24, 5100, 11.69639603960396, 2, 2.396645143049779);
INSERT INTO building(id, name, level) VALUES (16782318, "building_construction_sectorlevel", 3);
INSERT INTO demand(goods_id, building_id, max_demand, current_input, level) VALUES (9, 16782318, 4.932, 3, 2.3919788728178277);
INSERT INTO demand(goods_id, building_id, max_demand, current_input, level) VALUES (10, 16782318, 9.864, 3, 2.6335488708577746);
INSERT INTO demand(goods_id, building_id, max_demand, current_input, level) VALUES (24, 16782318, 12.33, 3, 3.417821348233551);
INSERT INTO demand(goods_id, building_id, max_demand, current_input, level) VALUES (33, 16782318, 2.466, 3, 0.8184728878875076);
INSERT INTO building(id, name, level) VALUES (33559552, "building_universitylevel", 3);
INSERT INTO demand(goods_id, building_id, max_demand, current_input, level) VALUES (14, 33559552, 15.0, 3, 2.8383433610295534);
INSERT INTO building(id, name, level) VALUES (33559553, "building_government_administrationlevel", 2);
INSERT INTO demand(goods_id, building_id, max_demand, current_input, level) VALUES (14, 33559553, 40.0, 2, 7.568915629412143);
INSERT INTO building(id, name, level) VALUES (16782412, "building_tooling_workshopslevel", 2);
INSERT INTO demand(goods_id, building_id, max_demand, current_input, level) VALUES (10, 16782412, 59.99999999999999, 2, 16.01915371567989);
INSERT INTO demand(goods_id, building_id, max_demand, current_input, level) VALUES (23, 16782412, 19.999999999999996, 2, 1.5581225566222017);
INSERT INTO demand(goods_id, building_id, max_demand, current_input, level) VALUES (30, 16782412, 39.99999999999999, 2, 6.48464569963671);
INSERT INTO supply(goods_id, building_id, max_supply, current_output, level) VALUES (33, 16782412, 159.99999999999997, 2, 27.04043549777916);
INSERT INTO building(id, name, level) VALUES (16782416, "building_chemical_plantslevel", 2);
INSERT INTO demand(goods_id, building_id, max_demand, current_input, level) VALUES (22, 16782416, 90.0, 2, 17.37934928120356);
INSERT INTO demand(goods_id, building_id, max_demand, current_input, level) VALUES (23, 16782416, 29.999999999999996, 2, 2.3371838349333025);
INSERT INTO demand(goods_id, building_id, max_demand, current_input, level) VALUES (24, 16782416, 19.999999999999996, 2, 5.543911351554826);
INSERT INTO supply(goods_id, building_id, max_supply, current_output, level) VALUES (32, 16782416, 150.0, 2, 27.41027881555566);
INSERT INTO supply(goods_id, building_id, max_supply, current_output, level) VALUES (34, 16782416, 79.99999999999999, 2, 14.61881536829635);
INSERT INTO building(id, name, level) VALUES (5204, "building_glassworkslevel", 1);
INSERT INTO demand(goods_id, building_id, max_demand, current_input, level) VALUES (10, 5204, 20.0, 1, 5.339717905226631);
INSERT INTO demand(goods_id, building_id, max_demand, current_input, level) VALUES (25, 5204, 10.0, 1, 1.4260653621137926);
INSERT INTO supply(goods_id, building_id, max_supply, current_output, level) VALUES (31, 5204, 40.0, 1, 8.191848629454215);
INSERT INTO building(id, name, level) VALUES (16782519, "building_furniture_manufacturieslevel", 1);
INSERT INTO demand(goods_id, building_id, max_demand, current_input, level) VALUES (9, 16782519, 8.514599999999998, 1, 4.129509998072724);
INSERT INTO demand(goods_id, building_id, max_demand, current_input, level) VALUES (10, 16782519, 8.514599999999998, 1, 2.273278103792133);
INSERT INTO demand(goods_id, building_id, max_demand, current_input, level) VALUES (23, 16782519, 4.257299999999999, 1, 0.3316697580153849);
INSERT INTO demand(goods_id, building_id, max_demand, current_input, level) VALUES (26, 16782519, 17.029199999999996, 1, 1.6399240271998887);
INSERT INTO demand(goods_id, building_id, max_demand, current_input, level) VALUES (33, 16782519, 17.029199999999996, 1, 5.652043188326821);
INSERT INTO supply(goods_id, building_id, max_supply, current_output, level) VALUES (13, 16782519, 38.18159090909091, 1, 9.607155910807126);
INSERT INTO supply(goods_id, building_id, max_supply, current_output, level) VALUES (49, 16782519, 33.939190909090904, 1, 8.53969388878059);
INSERT INTO building(id, name, level) VALUES (50336954, "building_motor_industrylevel", 1);
INSERT INTO demand(goods_id, building_id, max_demand, current_input, level) VALUES (30, 50336954, 29.999999999999996, 1, 4.863484274727534);
INSERT INTO supply(goods_id, building_id, max_supply, current_output, level) VALUES (29, 50336954, 40.0, 1, 6.484645699636712);
INSERT INTO building(id, name, level) VALUES (16782526, "building_universitylevel", 1);
INSERT INTO demand(goods_id, building_id, max_demand, current_input, level) VALUES (14, 16782526, 5.0, 1, 0.9461144536765179);
INSERT INTO building(id, name, level) VALUES (16782539, "building_universitylevel", 1);
INSERT INTO demand(goods_id, building_id, max_demand, current_input, level) VALUES (14, 16782539, 5.0, 1, 0.9461144536765179);
INSERT INTO building(id, name, level) VALUES (16782546, "building_universitylevel", 1);
INSERT INTO demand(goods_id, building_id, max_demand, current_input, level) VALUES (14, 16782546, 5.0, 1, 0.9461144536765179);
INSERT INTO building(id, name, level) VALUES (234886369, "building_tooling_workshopslevel", 3);
INSERT INTO demand(goods_id, building_id, max_demand, current_input, level) VALUES (10, 234886369, 89.99999999999999, 3, 24.028730573519837);
INSERT INTO demand(goods_id, building_id, max_demand, current_input, level) VALUES (30, 234886369, 60.0, 3, 9.726968549455068);
INSERT INTO supply(goods_id, building_id, max_supply, current_output, level) VALUES (33, 234886369, 240.0, 3, 51.492244530269915);
INSERT INTO building(id, name, level) VALUES (16782593, "building_motor_industrylevel", 1);
INSERT INTO demand(goods_id, building_id, max_demand, current_input, level) VALUES (30, 16782593, 29.999999999999996, 1, 4.863484274727534);
INSERT INTO supply(goods_id, building_id, max_supply, current_output, level) VALUES (29, 16782593, 40.0, 1, 6.484645699636712);
INSERT INTO building(id, name, level) VALUES (33559815, "building_chemical_plantslevel", 1);
INSERT INTO demand(goods_id, building_id, max_demand, current_input, level) VALUES (22, 33559815, 44.99999999999999, 1, 8.689674640601778);
INSERT INTO demand(goods_id, building_id, max_demand, current_input, level) VALUES (23, 33559815, 14.999999999999998, 1, 1.1685919174666513);
INSERT INTO demand(goods_id, building_id, max_demand, current_input, level) VALUES (24, 33559815, 10.0, 1, 2.7719556757774133);
INSERT INTO supply(goods_id, building_id, max_supply, current_output, level) VALUES (32, 33559815, 75.0, 1, 13.70513940777783);
INSERT INTO supply(goods_id, building_id, max_supply, current_output, level) VALUES (34, 33559815, 40.0, 1, 7.309407684148176);
INSERT INTO building(id, name, level) VALUES (16782622, "building_furniture_manufacturieslevel", 4);
INSERT INTO demand(goods_id, building_id, max_demand, current_input, level) VALUES (9, 16782622, 40.00000000000001, 4, 19.399666446211096);
INSERT INTO demand(goods_id, building_id, max_demand, current_input, level) VALUES (10, 16782622, 40.00000000000001, 4, 10.679435810453265);
INSERT INTO demand(goods_id, building_id, max_demand, current_input, level) VALUES (26, 16782622, 80.00000000000001, 4, 7.70405668945054);
INSERT INTO demand(goods_id, building_id, max_demand, current_input, level) VALUES (33, 16782622, 60.0, 4, 19.914182187043977);
INSERT INTO supply(goods_id, building_id, max_supply, current_output, level) VALUES (13, 16782622, 179.37, 4, 52.922280011862355);
INSERT INTO supply(goods_id, building_id, max_supply, current_output, level) VALUES (49, 16782622, 159.44000000000003, 4, 47.042026677210984);
INSERT INTO building(id, name, level) VALUES (151000382, "building_iron_minelevel", 1);
INSERT INTO demand(goods_id, building_id, max_demand, current_input, level) VALUES (23, 151000382, 15.0, 1, 1.1685919174666515);
INSERT INTO demand(goods_id, building_id, max_demand, current_input, level) VALUES (33, 151000382, 15.0, 1, 4.978545546760994);
INSERT INTO supply(goods_id, building_id, max_supply, current_output, level) VALUES (24, 151000382, 60.0, 1, 12.294274928455291);
INSERT INTO building(id, name, level) VALUES (201332062, "building_tooling_workshopslevel", 4);
INSERT INTO demand(goods_id, building_id, max_demand, current_input, level) VALUES (10, 201332062, 120.0, 4, 32.03830743135979);
INSERT INTO demand(goods_id, building_id, max_demand, current_input, level) VALUES (30, 201332062, 80.00000000000001, 4, 12.969291399273425);
INSERT INTO supply(goods_id, building_id, max_supply, current_output, level) VALUES (33, 201332062, 320.00000000000006, 4, 68.65632604035991);
INSERT INTO building(id, name, level) VALUES (16782699, "building_furniture_manufacturieslevel", 8);
INSERT INTO demand(goods_id, building_id, max_demand, current_input, level) VALUES (9, 16782699, 68.0, 8, 32.97943295855885);
INSERT INTO demand(goods_id, building_id, max_demand, current_input, level) VALUES (10, 16782699, 68.0, 8, 18.155040877770546);
INSERT INTO demand(goods_id, building_id, max_demand, current_input, level) VALUES (23, 16782699, 34.0, 8, 2.648808346257743);
INSERT INTO demand(goods_id, building_id, max_demand, current_input, level) VALUES (26, 16782699, 136.0, 8, 13.096896372065917);
INSERT INTO demand(goods_id, building_id, max_demand, current_input, level) VALUES (33, 16782699, 136.0, 8, 45.138812957299685);
INSERT INTO supply(goods_id, building_id, max_supply, current_output, level) VALUES (13, 16782699, 304.92900000000003, 8, 76.72546834681532);
INSERT INTO supply(goods_id, building_id, max_supply, current_output, level) VALUES (49, 16782699, 271.04800000000006, 8, 68.20041630828028);
INSERT INTO building(id, name, level) VALUES (117446002, "building_steel_millslevel", 2);
INSERT INTO demand(goods_id, building_id, max_demand, current_input, level) VALUES (23, 117446002, 59.99999999999999, 2, 4.674367669866605);
INSERT INTO demand(goods_id, building_id, max_demand, current_input, level) VALUES (24, 117446002, 119.99999999999999, 2, 33.263468109328954);
INSERT INTO supply(goods_id, building_id, max_supply, current_output, level) VALUES (30, 117446002, 180.0, 2, 31.959152586796627);
INSERT INTO building(id, name, level) VALUES (16782717, "building_tooling_workshopslevel", 2);
INSERT INTO demand(goods_id, building_id, max_demand, current_input, level) VALUES (10, 16782717, 59.99999999999999, 2, 16.01915371567989);
INSERT INTO demand(goods_id, building_id, max_demand, current_input, level) VALUES (30, 16782717, 39.99999999999999, 2, 6.48464569963671);
INSERT INTO supply(goods_id, building_id, max_supply, current_output, level) VALUES (33, 16782717, 159.99999999999997, 2, 34.328163020179936);
INSERT INTO building(id, name, level) VALUES (16782722, "building_paper_millslevel", 1);
INSERT INTO demand(goods_id, building_id, max_demand, current_input, level) VALUES (10, 16782722, 29.999999999999996, 1, 8.009576857839946);
INSERT INTO demand(goods_id, building_id, max_demand, current_input, level) VALUES (22, 16782722, 10.0, 1, 1.9310388090226174);
INSERT INTO supply(goods_id, building_id, max_supply, current_output, level) VALUES (14, 16782722, 70.0, 1, 16.103142165725764);
INSERT INTO building(id, name, level) VALUES (184554883, "building_arms_industrylevel", 1);
INSERT INTO demand(goods_id, building_id, max_demand, current_input, level) VALUES (24, 184554883, 9.918399999999998, 1, 2.749336517463069);
INSERT INTO demand(goods_id, building_id, max_demand, current_input, level) VALUES (26, 184554883, 9.918399999999998, 1, 0.9551489483580777);
INSERT INTO demand(goods_id, building_id, max_demand, current_input, level) VALUES (30, 184554883, 14.877599999999997, 1, 2.411899121522878);
INSERT INTO supply(goods_id, building_id, max_supply, current_output, level) VALUES (1, 184554883, 9.883681818181817, 1, 1.7646075747223402);
INSERT INTO supply(goods_id, building_id, max_supply, current_output, level) VALUES (2, 184554883, 24.709209090909088, 1, 4.411519748339819);
INSERT INTO building(id, name, level) VALUES (117446025, "building_paper_millslevel", 2);
INSERT INTO demand(goods_id, building_id, max_demand, current_input, level) VALUES (10, 117446025, 59.99999999999999, 2, 16.01915371567989);
INSERT INTO demand(goods_id, building_id, max_demand, current_input, level) VALUES (22, 117446025, 19.999999999999996, 2, 3.8620776180452348);
INSERT INTO demand(goods_id, building_id, max_demand, current_input, level) VALUES (23, 117446025, 9.999999999999998, 2, 0.7790612783111008);
INSERT INTO demand(goods_id, building_id, max_demand, current_input, level) VALUES (33, 117446025, 9.999999999999998, 2, 3.3190303645073294);
INSERT INTO supply(goods_id, building_id, max_supply, current_output, level) VALUES (14, 117446025, 140.0, 2, 30.446462915590278);
INSERT INTO building(id, name, level) VALUES (50337197, "building_iron_minelevel", 4);
INSERT INTO demand(goods_id, building_id, max_demand, current_input, level) VALUES (23, 50337197, 45.117, 4, 3.5148907693561937);
INSERT INTO demand(goods_id, building_id, max_demand, current_input, level) VALUES (33, 50337197, 45.117, 4, 14.974469295547719);
INSERT INTO supply(goods_id, building_id, max_supply, current_output, level) VALUES (24, 50337197, 180.468, 4, 36.978720129807826);
INSERT INTO building(id, name, level) VALUES (16782783, "building_furniture_manufacturieslevel", 4);
INSERT INTO demand(goods_id, building_id, max_demand, current_input, level) VALUES (9, 16782783, 34.0603982300885, 4, 16.51900911722089);
INSERT INTO demand(goods_id, building_id, max_demand, current_input, level) VALUES (10, 16782783, 34.0603982300885, 4, 9.093645914417651);
INSERT INTO demand(goods_id, building_id, max_demand, current_input, level) VALUES (26, 16782783, 68.120796460177, 4, 6.560080970746566);
INSERT INTO demand(goods_id, building_id, max_demand, current_input, level) VALUES (33, 16782783, 51.09059292035399, 4, 16.95712292433381);
INSERT INTO supply(goods_id, building_id, max_supply, current_output, level) VALUES (13, 16782783, 152.73534513274336, 4, 45.06384960039851);
INSERT INTO supply(goods_id, building_id, max_supply, current_output, level) VALUES (49, 16782783, 135.7647522123894, 4, 40.05675549046764);
INSERT INTO building(id, name, level) VALUES (16782786, "building_chemical_plantslevel", 1);
INSERT INTO demand(goods_id, building_id, max_demand, current_input, level) VALUES (22, 16782786, 44.99999999999999, 1, 8.689674640601778);
INSERT INTO demand(goods_id, building_id, max_demand, current_input, level) VALUES (23, 16782786, 14.999999999999998, 1, 1.1685919174666513);
INSERT INTO demand(goods_id, building_id, max_demand, current_input, level) VALUES (24, 16782786, 10.0, 1, 2.7719556757774133);
INSERT INTO supply(goods_id, building_id, max_supply, current_output, level) VALUES (32, 16782786, 75.0, 1, 13.70513940777783);
INSERT INTO supply(goods_id, building_id, max_supply, current_output, level) VALUES (34, 16782786, 40.0, 1, 7.309407684148176);
INSERT INTO building(id, name, level) VALUES (33560006, "building_iron_minelevel", 5);
INSERT INTO demand(goods_id, building_id, max_demand, current_input, level) VALUES (23, 33560006, 75.0, 5, 5.842959587333257);
INSERT INTO demand(goods_id, building_id, max_demand, current_input, level) VALUES (33, 33560006, 75.0, 5, 24.89272773380497);
INSERT INTO supply(goods_id, building_id, max_supply, current_output, level) VALUES (24, 33560006, 300.0, 5, 61.47137464227645);
INSERT INTO building(id, name, level) VALUES (16782813, "building_railwaylevel", 1);
INSERT INTO demand(goods_id, building_id, max_demand, current_input, level) VALUES (10, 16782813, 5.0, 1, 1.3349294763066577);
INSERT INTO demand(goods_id, building_id, max_demand, current_input, level) VALUES (23, 16782813, 10.0, 1, 0.779061278311101);
INSERT INTO demand(goods_id, building_id, max_demand, current_input, level) VALUES (29, 16782813, 10.0, 1, 1.465322659497979);
INSERT INTO supply(goods_id, building_id, max_supply, current_output, level) VALUES (16, 16782813, 65.0, 1, 10.647526262581856);
INSERT INTO building(id, name, level) VALUES (33560062, "building_steel_millslevel", 2);
INSERT INTO demand(goods_id, building_id, max_demand, current_input, level) VALUES (23, 33560062, 59.99999999999999, 2, 4.674367669866605);
INSERT INTO demand(goods_id, building_id, max_demand, current_input, level) VALUES (24, 33560062, 119.99999999999999, 2, 33.263468109328954);
INSERT INTO supply(goods_id, building_id, max_supply, current_output, level) VALUES (30, 33560062, 180.0, 2, 31.959152586796627);
INSERT INTO building(id, name, level) VALUES (5635, "building_urban_centerlevel", 2);
INSERT INTO demand(goods_id, building_id, max_demand, current_input, level) VALUES (10, 5635, 10.0, 2, 2.6698589526133154);
INSERT INTO demand(goods_id, building_id, max_demand, current_input, level) VALUES (23, 5635, 20.0, 2, 1.558122556622202);
INSERT INTO demand(goods_id, building_id, max_demand, current_input, level) VALUES (31, 5635, 10.0, 2, 1.4713212688242754);
INSERT INTO supply(goods_id, building_id, max_supply, current_output, level) VALUES (15, 5635, 140.0, 2, 22.961126998827226);
INSERT INTO building(id, name, level) VALUES (16782874, "building_motor_industrylevel", 1);
INSERT INTO demand(goods_id, building_id, max_demand, current_input, level) VALUES (23, 16782874, 0.4861, 1, 0.037870168738702616);
INSERT INTO demand(goods_id, building_id, max_demand, current_input, level) VALUES (30, 16782874, 2.9166, 1, 0.4728279411890108);
INSERT INTO demand(goods_id, building_id, max_demand, current_input, level) VALUES (33, 16782874, 0.4861, 1, 0.1613380660187013);
INSERT INTO supply(goods_id, building_id, max_supply, current_output, level) VALUES (29, 16782874, 3.8888, 1, 0.7413677109926375);
INSERT INTO building(id, name, level) VALUES (33560093, "building_paper_millslevel", 1);
INSERT INTO demand(goods_id, building_id, max_demand, current_input, level) VALUES (10, 33560093, 29.999999999999996, 1, 8.009576857839946);
INSERT INTO demand(goods_id, building_id, max_demand, current_input, level) VALUES (22, 33560093, 10.0, 1, 1.9310388090226174);
INSERT INTO supply(goods_id, building_id, max_supply, current_output, level) VALUES (14, 33560093, 70.0, 1, 16.103142165725764);
INSERT INTO building(id, name, level) VALUES (16782882, "building_furniture_manufacturieslevel", 5);
INSERT INTO demand(goods_id, building_id, max_demand, current_input, level) VALUES (9, 16782882, 50.00000000000001, 5, 24.249583057763868);
INSERT INTO demand(goods_id, building_id, max_demand, current_input, level) VALUES (10, 16782882, 50.00000000000001, 5, 13.34929476306658);
INSERT INTO demand(goods_id, building_id, max_demand, current_input, level) VALUES (26, 16782882, 100.00000000000001, 5, 9.630070861813175);
INSERT INTO demand(goods_id, building_id, max_demand, current_input, level) VALUES (33, 16782882, 75.0, 5, 24.89272773380497);
INSERT INTO supply(goods_id, building_id, max_supply, current_output, level) VALUES (13, 16782882, 224.2125, 5, 66.15285001482793);
INSERT INTO supply(goods_id, building_id, max_supply, current_output, level) VALUES (49, 16782882, 199.3, 5, 58.80253334651373);
INSERT INTO building(id, name, level) VALUES (33560101, "building_paper_millslevel", 2);
INSERT INTO demand(goods_id, building_id, max_demand, current_input, level) VALUES (10, 33560101, 59.99999999999999, 2, 16.01915371567989);
INSERT INTO demand(goods_id, building_id, max_demand, current_input, level) VALUES (22, 33560101, 19.999999999999996, 2, 3.8620776180452348);
INSERT INTO supply(goods_id, building_id, max_supply, current_output, level) VALUES (14, 33560101, 140.0, 2, 32.206284331451535);
INSERT INTO building(id, name, level) VALUES (16782905, "building_tooling_workshopslevel", 6);
INSERT INTO demand(goods_id, building_id, max_demand, current_input, level) VALUES (10, 16782905, 180.0, 6, 48.05746114703968);
INSERT INTO demand(goods_id, building_id, max_demand, current_input, level) VALUES (30, 16782905, 120.00000000000001, 6, 19.45393709891014);
INSERT INTO supply(goods_id, building_id, max_supply, current_output, level) VALUES (33, 16782905, 480.00000000000006, 6, 102.98448906053984);
INSERT INTO building(id, name, level) VALUES (16782915, "building_furniture_manufacturieslevel", 1);
INSERT INTO demand(goods_id, building_id, max_demand, current_input, level) VALUES (9, 16782915, 8.498199999999999, 1, 4.121556134829778);
INSERT INTO demand(goods_id, building_id, max_demand, current_input, level) VALUES (10, 16782915, 8.498199999999999, 1, 2.2688995351098473);
INSERT INTO demand(goods_id, building_id, max_demand, current_input, level) VALUES (26, 16782915, 16.996399999999998, 1, 1.6367653639572142);
INSERT INTO demand(goods_id, building_id, max_demand, current_input, level) VALUES (33, 16782915, 12.7473, 1, 4.2308675765484285);
INSERT INTO supply(goods_id, building_id, max_supply, current_output, level) VALUES (13, 16782915, 38.10804545454545, 1, 11.243600670403259);
INSERT INTO supply(goods_id, building_id, max_supply, current_output, level) VALUES (49, 16782915, 33.87381818181818, 1, 9.994311707025119);
INSERT INTO building(id, name, level) VALUES (16782919, "building_paper_millslevel", 1);
INSERT INTO demand(goods_id, building_id, max_demand, current_input, level) VALUES (10, 16782919, 29.999999999999996, 1, 8.009576857839946);
INSERT INTO demand(goods_id, building_id, max_demand, current_input, level) VALUES (22, 16782919, 10.0, 1, 1.9310388090226174);
INSERT INTO supply(goods_id, building_id, max_supply, current_output, level) VALUES (14, 16782919, 70.0, 1, 16.103142165725764);
INSERT INTO building(id, name, level) VALUES (5723, "building_urban_centerlevel", 3);
INSERT INTO demand(goods_id, building_id, max_demand, current_input, level) VALUES (10, 5723, 9.996294117647059, 3, 2.6688695342955824);
INSERT INTO demand(goods_id, building_id, max_demand, current_input, level) VALUES (23, 5723, 19.992598039215686, 3, 1.5575458985191384);
INSERT INTO demand(goods_id, building_id, max_demand, current_input, level) VALUES (31, 5723, 9.996294117647059, 3, 1.4707760144717112);
INSERT INTO supply(goods_id, building_id, max_supply, current_output, level) VALUES (15, 5723, 139.94819607843138, 3, 22.95263073866884);
INSERT INTO building(id, name, level) VALUES (167777888, "building_motor_industrylevel", 1);
INSERT INTO demand(goods_id, building_id, max_demand, current_input, level) VALUES (30, 167777888, 29.999999999999996, 1, 4.863484274727534);
INSERT INTO supply(goods_id, building_id, max_supply, current_output, level) VALUES (29, 167777888, 40.0, 1, 6.484645699636712);
INSERT INTO building(id, name, level) VALUES (16782969, "building_furniture_manufacturieslevel", 3);
INSERT INTO demand(goods_id, building_id, max_demand, current_input, level) VALUES (9, 16782969, 30.0, 3, 14.549749834658321);
INSERT INTO demand(goods_id, building_id, max_demand, current_input, level) VALUES (10, 16782969, 30.0, 3, 8.009576857839948);
INSERT INTO demand(goods_id, building_id, max_demand, current_input, level) VALUES (23, 16782969, 15.0, 3, 1.1685919174666515);
INSERT INTO demand(goods_id, building_id, max_demand, current_input, level) VALUES (26, 16782969, 60.0, 3, 5.778042517087904);
INSERT INTO demand(goods_id, building_id, max_demand, current_input, level) VALUES (33, 16782969, 60.0, 3, 19.914182187043977);
INSERT INTO supply(goods_id, building_id, max_supply, current_output, level) VALUES (13, 16782969, 134.5275, 3, 33.849471329477346);
INSERT INTO supply(goods_id, building_id, max_supply, current_output, level) VALUES (49, 16782969, 119.57999999999998, 3, 30.088418959535417);
INSERT INTO building(id, name, level) VALUES (117446278, "building_textile_millslevel", 2);
INSERT INTO demand(goods_id, building_id, max_demand, current_input, level) VALUES (9, 117446278, 59.99999999999999, 2, 29.099499669316636);
INSERT INTO demand(goods_id, building_id, max_demand, current_input, level) VALUES (20, 117446278, 19.999999999999996, 2, 18.878047962867452);
INSERT INTO demand(goods_id, building_id, max_demand, current_input, level) VALUES (21, 117446278, 9.999999999999998, 2, 2.3031279009798857);
INSERT INTO supply(goods_id, building_id, max_supply, current_output, level) VALUES (12, 117446278, 79.99999999999999, 2, 44.24551598391036);
INSERT INTO supply(goods_id, building_id, max_supply, current_output, level) VALUES (48, 117446278, 39.99999999999999, 2, 22.12275799195518);
INSERT INTO building(id, name, level) VALUES (16782996, "building_tooling_workshopslevel", 2);
INSERT INTO demand(goods_id, building_id, max_demand, current_input, level) VALUES (10, 16782996, 59.99999999999999, 2, 16.01915371567989);
INSERT INTO demand(goods_id, building_id, max_demand, current_input, level) VALUES (30, 16782996, 39.99999999999999, 2, 6.48464569963671);
INSERT INTO supply(goods_id, building_id, max_supply, current_output, level) VALUES (33, 16782996, 159.99999999999997, 2, 34.328163020179936);
INSERT INTO building(id, name, level) VALUES (16782998, "building_furniture_manufacturieslevel", 3);
INSERT INTO demand(goods_id, building_id, max_demand, current_input, level) VALUES (9, 16782998, 30.0, 3, 14.549749834658321);
INSERT INTO demand(goods_id, building_id, max_demand, current_input, level) VALUES (10, 16782998, 30.0, 3, 8.009576857839948);
INSERT INTO demand(goods_id, building_id, max_demand, current_input, level) VALUES (26, 16782998, 60.0, 3, 5.778042517087904);
INSERT INTO demand(goods_id, building_id, max_demand, current_input, level) VALUES (33, 16782998, 44.99999999999999, 3, 14.935636640282983);
INSERT INTO supply(goods_id, building_id, max_supply, current_output, level) VALUES (13, 16782998, 134.5275, 3, 39.69171000889676);
INSERT INTO supply(goods_id, building_id, max_supply, current_output, level) VALUES (49, 16782998, 119.57999999999998, 3, 35.28152000790823);
INSERT INTO building(id, name, level) VALUES (83891865, "building_tooling_workshopslevel", 1);
INSERT INTO demand(goods_id, building_id, max_demand, current_input, level) VALUES (10, 83891865, 29.999999999999996, 1, 8.009576857839946);
INSERT INTO demand(goods_id, building_id, max_demand, current_input, level) VALUES (30, 83891865, 20.0, 1, 3.242322849818356);
INSERT INTO supply(goods_id, building_id, max_supply, current_output, level) VALUES (33, 83891865, 43.2, 1, 9.268604015448586);
INSERT INTO building(id, name, level) VALUES (16783023, "building_food_industrylevel", 1);
INSERT INTO demand(goods_id, building_id, max_demand, current_input, level) VALUES (7, 16783023, 18.9564, 1, 19.9069032438957);
INSERT INTO demand(goods_id, building_id, max_demand, current_input, level) VALUES (42, 16783023, 7.108645454545454, 1, 1.8860820751826126);
INSERT INTO supply(goods_id, building_id, max_supply, current_output, level) VALUES (11, 16783023, 16.63423636363636, 1, 10.523835005748701);
INSERT INTO building(id, name, level) VALUES (16783029, "building_steel_millslevel", 1);
INSERT INTO demand(goods_id, building_id, max_demand, current_input, level) VALUES (23, 16783029, 29.999999999999996, 1, 2.3371838349333025);
INSERT INTO demand(goods_id, building_id, max_demand, current_input, level) VALUES (24, 16783029, 59.99999999999999, 1, 16.631734054664477);
INSERT INTO supply(goods_id, building_id, max_supply, current_output, level) VALUES (30, 16783029, 89.99999999999999, 1, 15.97957629339831);
INSERT INTO building(id, name, level) VALUES (16783051, "building_chemical_plantslevel", 1);
INSERT INTO demand(goods_id, building_id, max_demand, current_input, level) VALUES (22, 16783051, 44.99999999999999, 1, 8.689674640601778);
INSERT INTO demand(goods_id, building_id, max_demand, current_input, level) VALUES (23, 16783051, 14.999999999999998, 1, 1.1685919174666513);
INSERT INTO demand(goods_id, building_id, max_demand, current_input, level) VALUES (24, 16783051, 10.0, 1, 2.7719556757774133);
INSERT INTO supply(goods_id, building_id, max_supply, current_output, level) VALUES (32, 16783051, 75.0, 1, 13.70513940777783);
INSERT INTO supply(goods_id, building_id, max_supply, current_output, level) VALUES (34, 16783051, 40.0, 1, 7.309407684148176);
INSERT INTO building(id, name, level) VALUES (67114726, "building_tooling_workshopslevel", 2);
INSERT INTO demand(goods_id, building_id, max_demand, current_input, level) VALUES (10, 67114726, 59.99999999999999, 2, 16.01915371567989);
INSERT INTO demand(goods_id, building_id, max_demand, current_input, level) VALUES (23, 67114726, 19.999999999999996, 2, 1.5581225566222017);
INSERT INTO demand(goods_id, building_id, max_demand, current_input, level) VALUES (30, 67114726, 39.99999999999999, 2, 6.48464569963671);
INSERT INTO supply(goods_id, building_id, max_supply, current_output, level) VALUES (33, 67114726, 159.99999999999997, 2, 27.04043549777916);
INSERT INTO building(id, name, level) VALUES (16783084, "building_textile_millslevel", 1);
INSERT INTO demand(goods_id, building_id, max_demand, current_input, level) VALUES (9, 16783084, 29.999999999999996, 1, 14.549749834658318);
INSERT INTO demand(goods_id, building_id, max_demand, current_input, level) VALUES (20, 16783084, 10.0, 1, 9.439023981433728);
INSERT INTO demand(goods_id, building_id, max_demand, current_input, level) VALUES (21, 16783084, 5.0, 1, 1.151563950489943);
INSERT INTO supply(goods_id, building_id, max_supply, current_output, level) VALUES (12, 16783084, 40.0, 1, 22.122757991955183);
INSERT INTO supply(goods_id, building_id, max_supply, current_output, level) VALUES (48, 16783084, 20.0, 1, 11.061378995977591);
INSERT INTO building(id, name, level) VALUES (369104645, "building_conscription_centerlevel", 1);
INSERT INTO building(id, name, level) VALUES (16783110, "building_food_industrylevel", 1);
INSERT INTO demand(goods_id, building_id, max_demand, current_input, level) VALUES (7, 16783110, 40.0, 1, 42.00566192715011);
INSERT INTO demand(goods_id, building_id, max_demand, current_input, level) VALUES (42, 16783110, 40.0, 1, 10.61289151213247);
INSERT INTO supply(goods_id, building_id, max_supply, current_output, level) VALUES (11, 16783110, 35.0, 1, 22.143140036557956);
INSERT INTO supply(goods_id, building_id, max_supply, current_output, level) VALUES (38, 16783110, 59.99999999999999, 1, 37.959668634099344);
INSERT INTO building(id, name, level) VALUES (33560343, "building_furniture_manufacturieslevel", 2);
INSERT INTO demand(goods_id, building_id, max_demand, current_input, level) VALUES (9, 33560343, 17.03379279279279, 2, 8.261247462351367);
INSERT INTO demand(goods_id, building_id, max_demand, current_input, level) VALUES (10, 33560343, 17.03379279279279, 2, 4.5477824184798);
INSERT INTO demand(goods_id, building_id, max_demand, current_input, level) VALUES (26, 33560343, 34.06759459459459, 2, 3.2807335003746934);
INSERT INTO demand(goods_id, building_id, max_demand, current_input, level) VALUES (33, 33560343, 25.55069369369369, 2, 8.480352820359531);
INSERT INTO supply(goods_id, building_id, max_supply, current_output, level) VALUES (13, 33560343, 76.3838108108108, 2, 22.53668631378072);
INSERT INTO supply(goods_id, building_id, max_supply, current_output, level) VALUES (49, 33560343, 67.89672072072071, 2, 20.032610056693972);
INSERT INTO building(id, name, level) VALUES (5917, "building_steel_millslevel", 2);
INSERT INTO demand(goods_id, building_id, max_demand, current_input, level) VALUES (23, 5917, 59.99999999999999, 2, 4.674367669866605);
INSERT INTO demand(goods_id, building_id, max_demand, current_input, level) VALUES (24, 5917, 119.99999999999999, 2, 33.263468109328954);
INSERT INTO supply(goods_id, building_id, max_supply, current_output, level) VALUES (30, 5917, 180.0, 2, 31.959152586796627);
INSERT INTO building(id, name, level) VALUES (83892036, "building_steel_millslevel", 1);
INSERT INTO demand(goods_id, building_id, max_demand, current_input, level) VALUES (23, 83892036, 29.999999999999996, 1, 2.3371838349333025);
INSERT INTO demand(goods_id, building_id, max_demand, current_input, level) VALUES (24, 83892036, 59.99999999999999, 1, 16.631734054664477);
INSERT INTO supply(goods_id, building_id, max_supply, current_output, level) VALUES (30, 83892036, 89.99999999999999, 1, 15.97957629339831);
INSERT INTO building(id, name, level) VALUES (5974, "building_food_industrylevel", 2);
INSERT INTO demand(goods_id, building_id, max_demand, current_input, level) VALUES (7, 5974, 39.99999999999999, 2, 42.00566192715009);
INSERT INTO demand(goods_id, building_id, max_demand, current_input, level) VALUES (8, 5974, 59.99999999999999, 2, 96.60767721615073);
INSERT INTO demand(goods_id, building_id, max_demand, current_input, level) VALUES (24, 5974, 19.999999999999996, 2, 5.543911351554826);
INSERT INTO demand(goods_id, building_id, max_demand, current_input, level) VALUES (42, 5974, 79.99999999999999, 2, 21.225783024264935);
INSERT INTO supply(goods_id, building_id, max_supply, current_output, level) VALUES (11, 5974, 130.0, 2, 82.63183029988421);
INSERT INTO supply(goods_id, building_id, max_supply, current_output, level) VALUES (38, 5974, 119.99999999999999, 2, 76.27553566143158);
INSERT INTO building(id, name, level) VALUES (50337638, "building_logging_camplevel", 1);
INSERT INTO demand(goods_id, building_id, max_demand, current_input, level) VALUES (33, 50337638, 5.0, 1, 1.659515182253665);
INSERT INTO supply(goods_id, building_id, max_supply, current_output, level) VALUES (10, 50337638, 40.0, 1, 13.27612145802932);
INSERT INTO supply(goods_id, building_id, max_supply, current_output, level) VALUES (26, 50337638, 10.0, 1, 3.31903036450733);
INSERT INTO building(id, name, level) VALUES (16783213, "building_steel_millslevel", 1);
INSERT INTO demand(goods_id, building_id, max_demand, current_input, level) VALUES (23, 16783213, 29.999999999999996, 1, 2.3371838349333025);
INSERT INTO demand(goods_id, building_id, max_demand, current_input, level) VALUES (24, 16783213, 59.99999999999999, 1, 16.631734054664477);
INSERT INTO supply(goods_id, building_id, max_supply, current_output, level) VALUES (30, 16783213, 89.99999999999999, 1, 15.97957629339831);
INSERT INTO building(id, name, level) VALUES (6022, "building_steel_millslevel", 1);
INSERT INTO demand(goods_id, building_id, max_demand, current_input, level) VALUES (23, 6022, 29.999999999999996, 1, 2.3371838349333025);
INSERT INTO demand(goods_id, building_id, max_demand, current_input, level) VALUES (24, 6022, 59.99999999999999, 1, 16.631734054664477);
INSERT INTO supply(goods_id, building_id, max_supply, current_output, level) VALUES (30, 6022, 89.99999999999999, 1, 15.97957629339831);
INSERT INTO building(id, name, level) VALUES (16783248, "building_glassworkslevel", 1);
INSERT INTO demand(goods_id, building_id, max_demand, current_input, level) VALUES (25, 16783248, 35.0, 1, 4.991228767398274);
INSERT INTO supply(goods_id, building_id, max_supply, current_output, level) VALUES (31, 16783248, 70.0, 1, 9.982457534796549);
INSERT INTO building(id, name, level) VALUES (6035, "building_arms_industrylevel", 3);
INSERT INTO demand(goods_id, building_id, max_demand, current_input, level) VALUES (26, 6035, 28.136696428571426, 3, 2.709583804244685);
INSERT INTO demand(goods_id, building_id, max_demand, current_input, level) VALUES (30, 6035, 70.34174999999999, 3, 11.403533166060514);
INSERT INTO demand(goods_id, building_id, max_demand, current_input, level) VALUES (33, 6035, 14.068348214285713, 3, 4.669327490167675);
INSERT INTO supply(goods_id, building_id, max_supply, current_output, level) VALUES (1, 6035, 56.0764375, 3, 11.03434542658439);
INSERT INTO supply(goods_id, building_id, max_supply, current_output, level) VALUES (2, 6035, 70.09555357142857, 3, 13.792933100908808);
INSERT INTO building(id, name, level) VALUES (16783268, "building_motor_industrylevel", 1);
INSERT INTO demand(goods_id, building_id, max_demand, current_input, level) VALUES (30, 16783268, 29.999999999999996, 1, 4.863484274727534);
INSERT INTO supply(goods_id, building_id, max_supply, current_output, level) VALUES (29, 16783268, 40.0, 1, 6.484645699636712);
INSERT INTO building(id, name, level) VALUES (33560496, "building_conscription_centerlevel", 2);
INSERT INTO demand(goods_id, building_id, max_demand, current_input, level) VALUES (0, 33560496, 2.0, 2, 0.26524249883645723);
INSERT INTO demand(goods_id, building_id, max_demand, current_input, level) VALUES (1, 33560496, 2.0, 2, 0.15349688333567865);
INSERT INTO demand(goods_id, building_id, max_demand, current_input, level) VALUES (2, 33560496, 2.0, 2, 0.25260352382631335);
INSERT INTO building(id, name, level) VALUES (16783287, "building_furniture_manufacturieslevel", 3);
INSERT INTO demand(goods_id, building_id, max_demand, current_input, level) VALUES (9, 16783287, 30.0, 3, 14.549749834658321);
INSERT INTO demand(goods_id, building_id, max_demand, current_input, level) VALUES (10, 16783287, 30.0, 3, 8.009576857839948);
INSERT INTO demand(goods_id, building_id, max_demand, current_input, level) VALUES (23, 16783287, 15.0, 3, 1.1685919174666515);
INSERT INTO demand(goods_id, building_id, max_demand, current_input, level) VALUES (26, 16783287, 60.0, 3, 5.778042517087904);
INSERT INTO demand(goods_id, building_id, max_demand, current_input, level) VALUES (33, 16783287, 60.0, 3, 19.914182187043977);
INSERT INTO supply(goods_id, building_id, max_supply, current_output, level) VALUES (13, 16783287, 134.5275, 3, 33.849471329477346);
INSERT INTO supply(goods_id, building_id, max_supply, current_output, level) VALUES (49, 16783287, 119.57999999999998, 3, 30.088418959535417);
INSERT INTO building(id, name, level) VALUES (83892159, "building_logging_camplevel", 1);
INSERT INTO demand(goods_id, building_id, max_demand, current_input, level) VALUES (33, 83892159, 5.0, 1, 1.659515182253665);
INSERT INTO supply(goods_id, building_id, max_supply, current_output, level) VALUES (10, 83892159, 40.0, 1, 13.27612145802932);
INSERT INTO supply(goods_id, building_id, max_supply, current_output, level) VALUES (26, 83892159, 12.499999999999998, 1, 4.148787955634162);
INSERT INTO building(id, name, level) VALUES (33560524, "building_chemical_plantslevel", 1);
INSERT INTO demand(goods_id, building_id, max_demand, current_input, level) VALUES (22, 33560524, 44.99999999999999, 1, 8.689674640601778);
INSERT INTO demand(goods_id, building_id, max_demand, current_input, level) VALUES (23, 33560524, 14.999999999999998, 1, 1.1685919174666513);
INSERT INTO demand(goods_id, building_id, max_demand, current_input, level) VALUES (24, 33560524, 10.0, 1, 2.7719556757774133);
INSERT INTO supply(goods_id, building_id, max_supply, current_output, level) VALUES (32, 33560524, 75.0, 1, 13.70513940777783);
INSERT INTO supply(goods_id, building_id, max_supply, current_output, level) VALUES (34, 33560524, 40.0, 1, 7.309407684148176);
INSERT INTO building(id, name, level) VALUES (6105, "building_tooling_workshopslevel", 1);
INSERT INTO demand(goods_id, building_id, max_demand, current_input, level) VALUES (10, 6105, 29.999999999999996, 1, 8.009576857839946);
INSERT INTO supply(goods_id, building_id, max_supply, current_output, level) VALUES (33, 6105, 26.249999999999996, 1, 7.008379750609952);
INSERT INTO building(id, name, level) VALUES (33560562, "building_railwaylevel", 2);
INSERT INTO demand(goods_id, building_id, max_demand, current_input, level) VALUES (23, 33560562, 20.0, 2, 1.558122556622202);
INSERT INTO demand(goods_id, building_id, max_demand, current_input, level) VALUES (29, 33560562, 20.0, 2, 2.930645318995958);
INSERT INTO supply(goods_id, building_id, max_supply, current_output, level) VALUES (16, 33560562, 100.0, 2, 11.2219196890454);
INSERT INTO building(id, name, level) VALUES (16783355, "building_food_industrylevel", 1);
INSERT INTO demand(goods_id, building_id, max_demand, current_input, level) VALUES (7, 16783355, 40.0, 1, 42.00566192715011);
INSERT INTO demand(goods_id, building_id, max_demand, current_input, level) VALUES (42, 16783355, 40.0, 1, 10.61289151213247);
INSERT INTO supply(goods_id, building_id, max_supply, current_output, level) VALUES (11, 16783355, 35.0, 1, 22.143140036557956);
INSERT INTO supply(goods_id, building_id, max_supply, current_output, level) VALUES (38, 16783355, 59.99999999999999, 1, 37.959668634099344);
INSERT INTO building(id, name, level) VALUES (33560585, "building_logging_camplevel", 3);
INSERT INTO demand(goods_id, building_id, max_demand, current_input, level) VALUES (33, 33560585, 15.0, 3, 4.978545546760994);
INSERT INTO supply(goods_id, building_id, max_supply, current_output, level) VALUES (10, 33560585, 120.0, 3, 39.828364374087954);
INSERT INTO supply(goods_id, building_id, max_supply, current_output, level) VALUES (26, 33560585, 30.0, 3, 9.957091093521989);
INSERT INTO building(id, name, level) VALUES (6157, "building_urban_centerlevel", 1);
INSERT INTO demand(goods_id, building_id, max_demand, current_input, level) VALUES (10, 6157, 5.0, 1, 1.3349294763066577);
INSERT INTO demand(goods_id, building_id, max_demand, current_input, level) VALUES (23, 6157, 10.0, 1, 0.779061278311101);
INSERT INTO demand(goods_id, building_id, max_demand, current_input, level) VALUES (31, 6157, 5.0, 1, 0.7356606344121377);
INSERT INTO supply(goods_id, building_id, max_supply, current_output, level) VALUES (15, 6157, 70.0, 1, 11.480563499413613);
INSERT INTO building(id, name, level) VALUES (6185, "building_tooling_workshopslevel", 2);
INSERT INTO demand(goods_id, building_id, max_demand, current_input, level) VALUES (10, 6185, 59.99999999999999, 2, 16.01915371567989);
INSERT INTO demand(goods_id, building_id, max_demand, current_input, level) VALUES (30, 6185, 39.99999999999999, 2, 6.48464569963671);
INSERT INTO supply(goods_id, building_id, max_supply, current_output, level) VALUES (33, 6185, 159.99999999999997, 2, 34.328163020179936);
INSERT INTO building(id, name, level) VALUES (50337842, "building_logging_camplevel", 3);
INSERT INTO demand(goods_id, building_id, max_demand, current_input, level) VALUES (33, 50337842, 15.0, 3, 4.978545546760994);
INSERT INTO supply(goods_id, building_id, max_supply, current_output, level) VALUES (10, 50337842, 120.0, 3, 39.828364374087954);
INSERT INTO supply(goods_id, building_id, max_supply, current_output, level) VALUES (26, 50337842, 30.0, 3, 9.957091093521989);
INSERT INTO building(id, name, level) VALUES (100669508, "building_textile_millslevel", 1);
INSERT INTO demand(goods_id, building_id, max_demand, current_input, level) VALUES (9, 100669508, 29.999999999999996, 1, 14.549749834658318);
INSERT INTO demand(goods_id, building_id, max_demand, current_input, level) VALUES (20, 100669508, 10.0, 1, 9.439023981433728);
INSERT INTO demand(goods_id, building_id, max_demand, current_input, level) VALUES (21, 100669508, 5.0, 1, 1.151563950489943);
INSERT INTO supply(goods_id, building_id, max_supply, current_output, level) VALUES (12, 100669508, 40.0, 1, 22.122757991955183);
INSERT INTO supply(goods_id, building_id, max_supply, current_output, level) VALUES (48, 100669508, 20.0, 1, 11.061378995977591);
INSERT INTO building(id, name, level) VALUES (33560645, "building_railwaylevel", 1);
INSERT INTO demand(goods_id, building_id, max_demand, current_input, level) VALUES (23, 33560645, 10.0, 1, 0.779061278311101);
INSERT INTO demand(goods_id, building_id, max_demand, current_input, level) VALUES (29, 33560645, 10.0, 1, 1.465322659497979);
INSERT INTO supply(goods_id, building_id, max_supply, current_output, level) VALUES (16, 33560645, 50.0, 1, 5.6109598445227);
INSERT INTO building(id, name, level) VALUES (16783468, "building_tooling_workshopslevel", 3);
INSERT INTO demand(goods_id, building_id, max_demand, current_input, level) VALUES (10, 16783468, 89.99999999999999, 3, 24.028730573519837);
INSERT INTO demand(goods_id, building_id, max_demand, current_input, level) VALUES (30, 16783468, 60.0, 3, 9.726968549455068);
INSERT INTO supply(goods_id, building_id, max_supply, current_output, level) VALUES (33, 16783468, 240.0, 3, 51.492244530269915);
INSERT INTO building(id, name, level) VALUES (33560712, "building_food_industrylevel", 1);
INSERT INTO demand(goods_id, building_id, max_demand, current_input, level) VALUES (7, 33560712, 36.16, 1, 37.97311838214369);
INSERT INTO demand(goods_id, building_id, max_demand, current_input, level) VALUES (31, 33560712, 9.04, 1, 1.330074427017145);
INSERT INTO demand(goods_id, building_id, max_demand, current_input, level) VALUES (42, 33560712, 36.16, 1, 9.594053926967751);
INSERT INTO supply(goods_id, building_id, max_supply, current_output, level) VALUES (11, 33560712, 22.599999999999998, 1, 10.6404899239659);
INSERT INTO supply(goods_id, building_id, max_supply, current_output, level) VALUES (38, 33560712, 90.39999999999999, 1, 42.5619596958636);
INSERT INTO building(id, name, level) VALUES (33560713, "building_portlevel", 1);
INSERT INTO building(id, name, level) VALUES (6282, "building_iron_minelevel", 1);
INSERT INTO demand(goods_id, building_id, max_demand, current_input, level) VALUES (23, 6282, 12.8478, 1, 1.0009223491485362);
INSERT INTO demand(goods_id, building_id, max_demand, current_input, level) VALUES (33, 6282, 12.8478, 1, 4.264223831711727);
INSERT INTO demand(goods_id, building_id, max_demand, current_input, level) VALUES (34, 6282, 4.2826, 1, 1.443721697694901);
INSERT INTO supply(goods_id, building_id, max_supply, current_output, level) VALUES (24, 6282, 61.66944, 1, 15.354098038311946);
INSERT INTO building(id, name, level) VALUES (16783503, "building_naval_baselevel", 1);
INSERT INTO demand(goods_id, building_id, max_demand, current_input, level) VALUES (5, 16783503, 0.482, 1, 0.08732888579687129);
INSERT INTO building(id, name, level) VALUES (50337936, "building_tooling_workshopslevel", 1);
INSERT INTO demand(goods_id, building_id, max_demand, current_input, level) VALUES (10, 50337936, 29.999999999999996, 1, 8.009576857839946);
INSERT INTO demand(goods_id, building_id, max_demand, current_input, level) VALUES (30, 50337936, 20.0, 1, 3.242322849818356);
INSERT INTO supply(goods_id, building_id, max_supply, current_output, level) VALUES (33, 50337936, 80.0, 1, 17.16408151008997);
INSERT INTO building(id, name, level) VALUES (33560737, "building_tooling_workshopslevel", 1);
INSERT INTO demand(goods_id, building_id, max_demand, current_input, level) VALUES (10, 33560737, 29.999999999999996, 1, 8.009576857839946);
INSERT INTO demand(goods_id, building_id, max_demand, current_input, level) VALUES (30, 33560737, 20.0, 1, 3.242322849818356);
INSERT INTO supply(goods_id, building_id, max_supply, current_output, level) VALUES (33, 33560737, 80.0, 1, 17.16408151008997);
INSERT INTO building(id, name, level) VALUES (6315, "building_conscription_centerlevel", 2);
INSERT INTO demand(goods_id, building_id, max_demand, current_input, level) VALUES (0, 6315, 2.0, 2, 0.26524249883645723);
INSERT INTO demand(goods_id, building_id, max_demand, current_input, level) VALUES (1, 6315, 2.0, 2, 0.15349688333567865);
INSERT INTO demand(goods_id, building_id, max_demand, current_input, level) VALUES (2, 6315, 2.0, 2, 0.25260352382631335);
INSERT INTO building(id, name, level) VALUES (134224056, "building_logging_camplevel", 1);
INSERT INTO demand(goods_id, building_id, max_demand, current_input, level) VALUES (33, 134224056, 5.0, 1, 1.659515182253665);
INSERT INTO supply(goods_id, building_id, max_supply, current_output, level) VALUES (10, 134224056, 40.0, 1, 13.27612145802932);
INSERT INTO supply(goods_id, building_id, max_supply, current_output, level) VALUES (26, 134224056, 10.0, 1, 3.31903036450733);
INSERT INTO building(id, name, level) VALUES (16783570, "building_munition_plantslevel", 1);
INSERT INTO demand(goods_id, building_id, max_demand, current_input, level) VALUES (25, 16783570, 14.0, 1, 1.9964915069593097);
INSERT INTO demand(goods_id, building_id, max_demand, current_input, level) VALUES (34, 16783570, 14.0, 1, 4.719587112438381);
INSERT INTO supply(goods_id, building_id, max_supply, current_output, level) VALUES (0, 16783570, 35.0, 1, 8.395098274247113);
INSERT INTO building(id, name, level) VALUES (33560830, "building_logging_camplevel", 1);
INSERT INTO demand(goods_id, building_id, max_demand, current_input, level) VALUES (33, 33560830, 3.5042999999999997, 1, 1.1630878106343034);
INSERT INTO supply(goods_id, building_id, max_supply, current_output, level) VALUES (10, 33560830, 28.034399999999998, 1, 9.304702485074428);
INSERT INTO supply(goods_id, building_id, max_supply, current_output, level) VALUES (26, 33560830, 7.0085999999999995, 1, 2.326175621268607);
INSERT INTO building(id, name, level) VALUES (16783615, "building_conscription_centerlevel", 1);
INSERT INTO building(id, name, level) VALUES (16783616, "building_subsistence_pastureslevel", 2);
INSERT INTO supply(goods_id, building_id, max_supply, current_output, level) VALUES (7, 16783616, 0.07730000000000001, 2, 0.06957);
INSERT INTO supply(goods_id, building_id, max_supply, current_output, level) VALUES (9, 16783616, 0.11594444444444443, 2, 0.10435);
INSERT INTO supply(goods_id, building_id, max_supply, current_output, level) VALUES (10, 16783616, 0.03864444444444444, 2, 0.03478);
INSERT INTO supply(goods_id, building_id, max_supply, current_output, level) VALUES (12, 16783616, 0.07730000000000001, 2, 0.06957);
INSERT INTO supply(goods_id, building_id, max_supply, current_output, level) VALUES (13, 16783616, 0.07730000000000001, 2, 0.06957);
INSERT INTO supply(goods_id, building_id, max_supply, current_output, level) VALUES (15, 16783616, 0.07730000000000001, 2, 0.06957);
INSERT INTO supply(goods_id, building_id, max_supply, current_output, level) VALUES (36, 16783616, 0.2056111111111111, 2, 0.18505);
INSERT INTO supply(goods_id, building_id, max_supply, current_output, level) VALUES (38, 16783616, 0.10821111111111112, 2, 0.09739);
INSERT INTO building(id, name, level) VALUES (6414, "building_urban_centerlevel", 1);
INSERT INTO demand(goods_id, building_id, max_demand, current_input, level) VALUES (10, 6414, 1.36905, 1, 0.365517039907526);
INSERT INTO demand(goods_id, building_id, max_demand, current_input, level) VALUES (23, 6414, 2.7381, 1, 0.21331476861436258);
INSERT INTO supply(goods_id, building_id, max_supply, current_output, level) VALUES (15, 6414, 10.54168, 1, 1.817870670996565);
INSERT INTO building(id, name, level) VALUES (6443, "building_subsistence_fishing_villageslevel", 13);
INSERT INTO supply(goods_id, building_id, max_supply, current_output, level) VALUES (7, 6443, 0.009872727272727273, 13, 0.01086);
INSERT INTO supply(goods_id, building_id, max_supply, current_output, level) VALUES (8, 6443, 0.03951818181818181, 13, 0.04347);
INSERT INTO supply(goods_id, building_id, max_supply, current_output, level) VALUES (9, 6443, 0.004936363636363636, 13, 0.00543);
INSERT INTO supply(goods_id, building_id, max_supply, current_output, level) VALUES (10, 6443, 0.014818181818181815, 13, 0.0163);
INSERT INTO supply(goods_id, building_id, max_supply, current_output, level) VALUES (12, 6443, 0.009872727272727273, 13, 0.01086);
INSERT INTO supply(goods_id, building_id, max_supply, current_output, level) VALUES (13, 6443, 0.009872727272727273, 13, 0.01086);
INSERT INTO supply(goods_id, building_id, max_supply, current_output, level) VALUES (15, 6443, 0.009872727272727273, 13, 0.01086);
INSERT INTO supply(goods_id, building_id, max_supply, current_output, level) VALUES (38, 6443, 0.013827272727272726, 13, 0.01521);
INSERT INTO building(id, name, level) VALUES (6444, "building_subsistence_rice_paddieslevel", 44);
INSERT INTO supply(goods_id, building_id, max_supply, current_output, level) VALUES (7, 6444, 0.029699999999999997, 44, 0.03861);
INSERT INTO supply(goods_id, building_id, max_supply, current_output, level) VALUES (9, 6444, 0.004946153846153846, 44, 0.00643);
INSERT INTO supply(goods_id, building_id, max_supply, current_output, level) VALUES (10, 6444, 0.004946153846153846, 44, 0.00643);
INSERT INTO supply(goods_id, building_id, max_supply, current_output, level) VALUES (12, 6444, 0.006600000000000001, 44, 0.00858);
INSERT INTO supply(goods_id, building_id, max_supply, current_output, level) VALUES (13, 6444, 0.006600000000000001, 44, 0.00858);
INSERT INTO supply(goods_id, building_id, max_supply, current_output, level) VALUES (15, 6444, 0.006600000000000001, 44, 0.00858);
INSERT INTO supply(goods_id, building_id, max_supply, current_output, level) VALUES (38, 6444, 0.009899999999999999, 44, 0.01287);
