
  
CREATE TABLE goods(    goods_name    VARCHAR(30),    code    INT,    base_price FLOAT,    current_price FLOAT,    pop_demand FLOAT, PRIMARY KEY (code));

CREATE TABLE building(    id INT,    name VARCHAR(80),    level INT, PRIMARY KEY (id));

CREATE TABLE supply(    goods_id INT,    building_id INT,    max_supply FLOAT,    current_output FLOAT,    level INT, PRIMARY KEY (goods_id, building_id));

CREATE TABLE demand(    goods_id INT,    building_id INT,    max_demand FLOAT,    current_input FLOAT,    level INT,   PRIMARY KEY (goods_id, building_id));
    
INSERT INTO goods(goods_name,code,base_price, current_price, pop_demand) VALUES ("ammunition", 0, 50, 85.51885158228767, 0);
INSERT INTO goods(goods_name,code,base_price, current_price, pop_demand) VALUES ("small_arms", 1, 60, 102.74568425607899, 25.53715903366759);
INSERT INTO goods(goods_name,code,base_price, current_price, pop_demand) VALUES ("artillery", 2, 70, 121.0938845459035, 0);
INSERT INTO goods(goods_name,code,base_price, current_price, pop_demand) VALUES ("tanks", 3, 80, 80, 0);
INSERT INTO goods(goods_name,code,base_price, current_price, pop_demand) VALUES ("aeroplanes", 4, 80, 80, 0);
INSERT INTO goods(goods_name,code,base_price, current_price, pop_demand) VALUES ("manowars", 5, 70, 117.04545149774191, 0);
INSERT INTO goods(goods_name,code,base_price, current_price, pop_demand) VALUES ("ironclads", 6, 80, 80, 0);
INSERT INTO goods(goods_name,code,base_price, current_price, pop_demand) VALUES ("grain", 7, 20, 26.002747884476758, 4851.44140444324);
INSERT INTO goods(goods_name,code,base_price, current_price, pop_demand) VALUES ("fish", 8, 20, 31.692153116346926, 840.7841355299057);
INSERT INTO goods(goods_name,code,base_price, current_price, pop_demand) VALUES ("fabric", 9, 20, 28.597375944731365, 106.89292125457223);
INSERT INTO goods(goods_name,code,base_price, current_price, pop_demand) VALUES ("wood", 10, 20, 32.34305216168679, 598.551418899853);
INSERT INTO goods(goods_name,code,base_price, current_price, pop_demand) VALUES ("groceries", 11, 30, 41.7010467768231, 386.1045291302751);
INSERT INTO goods(goods_name,code,base_price, current_price, pop_demand) VALUES ("clothes", 12, 30, 32.87270386524631, 1494.8846824519164);
INSERT INTO goods(goods_name,code,base_price, current_price, pop_demand) VALUES ("furniture", 13, 30, 29.76979498162618, 1005.2677899875398);
INSERT INTO goods(goods_name,code,base_price, current_price, pop_demand) VALUES ("paper", 14, 30, 49.79755572400555, 155.2250007126205);
INSERT INTO goods(goods_name,code,base_price, current_price, pop_demand) VALUES ("services", 15, 30, 27.459491039315438, 883.9334229949857);
INSERT INTO goods(goods_name,code,base_price, current_price, pop_demand) VALUES ("transportation", 16, 30, 49.76013900641662, 478.49526666666634);
INSERT INTO goods(goods_name,code,base_price, current_price, pop_demand) VALUES ("electricity", 17, 30, 30, 0);
INSERT INTO goods(goods_name,code,base_price, current_price, pop_demand) VALUES ("clippers", 18, 60, 95.49781341061488, 15.60545558294657);
INSERT INTO goods(goods_name,code,base_price, current_price, pop_demand) VALUES ("steamers", 19, 70, 70, 0);
INSERT INTO goods(goods_name,code,base_price, current_price, pop_demand) VALUES ("silk", 20, 40, 34.49616808740057, 0);
INSERT INTO goods(goods_name,code,base_price, current_price, pop_demand) VALUES ("dye", 21, 40, 57.1071865714425, 0);
INSERT INTO goods(goods_name,code,base_price, current_price, pop_demand) VALUES ("sulfur", 22, 50, 85.87380673581413, 0);
INSERT INTO goods(goods_name,code,base_price, current_price, pop_demand) VALUES ("coal", 23, 30, 51.62088892522434, 431.4380250059374);
INSERT INTO goods(goods_name,code,base_price, current_price, pop_demand) VALUES ("iron", 24, 40, 69.62097144689443, 0);
INSERT INTO goods(goods_name,code,base_price, current_price, pop_demand) VALUES ("lead", 25, 40, 68.71719788342985, 0);
INSERT INTO goods(goods_name,code,base_price, current_price, pop_demand) VALUES ("hardwood", 26, 40, 68.78389594753101, 0);
INSERT INTO goods(goods_name,code,base_price, current_price, pop_demand) VALUES ("rubber", 27, 40, 40, 0);
INSERT INTO goods(goods_name,code,base_price, current_price, pop_demand) VALUES ("oil", 28, 40, 70.0, 17.019106168334382);
INSERT INTO goods(goods_name,code,base_price, current_price, pop_demand) VALUES ("engines", 29, 60, 104.8766250508922, 0);
INSERT INTO goods(goods_name,code,base_price, current_price, pop_demand) VALUES ("steel", 30, 50, 87.31071516094553, 0);
INSERT INTO goods(goods_name,code,base_price, current_price, pop_demand) VALUES ("glass", 31, 40, 62.42581732178539, 25.73138066080244);
INSERT INTO goods(goods_name,code,base_price, current_price, pop_demand) VALUES ("fertilizer", 32, 30, 50.446330727483556, 0);
INSERT INTO goods(goods_name,code,base_price, current_price, pop_demand) VALUES ("tools", 33, 40, 68.16940969130447, 0);
INSERT INTO goods(goods_name,code,base_price, current_price, pop_demand) VALUES ("explosives", 34, 50, 84.91734350688954, 0);
INSERT INTO goods(goods_name,code,base_price, current_price, pop_demand) VALUES ("porcelain", 35, 70, 112.47374742016201, 101.71435941681837);
INSERT INTO goods(goods_name,code,base_price, current_price, pop_demand) VALUES ("meat", 36, 30, 42.64279263843151, 472.36378816727364);
INSERT INTO goods(goods_name,code,base_price, current_price, pop_demand) VALUES ("fruit", 37, 30, 43.3715238742003, 626.3232361026562);
INSERT INTO goods(goods_name,code,base_price, current_price, pop_demand) VALUES ("liquor", 38, 30, 38.403963550450186, 1818.0631470319072);
INSERT INTO goods(goods_name,code,base_price, current_price, pop_demand) VALUES ("wine", 39, 50, 22.196573096706363, 339.82093958453106);
INSERT INTO goods(goods_name,code,base_price, current_price, pop_demand) VALUES ("tea", 40, 50, 50, 0);
INSERT INTO goods(goods_name,code,base_price, current_price, pop_demand) VALUES ("coffee", 41, 50, 24.984378266144695, 13.33143833775131);
INSERT INTO goods(goods_name,code,base_price, current_price, pop_demand) VALUES ("sugar", 42, 30, 39.527805674054015, 84.44257986685065);
INSERT INTO goods(goods_name,code,base_price, current_price, pop_demand) VALUES ("tobacco", 43, 40, 65.6471905544617, 378.8012134760684);
INSERT INTO goods(goods_name,code,base_price, current_price, pop_demand) VALUES ("opium", 44, 50, 50, 0);
INSERT INTO goods(goods_name,code,base_price, current_price, pop_demand) VALUES ("automobiles", 45, 100, 100, 0);
INSERT INTO goods(goods_name,code,base_price, current_price, pop_demand) VALUES ("telephones", 46, 70, 70, 0);
INSERT INTO goods(goods_name,code,base_price, current_price, pop_demand) VALUES ("radios", 47, 80, 80, 0);
INSERT INTO goods(goods_name,code,base_price, current_price, pop_demand) VALUES ("luxury_clothes", 48, 60, 68.39053211794257, 593.3337632647733);
INSERT INTO goods(goods_name,code,base_price, current_price, pop_demand) VALUES ("luxury_furniture", 49, 60, 93.1694307113155, 462.0030757489383);
INSERT INTO goods(goods_name,code,base_price, current_price, pop_demand) VALUES ("gold", 50, 100, 100, 0);
INSERT INTO goods(goods_name,code,base_price, current_price, pop_demand) VALUES ("fine_art", 51, 200, 317.13545502298024, 0.23745924663371917);
INSERT INTO building(id, name, level) VALUES (186, "building_government_administration", 31);
INSERT INTO demand(goods_id, building_id, max_demand, current_input, level) VALUES (14, 186, 620.0, 31, 74.66780642817774);
INSERT INTO building(id, name, level) VALUES (187, "building_construction_sector", 5);
INSERT INTO demand(goods_id, building_id, max_demand, current_input, level) VALUES (9, 187, 124.99875, 5, 53.36063948483916);
INSERT INTO demand(goods_id, building_id, max_demand, current_input, level) VALUES (10, 187, 374.99625, 5, 66.4399791586197);
INSERT INTO building(id, name, level) VALUES (188, "building_university", 5);
INSERT INTO demand(goods_id, building_id, max_demand, current_input, level) VALUES (14, 188, 50.0, 5, 6.021597292594979);
INSERT INTO building(id, name, level) VALUES (189, "building_arts_academy", 2);
INSERT INTO demand(goods_id, building_id, max_demand, current_input, level) VALUES (14, 189, 1.08, 2, 0.13006650152005156);
INSERT INTO supply(goods_id, building_id, max_supply, current_output, level) VALUES (51, 189, 0.432, 2, 0.05202660060802062);
INSERT INTO building(id, name, level) VALUES (190, "building_furniture_manufacturies", 18);
INSERT INTO demand(goods_id, building_id, max_demand, current_input, level) VALUES (9, 190, 175.43519658119658, 18, 74.89142313600031);
INSERT INTO demand(goods_id, building_id, max_demand, current_input, level) VALUES (10, 190, 263.1527948717949, 18, 46.62410945926682);
INSERT INTO demand(goods_id, building_id, max_demand, current_input, level) VALUES (26, 190, 263.1527948717949, 18, 10.69839760305411);
INSERT INTO demand(goods_id, building_id, max_demand, current_input, level) VALUES (33, 190, 87.71759829059829, 18, 5.3587328128660765);
INSERT INTO supply(goods_id, building_id, max_supply, current_output, level) VALUES (13, 190, 701.740794871795, 18, 123.8238949780872);
INSERT INTO supply(goods_id, building_id, max_supply, current_output, level) VALUES (49, 190, 438.588, 18, 77.38993492685726);
INSERT INTO building(id, name, level) VALUES (191, "building_wheat_farm", 5);
INSERT INTO demand(goods_id, building_id, max_demand, current_input, level) VALUES (32, 191, 25.0, 5, 2.283592374597105);
INSERT INTO demand(goods_id, building_id, max_demand, current_input, level) VALUES (33, 191, 5.0, 5, 0.3054536898692331);
INSERT INTO supply(goods_id, building_id, max_supply, current_output, level) VALUES (7, 191, 200.0, 5, 15.243443295773082);
INSERT INTO building(id, name, level) VALUES (192, "building_livestock_ranch", 4);
INSERT INTO demand(goods_id, building_id, max_demand, current_input, level) VALUES (7, 192, 40.00000000000001, 4, 23.995705642319365);
INSERT INTO demand(goods_id, building_id, max_demand, current_input, level) VALUES (33, 192, 40.00000000000001, 4, 2.4436295189538653);
INSERT INTO supply(goods_id, building_id, max_supply, current_output, level) VALUES (9, 192, 80.00000000000001, 4, 26.43933516127323);
INSERT INTO supply(goods_id, building_id, max_supply, current_output, level) VALUES (32, 192, 20.000000000000004, 4, 6.609833790318308);
INSERT INTO supply(goods_id, building_id, max_supply, current_output, level) VALUES (36, 192, 100.00000000000001, 4, 33.04916895159154);
INSERT INTO building(id, name, level) VALUES (193, "building_paper_mills", 8);
INSERT INTO demand(goods_id, building_id, max_demand, current_input, level) VALUES (10, 193, 240.0, 8, 42.52201188163543);
INSERT INTO demand(goods_id, building_id, max_demand, current_input, level) VALUES (22, 193, 79.99999999999999, 8, 3.4844861366366082);
INSERT INTO supply(goods_id, building_id, max_supply, current_output, level) VALUES (14, 193, 560.0, 8, 61.80471534013613);
INSERT INTO building(id, name, level) VALUES (194, "building_railway", 1);
INSERT INTO demand(goods_id, building_id, max_demand, current_input, level) VALUES (10, 194, 7.95272, 1, 1.4090235597138323);
INSERT INTO demand(goods_id, building_id, max_demand, current_input, level) VALUES (23, 194, 1.98818, 1, 0.07790730839196064);
INSERT INTO demand(goods_id, building_id, max_demand, current_input, level) VALUES (29, 194, 4.97045, 1, 0.01390528261666962);
INSERT INTO supply(goods_id, building_id, max_supply, current_output, level) VALUES (16, 194, 29.8227, 1, 2.1786265568354333);
INSERT INTO building(id, name, level) VALUES (198, "building_textile_mills", 3);
INSERT INTO demand(goods_id, building_id, max_demand, current_input, level) VALUES (9, 198, 75.0, 3, 32.016703857942076);
INSERT INTO demand(goods_id, building_id, max_demand, current_input, level) VALUES (20, 198, 44.99999999999999, 3, 55.11066037689229);
INSERT INTO demand(goods_id, building_id, max_demand, current_input, level) VALUES (21, 198, 15.0, 3, 6.446406714278752);
INSERT INTO supply(goods_id, building_id, max_supply, current_output, level) VALUES (12, 198, 89.99999999999999, 3, 55.699494971734325);
INSERT INTO supply(goods_id, building_id, max_supply, current_output, level) VALUES (48, 198, 89.99999999999999, 3, 55.699494971734325);
INSERT INTO building(id, name, level) VALUES (199, "building_fishing_wharf", 2);
INSERT INTO demand(goods_id, building_id, max_demand, current_input, level) VALUES (18, 199, 10.0, 2, 2.113658718780943);
INSERT INTO supply(goods_id, building_id, max_supply, current_output, level) VALUES (8, 199, 100.0, 2, 21.13658718780943);
INSERT INTO building(id, name, level) VALUES (200, "building_silk_plantation", 8);
INSERT INTO supply(goods_id, building_id, max_supply, current_output, level) VALUES (20, 200, 160.0, 8, 187.2);
INSERT INTO building(id, name, level) VALUES (201, "building_wheat_farm", 6);
INSERT INTO demand(goods_id, building_id, max_demand, current_input, level) VALUES (32, 201, 30.000000000000004, 6, 2.740310849516526);
INSERT INTO demand(goods_id, building_id, max_demand, current_input, level) VALUES (33, 201, 6.000000000000001, 6, 0.3665444278430798);
INSERT INTO supply(goods_id, building_id, max_supply, current_output, level) VALUES (7, 201, 150.0, 6, 11.432582471829809);
INSERT INTO supply(goods_id, building_id, max_supply, current_output, level) VALUES (37, 201, 42.0, 6, 3.2011230921123466);
INSERT INTO supply(goods_id, building_id, max_supply, current_output, level) VALUES (42, 201, 30.000000000000004, 6, 2.286516494365962);
INSERT INTO building(id, name, level) VALUES (202, "building_vineyard_plantation", 5);
INSERT INTO supply(goods_id, building_id, max_supply, current_output, level) VALUES (39, 202, 100.00000000000001, 5, 114.0);
INSERT INTO building(id, name, level) VALUES (203, "building_port", 3);
INSERT INTO demand(goods_id, building_id, max_demand, current_input, level) VALUES (18, 203, 15.0, 3, 3.170488078171414);
INSERT INTO building(id, name, level) VALUES (204, "building_government_administration", 5);
INSERT INTO demand(goods_id, building_id, max_demand, current_input, level) VALUES (14, 204, 100.0, 5, 12.043194585189958);
INSERT INTO building(id, name, level) VALUES (205, "building_shipyards", 3);
INSERT INTO demand(goods_id, building_id, max_demand, current_input, level) VALUES (9, 205, 29.168999999999997, 3, 12.451936464430831);
INSERT INTO demand(goods_id, building_id, max_demand, current_input, level) VALUES (10, 205, 58.337999999999994, 3, 10.336038038128532);
INSERT INTO demand(goods_id, building_id, max_demand, current_input, level) VALUES (26, 205, 29.168999999999997, 3, 1.185856908095991);
INSERT INTO demand(goods_id, building_id, max_demand, current_input, level) VALUES (29, 205, 7.292245098039215, 3, 0.020400714019507077);
INSERT INTO supply(goods_id, building_id, max_supply, current_output, level) VALUES (18, 205, 102.0915, 3, 16.52648838970835);
INSERT INTO building(id, name, level) VALUES (206, "building_military_shipyards", 2);
INSERT INTO demand(goods_id, building_id, max_demand, current_input, level) VALUES (9, 206, 10.263, 2, 4.381165755920794);
INSERT INTO demand(goods_id, building_id, max_demand, current_input, level) VALUES (10, 206, 20.526, 2, 3.6366950661768707);
INSERT INTO demand(goods_id, building_id, max_demand, current_input, level) VALUES (24, 206, 10.263, 2, 0.13023512422236638);
INSERT INTO demand(goods_id, building_id, max_demand, current_input, level) VALUES (26, 206, 20.526, 2, 0.8344783467235185);
INSERT INTO demand(goods_id, building_id, max_demand, current_input, level) VALUES (29, 206, 5.1314950495049505, 2, 0.014355820682112766);
INSERT INTO supply(goods_id, building_id, max_supply, current_output, level) VALUES (5, 206, 45.629297029702975, 2, 6.0249516500104745);
INSERT INTO building(id, name, level) VALUES (207, "building_textile_mills", 8);
INSERT INTO demand(goods_id, building_id, max_demand, current_input, level) VALUES (9, 207, 200.00000000000003, 8, 85.37787695451222);
INSERT INTO demand(goods_id, building_id, max_demand, current_input, level) VALUES (20, 207, 120.00000000000001, 8, 146.96176100504613);
INSERT INTO demand(goods_id, building_id, max_demand, current_input, level) VALUES (21, 207, 40.00000000000001, 8, 17.19041790474334);
INSERT INTO supply(goods_id, building_id, max_supply, current_output, level) VALUES (12, 207, 240.00000000000003, 8, 148.53198659129157);
INSERT INTO supply(goods_id, building_id, max_supply, current_output, level) VALUES (48, 207, 240.00000000000003, 8, 148.53198659129157);
INSERT INTO building(id, name, level) VALUES (208, "building_fishing_wharf", 3);
INSERT INTO demand(goods_id, building_id, max_demand, current_input, level) VALUES (18, 208, 15.0, 3, 3.170488078171414);
INSERT INTO supply(goods_id, building_id, max_supply, current_output, level) VALUES (8, 208, 150.0, 3, 31.70488078171414);
INSERT INTO building(id, name, level) VALUES (209, "building_wheat_farm", 4);
INSERT INTO demand(goods_id, building_id, max_demand, current_input, level) VALUES (32, 209, 20.000000000000004, 4, 1.8268738996776843);
INSERT INTO demand(goods_id, building_id, max_demand, current_input, level) VALUES (33, 209, 4.0, 4, 0.24436295189538648);
INSERT INTO supply(goods_id, building_id, max_supply, current_output, level) VALUES (7, 209, 100.00000000000001, 4, 7.621721647886542);
INSERT INTO supply(goods_id, building_id, max_supply, current_output, level) VALUES (37, 209, 28.000000000000004, 4, 2.1340820614082316);
INSERT INTO supply(goods_id, building_id, max_supply, current_output, level) VALUES (42, 209, 20.000000000000004, 4, 1.5243443295773085);
INSERT INTO building(id, name, level) VALUES (210, "building_livestock_ranch", 2);
INSERT INTO demand(goods_id, building_id, max_demand, current_input, level) VALUES (7, 210, 19.999999999999996, 2, 11.997852821159679);
INSERT INTO demand(goods_id, building_id, max_demand, current_input, level) VALUES (33, 210, 19.999999999999996, 2, 1.2218147594769322);
INSERT INTO supply(goods_id, building_id, max_supply, current_output, level) VALUES (9, 210, 39.99999999999999, 2, 13.219667580636612);
INSERT INTO supply(goods_id, building_id, max_supply, current_output, level) VALUES (32, 210, 9.999999999999998, 2, 3.304916895159153);
INSERT INTO supply(goods_id, building_id, max_supply, current_output, level) VALUES (36, 210, 49.99999999999999, 2, 16.524584475795766);
INSERT INTO building(id, name, level) VALUES (211, "building_port", 1);
INSERT INTO demand(goods_id, building_id, max_demand, current_input, level) VALUES (18, 211, 5.0, 1, 1.0568293593904714);
INSERT INTO building(id, name, level) VALUES (212, "building_university", 2);
INSERT INTO demand(goods_id, building_id, max_demand, current_input, level) VALUES (14, 212, 20.0, 2, 2.408638917037992);
INSERT INTO building(id, name, level) VALUES (213, "building_fishing_wharf", 2);
INSERT INTO demand(goods_id, building_id, max_demand, current_input, level) VALUES (18, 213, 9.998, 2, 2.113235987037186);
INSERT INTO supply(goods_id, building_id, max_supply, current_output, level) VALUES (8, 213, 99.97999999999999, 2, 21.13235987037186);
INSERT INTO building(id, name, level) VALUES (214, "building_glassworks", 3);
INSERT INTO demand(goods_id, building_id, max_demand, current_input, level) VALUES (10, 214, 59.94479411764706, 3, 10.620721865469909);
INSERT INTO demand(goods_id, building_id, max_demand, current_input, level) VALUES (21, 214, 14.986196078431373, 3, 6.440474334766527);
INSERT INTO demand(goods_id, building_id, max_demand, current_input, level) VALUES (25, 214, 29.972392156862746, 3, 1.2872641760465422);
INSERT INTO supply(goods_id, building_id, max_supply, current_output, level) VALUES (31, 214, 59.94479411764706, 3, 12.985717397009626);
INSERT INTO supply(goods_id, building_id, max_supply, current_output, level) VALUES (35, 214, 59.94479411764706, 3, 12.985717397009626);
INSERT INTO building(id, name, level) VALUES (215, "building_wheat_farm", 7);
INSERT INTO demand(goods_id, building_id, max_demand, current_input, level) VALUES (32, 215, 35.00000000000001, 7, 3.1970293244359476);
INSERT INTO demand(goods_id, building_id, max_demand, current_input, level) VALUES (33, 215, 7.0, 7, 0.42763516581692634);
INSERT INTO supply(goods_id, building_id, max_supply, current_output, level) VALUES (7, 215, 175.0, 7, 13.338012883801447);
INSERT INTO supply(goods_id, building_id, max_supply, current_output, level) VALUES (37, 215, 49.00000000000001, 7, 3.7346436074644056);
INSERT INTO supply(goods_id, building_id, max_supply, current_output, level) VALUES (42, 215, 35.00000000000001, 7, 2.66760257676029);
INSERT INTO building(id, name, level) VALUES (216, "building_vineyard_plantation", 4);
INSERT INTO supply(goods_id, building_id, max_supply, current_output, level) VALUES (39, 216, 80.00000000000001, 4, 90.4);
INSERT INTO building(id, name, level) VALUES (217, "building_livestock_ranch", 2);
INSERT INTO demand(goods_id, building_id, max_demand, current_input, level) VALUES (7, 217, 19.99, 2, 11.9918538947491);
INSERT INTO demand(goods_id, building_id, max_demand, current_input, level) VALUES (33, 217, 19.99, 2, 1.2212038520971937);
INSERT INTO supply(goods_id, building_id, max_supply, current_output, level) VALUES (9, 217, 39.98, 2, 13.213057746846292);
INSERT INTO supply(goods_id, building_id, max_supply, current_output, level) VALUES (32, 217, 9.995, 2, 3.303264436711573);
INSERT INTO supply(goods_id, building_id, max_supply, current_output, level) VALUES (36, 217, 49.974999999999994, 2, 16.516322183557865);
INSERT INTO building(id, name, level) VALUES (218, "building_construction_sector", 3);
INSERT INTO demand(goods_id, building_id, max_demand, current_input, level) VALUES (9, 218, 74.99925, 3, 32.016383690903496);
INSERT INTO demand(goods_id, building_id, max_demand, current_input, level) VALUES (10, 218, 224.99775, 3, 39.86398749517183);
INSERT INTO building(id, name, level) VALUES (219, "building_government_administration", 6);
INSERT INTO demand(goods_id, building_id, max_demand, current_input, level) VALUES (14, 219, 120.0, 6, 14.45183350222795);
INSERT INTO building(id, name, level) VALUES (220, "building_textile_mills", 7);
INSERT INTO demand(goods_id, building_id, max_demand, current_input, level) VALUES (9, 220, 175.00000000000003, 7, 74.70564233519819);
INSERT INTO demand(goods_id, building_id, max_demand, current_input, level) VALUES (20, 220, 105.00000000000001, 7, 128.59154087941536);
INSERT INTO demand(goods_id, building_id, max_demand, current_input, level) VALUES (21, 220, 35.0, 7, 15.04161566665042);
INSERT INTO supply(goods_id, building_id, max_supply, current_output, level) VALUES (12, 220, 210.00000000000003, 7, 129.96548826738012);
INSERT INTO supply(goods_id, building_id, max_supply, current_output, level) VALUES (48, 220, 210.00000000000003, 7, 129.96548826738012);
INSERT INTO building(id, name, level) VALUES (221, "building_paper_mills", 3);
INSERT INTO demand(goods_id, building_id, max_demand, current_input, level) VALUES (10, 221, 90.0, 3, 15.945754455613287);
INSERT INTO demand(goods_id, building_id, max_demand, current_input, level) VALUES (22, 221, 30.0, 3, 1.3066823012387283);
INSERT INTO supply(goods_id, building_id, max_supply, current_output, level) VALUES (14, 221, 209.99999999999997, 3, 23.176768252551046);
INSERT INTO building(id, name, level) VALUES (222, "building_logging_camp", 4);
INSERT INTO demand(goods_id, building_id, max_demand, current_input, level) VALUES (16, 222, 20.0, 4, 2.4398721875648466);
INSERT INTO demand(goods_id, building_id, max_demand, current_input, level) VALUES (33, 222, 20.0, 4, 1.2218147594769324);
INSERT INTO supply(goods_id, building_id, max_supply, current_output, level) VALUES (10, 222, 239.99999999999997, 4, 21.97012168225067);
INSERT INTO building(id, name, level) VALUES (223, "building_coal_mine", 4);
INSERT INTO demand(goods_id, building_id, max_demand, current_input, level) VALUES (33, 223, 40.0, 4, 2.443629518953865);
INSERT INTO supply(goods_id, building_id, max_supply, current_output, level) VALUES (23, 223, 160.0, 4, 9.77451807581546);
INSERT INTO building(id, name, level) VALUES (224, "building_silk_plantation", 12);
INSERT INTO supply(goods_id, building_id, max_supply, current_output, level) VALUES (20, 224, 240.0, 12, 290.4);
INSERT INTO building(id, name, level) VALUES (225, "building_wheat_farm", 9);
INSERT INTO demand(goods_id, building_id, max_demand, current_input, level) VALUES (32, 225, 45.00000000000001, 9, 4.110466274274789);
INSERT INTO demand(goods_id, building_id, max_demand, current_input, level) VALUES (33, 225, 9.0, 9, 0.5498166417646195);
INSERT INTO supply(goods_id, building_id, max_supply, current_output, level) VALUES (7, 225, 225.0, 9, 17.148873707744713);
INSERT INTO supply(goods_id, building_id, max_supply, current_output, level) VALUES (37, 225, 63.00000000000001, 9, 4.8016846381685205);
INSERT INTO supply(goods_id, building_id, max_supply, current_output, level) VALUES (42, 225, 45.00000000000001, 9, 3.4297747415489432);
INSERT INTO building(id, name, level) VALUES (226, "building_vineyard_plantation", 6);
INSERT INTO supply(goods_id, building_id, max_supply, current_output, level) VALUES (39, 226, 120.00000000000001, 6, 138.0);
INSERT INTO building(id, name, level) VALUES (227, "building_railway", 1);
INSERT INTO demand(goods_id, building_id, max_demand, current_input, level) VALUES (10, 227, 8.0, 1, 1.4174003960545145);
INSERT INTO demand(goods_id, building_id, max_demand, current_input, level) VALUES (23, 227, 2.0, 1, 0.07837047791644684);
INSERT INTO demand(goods_id, building_id, max_demand, current_input, level) VALUES (29, 227, 5.0, 1, 0.013987951409499764);
INSERT INTO supply(goods_id, building_id, max_supply, current_output, level) VALUES (16, 227, 30.0, 1, 2.191578787469377);
INSERT INTO building(id, name, level) VALUES (228, "building_arms_industry", 6);
INSERT INTO demand(goods_id, building_id, max_demand, current_input, level) VALUES (26, 228, 60.0, 6, 2.4392819255291394);
INSERT INTO demand(goods_id, building_id, max_demand, current_input, level) VALUES (30, 228, 60.0, 6, 0.305221896052876);
INSERT INTO demand(goods_id, building_id, max_demand, current_input, level) VALUES (33, 228, 30.0, 6, 1.8327221392153983);
INSERT INTO supply(goods_id, building_id, max_supply, current_output, level) VALUES (1, 228, 300.0, 6, 10.683246833354687);
INSERT INTO building(id, name, level) VALUES (229, "building_artillery_foundries", 2);
INSERT INTO demand(goods_id, building_id, max_demand, current_input, level) VALUES (24, 229, 28.54889108910891, 2, 0.36227890260166695);
INSERT INTO demand(goods_id, building_id, max_demand, current_input, level) VALUES (26, 229, 19.032594059405938, 2, 0.7737643780840362);
INSERT INTO supply(goods_id, building_id, max_supply, current_output, level) VALUES (2, 229, 47.01051485148515, 2, 1.2538755041111245);
INSERT INTO building(id, name, level) VALUES (230, "building_logging_camp", 2);
INSERT INTO demand(goods_id, building_id, max_demand, current_input, level) VALUES (33, 230, 10.0, 2, 0.6109073797384662);
INSERT INTO supply(goods_id, building_id, max_supply, current_output, level) VALUES (10, 230, 40.0, 2, 2.443629518953865);
INSERT INTO supply(goods_id, building_id, max_supply, current_output, level) VALUES (26, 230, 40.0, 2, 2.443629518953865);
INSERT INTO building(id, name, level) VALUES (231, "building_munition_plants", 3);
INSERT INTO demand(goods_id, building_id, max_demand, current_input, level) VALUES (25, 231, 48.96839215686275, 3, 2.103110644363259);
INSERT INTO demand(goods_id, building_id, max_demand, current_input, level) VALUES (34, 231, 48.96839215686275, 3, 3.3889275065844284);
INSERT INTO supply(goods_id, building_id, max_supply, current_output, level) VALUES (0, 231, 122.421, 3, 6.865048788241056);
INSERT INTO building(id, name, level) VALUES (232, "building_wheat_farm", 5);
INSERT INTO demand(goods_id, building_id, max_demand, current_input, level) VALUES (32, 232, 25.0, 5, 2.283592374597105);
INSERT INTO demand(goods_id, building_id, max_demand, current_input, level) VALUES (33, 232, 5.0, 5, 0.3054536898692331);
INSERT INTO supply(goods_id, building_id, max_supply, current_output, level) VALUES (7, 232, 125.0, 5, 9.527152059858176);
INSERT INTO supply(goods_id, building_id, max_supply, current_output, level) VALUES (37, 232, 35.0, 5, 2.6676025767602893);
INSERT INTO supply(goods_id, building_id, max_supply, current_output, level) VALUES (42, 232, 25.0, 5, 1.9054304119716352);
INSERT INTO building(id, name, level) VALUES (233, "building_livestock_ranch", 2);
INSERT INTO demand(goods_id, building_id, max_demand, current_input, level) VALUES (7, 233, 19.999999999999996, 2, 11.997852821159679);
INSERT INTO demand(goods_id, building_id, max_demand, current_input, level) VALUES (33, 233, 19.999999999999996, 2, 1.2218147594769322);
INSERT INTO supply(goods_id, building_id, max_supply, current_output, level) VALUES (9, 233, 39.99999999999999, 2, 13.219667580636612);
INSERT INTO supply(goods_id, building_id, max_supply, current_output, level) VALUES (32, 233, 9.999999999999998, 2, 3.304916895159153);
INSERT INTO supply(goods_id, building_id, max_supply, current_output, level) VALUES (36, 233, 49.99999999999999, 2, 16.524584475795766);
INSERT INTO building(id, name, level) VALUES (234, "building_port", 1);
INSERT INTO demand(goods_id, building_id, max_demand, current_input, level) VALUES (18, 234, 5.0, 1, 1.0568293593904714);
INSERT INTO building(id, name, level) VALUES (235, "building_coal_mine", 6);
INSERT INTO demand(goods_id, building_id, max_demand, current_input, level) VALUES (33, 235, 60.0, 6, 3.6654442784307966);
INSERT INTO supply(goods_id, building_id, max_supply, current_output, level) VALUES (23, 235, 240.0, 6, 14.661777113723186);
INSERT INTO building(id, name, level) VALUES (236, "building_explosives_factory", 1);
INSERT INTO demand(goods_id, building_id, max_demand, current_input, level) VALUES (22, 236, 20.0, 1, 0.8711215341591522);
INSERT INTO demand(goods_id, building_id, max_demand, current_input, level) VALUES (32, 236, 20.0, 1, 1.8268738996776839);
INSERT INTO supply(goods_id, building_id, max_supply, current_output, level) VALUES (34, 236, 50.0, 1, 3.3724942922960452);
INSERT INTO building(id, name, level) VALUES (237, "building_textile_mills", 5);
INSERT INTO demand(goods_id, building_id, max_demand, current_input, level) VALUES (9, 237, 124.964995951417, 5, 53.346230239805976);
INSERT INTO demand(goods_id, building_id, max_demand, current_input, level) VALUES (20, 237, 74.97899595141699, 5, 91.82537736175387);
INSERT INTO demand(goods_id, building_id, max_demand, current_input, level) VALUES (21, 237, 24.992995951417, 5, 10.741001127410415);
INSERT INTO supply(goods_id, building_id, max_supply, current_output, level) VALUES (12, 237, 149.95799999999997, 5, 92.80649852190373);
INSERT INTO supply(goods_id, building_id, max_supply, current_output, level) VALUES (48, 237, 149.95799999999997, 5, 92.80649852190373);
INSERT INTO building(id, name, level) VALUES (238, "building_wheat_farm", 5);
INSERT INTO demand(goods_id, building_id, max_demand, current_input, level) VALUES (32, 238, 25.0, 5, 2.283592374597105);
INSERT INTO demand(goods_id, building_id, max_demand, current_input, level) VALUES (33, 238, 5.0, 5, 0.3054536898692331);
INSERT INTO supply(goods_id, building_id, max_supply, current_output, level) VALUES (7, 238, 125.0, 5, 9.527152059858176);
INSERT INTO supply(goods_id, building_id, max_supply, current_output, level) VALUES (37, 238, 35.0, 5, 2.6676025767602893);
INSERT INTO supply(goods_id, building_id, max_supply, current_output, level) VALUES (42, 238, 25.0, 5, 1.9054304119716352);
INSERT INTO building(id, name, level) VALUES (239, "building_livestock_ranch", 2);
INSERT INTO demand(goods_id, building_id, max_demand, current_input, level) VALUES (7, 239, 19.996, 2, 11.99545325059545);
INSERT INTO demand(goods_id, building_id, max_demand, current_input, level) VALUES (33, 239, 19.996, 2, 1.221570396525037);
INSERT INTO supply(goods_id, building_id, max_supply, current_output, level) VALUES (9, 239, 39.992, 2, 13.217023647120488);
INSERT INTO supply(goods_id, building_id, max_supply, current_output, level) VALUES (32, 239, 9.998, 2, 3.304255911780122);
INSERT INTO supply(goods_id, building_id, max_supply, current_output, level) VALUES (36, 239, 49.989999999999995, 2, 16.52127955890061);
INSERT INTO building(id, name, level) VALUES (240, "building_steel_mills", 1);
INSERT INTO demand(goods_id, building_id, max_demand, current_input, level) VALUES (23, 240, 30.0, 1, 1.1755571687467026);
INSERT INTO demand(goods_id, building_id, max_demand, current_input, level) VALUES (24, 240, 40.0, 1, 0.5075908573413871);
INSERT INTO supply(goods_id, building_id, max_supply, current_output, level) VALUES (30, 240, 64.22, 1, 1.6657065836793525);
INSERT INTO building(id, name, level) VALUES (241, "building_arms_industry", 4);
INSERT INTO demand(goods_id, building_id, max_demand, current_input, level) VALUES (26, 241, 40.0, 4, 1.6261879503527596);
INSERT INTO demand(goods_id, building_id, max_demand, current_input, level) VALUES (30, 241, 40.0, 4, 0.20348126403525063);
INSERT INTO demand(goods_id, building_id, max_demand, current_input, level) VALUES (33, 241, 20.0, 4, 1.2218147594769324);
INSERT INTO supply(goods_id, building_id, max_supply, current_output, level) VALUES (1, 241, 200.0, 4, 7.122164555569792);
INSERT INTO building(id, name, level) VALUES (242, "building_iron_mine", 5);
INSERT INTO demand(goods_id, building_id, max_demand, current_input, level) VALUES (23, 242, 50.0, 5, 1.959261947911171);
INSERT INTO demand(goods_id, building_id, max_demand, current_input, level) VALUES (33, 242, 50.0, 5, 3.0545368986923314);
INSERT INTO supply(goods_id, building_id, max_supply, current_output, level) VALUES (24, 242, 200.0, 5, 10.027597693207005);
INSERT INTO building(id, name, level) VALUES (243, "building_vineyard_plantation", 4);
INSERT INTO supply(goods_id, building_id, max_supply, current_output, level) VALUES (39, 243, 80.00000000000001, 4, 90.4);
INSERT INTO building(id, name, level) VALUES (244, "building_logging_camp", 5);
INSERT INTO demand(goods_id, building_id, max_demand, current_input, level) VALUES (33, 244, 25.0, 5, 1.5272684493461657);
INSERT INTO supply(goods_id, building_id, max_supply, current_output, level) VALUES (10, 244, 300.0, 5, 18.327221392153987);
INSERT INTO building(id, name, level) VALUES (245, "building_wheat_farm", 5);
INSERT INTO demand(goods_id, building_id, max_demand, current_input, level) VALUES (32, 245, 24.963245614035092, 5, 2.2802350931762065);
INSERT INTO demand(goods_id, building_id, max_demand, current_input, level) VALUES (33, 245, 4.992649122807018, 5, 0.3050046193567587);
INSERT INTO supply(goods_id, building_id, max_supply, current_output, level) VALUES (7, 245, 199.70600000000002, 5, 15.221035434128297);
INSERT INTO building(id, name, level) VALUES (246, "building_paper_mills", 4);
INSERT INTO demand(goods_id, building_id, max_demand, current_input, level) VALUES (10, 246, 119.99999999999999, 4, 21.261005940817714);
INSERT INTO demand(goods_id, building_id, max_demand, current_input, level) VALUES (22, 246, 40.0, 4, 1.7422430683183043);
INSERT INTO supply(goods_id, building_id, max_supply, current_output, level) VALUES (14, 246, 279.99999999999994, 4, 30.902357670068064);
INSERT INTO building(id, name, level) VALUES (247, "building_wheat_farm", 2);
INSERT INTO demand(goods_id, building_id, max_demand, current_input, level) VALUES (32, 247, 9.999999999999998, 2, 0.9134369498388418);
INSERT INTO demand(goods_id, building_id, max_demand, current_input, level) VALUES (33, 247, 2.0, 2, 0.12218147594769324);
INSERT INTO supply(goods_id, building_id, max_supply, current_output, level) VALUES (7, 247, 49.99999999999999, 2, 3.81086082394327);
INSERT INTO supply(goods_id, building_id, max_supply, current_output, level) VALUES (37, 247, 13.999999999999998, 2, 1.0670410307041156);
INSERT INTO supply(goods_id, building_id, max_supply, current_output, level) VALUES (42, 247, 9.999999999999998, 2, 0.762172164788654);
INSERT INTO building(id, name, level) VALUES (248, "building_vineyard_plantation", 2);
INSERT INTO supply(goods_id, building_id, max_supply, current_output, level) VALUES (39, 248, 39.99999999999999, 2, 44.4);
INSERT INTO building(id, name, level) VALUES (249, "building_fishing_wharf", 2);
INSERT INTO demand(goods_id, building_id, max_demand, current_input, level) VALUES (18, 249, 10.0, 2, 2.113658718780943);
INSERT INTO supply(goods_id, building_id, max_supply, current_output, level) VALUES (8, 249, 100.0, 2, 21.13658718780943);
INSERT INTO building(id, name, level) VALUES (250, "building_port", 1);
INSERT INTO demand(goods_id, building_id, max_demand, current_input, level) VALUES (18, 250, 4.896, 1, 1.0348473087151495);
INSERT INTO building(id, name, level) VALUES (251, "building_textile_mills", 3);
INSERT INTO demand(goods_id, building_id, max_demand, current_input, level) VALUES (9, 251, 75.0, 3, 32.016703857942076);
INSERT INTO demand(goods_id, building_id, max_demand, current_input, level) VALUES (20, 251, 44.99999999999999, 3, 55.11066037689229);
INSERT INTO demand(goods_id, building_id, max_demand, current_input, level) VALUES (21, 251, 15.0, 3, 6.446406714278752);
INSERT INTO supply(goods_id, building_id, max_supply, current_output, level) VALUES (12, 251, 89.99999999999999, 3, 55.699494971734325);
INSERT INTO supply(goods_id, building_id, max_supply, current_output, level) VALUES (48, 251, 89.99999999999999, 3, 55.699494971734325);
INSERT INTO building(id, name, level) VALUES (252, "building_wheat_farm", 5);
INSERT INTO demand(goods_id, building_id, max_demand, current_input, level) VALUES (32, 252, 12.530000000000001, 5, 1.144536498148069);
INSERT INTO demand(goods_id, building_id, max_demand, current_input, level) VALUES (33, 252, 2.5060000000000002, 5, 0.15309338936245964);
INSERT INTO supply(goods_id, building_id, max_supply, current_output, level) VALUES (7, 252, 62.65000000000001, 5, 4.775008612400918);
INSERT INTO supply(goods_id, building_id, max_supply, current_output, level) VALUES (37, 252, 17.542, 5, 1.337002411472257);
INSERT INTO supply(goods_id, building_id, max_supply, current_output, level) VALUES (42, 252, 12.530000000000001, 5, 0.9550017224801834);
INSERT INTO building(id, name, level) VALUES (253, "building_vineyard_plantation", 5);
INSERT INTO supply(goods_id, building_id, max_supply, current_output, level) VALUES (39, 253, 99.99600000000001, 5, 113.99544);
INSERT INTO building(id, name, level) VALUES (254, "building_livestock_ranch", 2);
INSERT INTO demand(goods_id, building_id, max_demand, current_input, level) VALUES (7, 254, 19.999999999999996, 2, 11.997852821159679);
INSERT INTO demand(goods_id, building_id, max_demand, current_input, level) VALUES (33, 254, 19.999999999999996, 2, 1.2218147594769322);
INSERT INTO supply(goods_id, building_id, max_supply, current_output, level) VALUES (9, 254, 39.99999999999999, 2, 13.219667580636612);
INSERT INTO supply(goods_id, building_id, max_supply, current_output, level) VALUES (32, 254, 9.999999999999998, 2, 3.304916895159153);
INSERT INTO supply(goods_id, building_id, max_supply, current_output, level) VALUES (36, 254, 49.99999999999999, 2, 16.524584475795766);
INSERT INTO building(id, name, level) VALUES (255, "building_government_administration", 3);
INSERT INTO demand(goods_id, building_id, max_demand, current_input, level) VALUES (14, 255, 60.0, 3, 7.225916751113975);
INSERT INTO building(id, name, level) VALUES (256, "building_paper_mills", 5);
INSERT INTO demand(goods_id, building_id, max_demand, current_input, level) VALUES (10, 256, 149.94, 5, 26.565626923051738);
INSERT INTO demand(goods_id, building_id, max_demand, current_input, level) VALUES (22, 256, 49.98, 5, 2.176932713863721);
INSERT INTO supply(goods_id, building_id, max_supply, current_output, level) VALUES (14, 256, 349.86, 5, 38.612495908750056);
INSERT INTO building(id, name, level) VALUES (257, "building_furniture_manufacturies", 2);
INSERT INTO demand(goods_id, building_id, max_demand, current_input, level) VALUES (9, 257, 19.98219801980198, 2, 8.530188219076756);
INSERT INTO demand(goods_id, building_id, max_demand, current_input, level) VALUES (10, 257, 29.97329702970297, 2, 5.310520385120074);
INSERT INTO demand(goods_id, building_id, max_demand, current_input, level) VALUES (26, 257, 29.97329702970297, 2, 1.2185553615511782);
INSERT INTO demand(goods_id, building_id, max_demand, current_input, level) VALUES (33, 257, 9.99109900990099, 2, 0.6103636116846198);
INSERT INTO supply(goods_id, building_id, max_supply, current_output, level) VALUES (13, 257, 79.92879207920792, 2, 14.103632606893498);
INSERT INTO supply(goods_id, building_id, max_supply, current_output, level) VALUES (49, 257, 49.95549504950495, 2, 8.814770379308436);
INSERT INTO building(id, name, level) VALUES (258, "building_logging_camp", 3);
INSERT INTO demand(goods_id, building_id, max_demand, current_input, level) VALUES (33, 258, 14.993392156862745, 3, 0.9159573915940289);
INSERT INTO supply(goods_id, building_id, max_supply, current_output, level) VALUES (10, 258, 59.97359803921569, 3, 3.6638313631625268);
INSERT INTO supply(goods_id, building_id, max_supply, current_output, level) VALUES (26, 258, 59.97359803921569, 3, 3.6638313631625268);
INSERT INTO building(id, name, level) VALUES (259, "building_wheat_farm", 5);
INSERT INTO demand(goods_id, building_id, max_demand, current_input, level) VALUES (32, 259, 24.99424561403509, 5, 2.2830667477207065);
INSERT INTO demand(goods_id, building_id, max_demand, current_input, level) VALUES (33, 259, 4.998842105263159, 5, 0.30538295322526343);
INSERT INTO supply(goods_id, building_id, max_supply, current_output, level) VALUES (7, 259, 124.9712456140351, 5, 9.52496048059837);
INSERT INTO supply(goods_id, building_id, max_supply, current_output, level) VALUES (37, 259, 34.99194736842105, 5, 2.6669888275960116);
INSERT INTO supply(goods_id, building_id, max_supply, current_output, level) VALUES (42, 259, 24.99424561403509, 5, 1.9049918286908445);
INSERT INTO building(id, name, level) VALUES (260, "building_government_administration", 5);
INSERT INTO demand(goods_id, building_id, max_demand, current_input, level) VALUES (14, 260, 100.0, 5, 12.043194585189958);
INSERT INTO building(id, name, level) VALUES (261, "building_shipyards", 2);
INSERT INTO demand(goods_id, building_id, max_demand, current_input, level) VALUES (9, 261, 40.0, 2, 17.07557539090244);
INSERT INTO demand(goods_id, building_id, max_demand, current_input, level) VALUES (10, 261, 80.0, 2, 14.174003960545145);
INSERT INTO demand(goods_id, building_id, max_demand, current_input, level) VALUES (26, 261, 40.0, 2, 1.6261879503527596);
INSERT INTO demand(goods_id, building_id, max_demand, current_input, level) VALUES (29, 261, 10.0, 2, 0.02797590281899953);
INSERT INTO supply(goods_id, building_id, max_supply, current_output, level) VALUES (18, 261, 140.0, 2, 22.663085316203297);
INSERT INTO building(id, name, level) VALUES (262, "building_military_shipyards", 2);
INSERT INTO demand(goods_id, building_id, max_demand, current_input, level) VALUES (9, 262, 20.0, 2, 8.53778769545122);
INSERT INTO demand(goods_id, building_id, max_demand, current_input, level) VALUES (10, 262, 40.0, 2, 7.087001980272572);
INSERT INTO demand(goods_id, building_id, max_demand, current_input, level) VALUES (24, 262, 20.0, 2, 0.25379542867069355);
INSERT INTO demand(goods_id, building_id, max_demand, current_input, level) VALUES (26, 262, 40.0, 2, 1.6261879503527596);
INSERT INTO demand(goods_id, building_id, max_demand, current_input, level) VALUES (29, 262, 10.0, 2, 0.02797590281899953);
INSERT INTO supply(goods_id, building_id, max_supply, current_output, level) VALUES (5, 262, 88.92, 2, 11.741112302698536);
INSERT INTO building(id, name, level) VALUES (263, "building_logging_camp", 4);
INSERT INTO demand(goods_id, building_id, max_demand, current_input, level) VALUES (33, 263, 20.0, 4, 1.2218147594769324);
INSERT INTO supply(goods_id, building_id, max_supply, current_output, level) VALUES (10, 263, 139.99999999999997, 4, 8.552703316338524);
INSERT INTO supply(goods_id, building_id, max_supply, current_output, level) VALUES (26, 263, 40.0, 4, 2.443629518953865);
INSERT INTO building(id, name, level) VALUES (264, "building_fishing_wharf", 3);
INSERT INTO demand(goods_id, building_id, max_demand, current_input, level) VALUES (18, 264, 15.0, 3, 3.170488078171414);
INSERT INTO supply(goods_id, building_id, max_supply, current_output, level) VALUES (8, 264, 150.0, 3, 31.70488078171414);
INSERT INTO building(id, name, level) VALUES (265, "building_wheat_farm", 2);
INSERT INTO demand(goods_id, building_id, max_demand, current_input, level) VALUES (32, 265, 9.999999999999998, 2, 0.9134369498388418);
INSERT INTO demand(goods_id, building_id, max_demand, current_input, level) VALUES (33, 265, 2.0, 2, 0.12218147594769324);
INSERT INTO supply(goods_id, building_id, max_supply, current_output, level) VALUES (7, 265, 79.99999999999999, 2, 6.097377318309232);
INSERT INTO building(id, name, level) VALUES (266, "building_vineyard_plantation", 2);
INSERT INTO supply(goods_id, building_id, max_supply, current_output, level) VALUES (39, 266, 39.99999999999999, 2, 44.4);
INSERT INTO building(id, name, level) VALUES (267, "building_livestock_ranch", 5);
INSERT INTO demand(goods_id, building_id, max_demand, current_input, level) VALUES (7, 267, 50.00000000000001, 5, 29.994632052899206);
INSERT INTO demand(goods_id, building_id, max_demand, current_input, level) VALUES (33, 267, 50.00000000000001, 5, 3.0545368986923314);
INSERT INTO supply(goods_id, building_id, max_supply, current_output, level) VALUES (9, 267, 100.00000000000001, 5, 33.04916895159154);
INSERT INTO supply(goods_id, building_id, max_supply, current_output, level) VALUES (32, 267, 25.000000000000004, 5, 8.262292237897885);
INSERT INTO supply(goods_id, building_id, max_supply, current_output, level) VALUES (36, 267, 125.00000000000001, 5, 41.31146118948942);
INSERT INTO building(id, name, level) VALUES (268, "building_port", 1);
INSERT INTO demand(goods_id, building_id, max_demand, current_input, level) VALUES (18, 268, 5.0, 1, 1.0568293593904714);
INSERT INTO building(id, name, level) VALUES (269, "building_tooling_workshops", 4);
INSERT INTO demand(goods_id, building_id, max_demand, current_input, level) VALUES (10, 269, 119.99999999999999, 4, 21.261005940817714);
INSERT INTO demand(goods_id, building_id, max_demand, current_input, level) VALUES (30, 269, 80.0, 4, 0.40696252807050126);
INSERT INTO supply(goods_id, building_id, max_supply, current_output, level) VALUES (33, 269, 320.0, 4, 29.16193297723129);
INSERT INTO building(id, name, level) VALUES (270, "building_logging_camp", 2);
INSERT INTO demand(goods_id, building_id, max_demand, current_input, level) VALUES (33, 270, 10.0, 2, 0.6109073797384662);
INSERT INTO supply(goods_id, building_id, max_supply, current_output, level) VALUES (10, 270, 40.0, 2, 2.443629518953865);
INSERT INTO supply(goods_id, building_id, max_supply, current_output, level) VALUES (26, 270, 40.0, 2, 2.443629518953865);
INSERT INTO building(id, name, level) VALUES (271, "building_iron_mine", 3);
INSERT INTO demand(goods_id, building_id, max_demand, current_input, level) VALUES (23, 271, 30.0, 3, 1.1755571687467026);
INSERT INTO demand(goods_id, building_id, max_demand, current_input, level) VALUES (33, 271, 30.0, 3, 1.8327221392153983);
INSERT INTO supply(goods_id, building_id, max_supply, current_output, level) VALUES (24, 271, 120.0, 3, 6.016558615924201);
INSERT INTO building(id, name, level) VALUES (272, "building_wheat_farm", 8);
INSERT INTO demand(goods_id, building_id, max_demand, current_input, level) VALUES (32, 272, 37.20879487179487, 8, 3.3987888094871455);
INSERT INTO demand(goods_id, building_id, max_demand, current_input, level) VALUES (33, 272, 7.441752136752137, 8, 0.45462212985263795);
INSERT INTO supply(goods_id, building_id, max_supply, current_output, level) VALUES (7, 272, 186.044, 8, 14.179755822594037);
INSERT INTO supply(goods_id, building_id, max_supply, current_output, level) VALUES (37, 272, 52.09231623931624, 8, 3.970331343697482);
INSERT INTO supply(goods_id, building_id, max_supply, current_output, level) VALUES (42, 272, 37.20879487179487, 8, 2.835950773661287);
INSERT INTO building(id, name, level) VALUES (273, "building_vineyard_plantation", 10);
INSERT INTO supply(goods_id, building_id, max_supply, current_output, level) VALUES (39, 273, 200.0, 10, 238.0);
INSERT INTO building(id, name, level) VALUES (274, "building_food_industry", 6);
INSERT INTO demand(goods_id, building_id, max_demand, current_input, level) VALUES (7, 274, 240.0, 6, 143.97423385391616);
INSERT INTO demand(goods_id, building_id, max_demand, current_input, level) VALUES (42, 274, 240.0, 6, 138.40627827033083);
INSERT INTO supply(goods_id, building_id, max_supply, current_output, level) VALUES (11, 274, 210.0, 6, 123.54147405435806);
INSERT INTO supply(goods_id, building_id, max_supply, current_output, level) VALUES (38, 274, 360.0, 6, 211.78538409318526);
INSERT INTO building(id, name, level) VALUES (275, "building_logging_camp", 4);
INSERT INTO demand(goods_id, building_id, max_demand, current_input, level) VALUES (33, 275, 19.995592233009706, 4, 1.2215454857386785);
INSERT INTO supply(goods_id, building_id, max_supply, current_output, level) VALUES (10, 275, 79.98239805825243, 4, 4.886183722296598);
INSERT INTO supply(goods_id, building_id, max_supply, current_output, level) VALUES (26, 275, 79.98239805825243, 4, 4.886183722296598);
INSERT INTO building(id, name, level) VALUES (276, "building_vineyard_plantation", 3);
INSERT INTO supply(goods_id, building_id, max_supply, current_output, level) VALUES (39, 276, 60.00000000000001, 3, 73.2);
INSERT INTO building(id, name, level) VALUES (277, "building_wheat_farm", 3);
INSERT INTO demand(goods_id, building_id, max_demand, current_input, level) VALUES (32, 277, 15.000000000000002, 3, 1.370155424758263);
INSERT INTO demand(goods_id, building_id, max_demand, current_input, level) VALUES (33, 277, 3.0, 3, 0.18327221392153986);
INSERT INTO supply(goods_id, building_id, max_supply, current_output, level) VALUES (7, 277, 75.0, 3, 5.7162912359149045);
INSERT INTO supply(goods_id, building_id, max_supply, current_output, level) VALUES (37, 277, 21.0, 3, 1.6005615460561733);
INSERT INTO supply(goods_id, building_id, max_supply, current_output, level) VALUES (42, 277, 15.000000000000002, 3, 1.143258247182981);
INSERT INTO building(id, name, level) VALUES (278, "building_furniture_manufacturies", 8);
INSERT INTO demand(goods_id, building_id, max_demand, current_input, level) VALUES (9, 278, 79.92319626168224, 8, 34.11836408120618);
INSERT INTO demand(goods_id, building_id, max_demand, current_input, level) VALUES (10, 278, 119.88479439252335, 8, 21.24059438160958);
INSERT INTO demand(goods_id, building_id, max_demand, current_input, level) VALUES (26, 278, 119.88479439252335, 8, 4.873880201790988);
INSERT INTO demand(goods_id, building_id, max_demand, current_input, level) VALUES (33, 278, 39.96159813084112, 8, 2.4412835204273735);
INSERT INTO supply(goods_id, building_id, max_supply, current_output, level) VALUES (13, 278, 319.6927943925233, 8, 56.410582493416456);
INSERT INTO supply(goods_id, building_id, max_supply, current_output, level) VALUES (49, 278, 199.808, 8, 35.256614676793475);
INSERT INTO building(id, name, level) VALUES (279, "building_iron_mine", 1);
INSERT INTO demand(goods_id, building_id, max_demand, current_input, level) VALUES (16, 279, 4.9986, 1, 0.609797255838082);
INSERT INTO demand(goods_id, building_id, max_demand, current_input, level) VALUES (23, 279, 9.9972, 1, 0.3917426709131512);
INSERT INTO demand(goods_id, building_id, max_demand, current_input, level) VALUES (33, 279, 9.9972, 1, 0.6107363256721394);
INSERT INTO supply(goods_id, building_id, max_supply, current_output, level) VALUES (24, 279, 39.9888, 1, 2.962764677681939);
INSERT INTO building(id, name, level) VALUES (280, "building_wheat_farm", 1);
INSERT INTO demand(goods_id, building_id, max_demand, current_input, level) VALUES (32, 280, 5.0, 1, 0.45671847491942097);
INSERT INTO demand(goods_id, building_id, max_demand, current_input, level) VALUES (33, 280, 1.0, 1, 0.06109073797384662);
INSERT INTO supply(goods_id, building_id, max_supply, current_output, level) VALUES (7, 280, 24.999999999999996, 1, 1.905430411971635);
INSERT INTO supply(goods_id, building_id, max_supply, current_output, level) VALUES (37, 280, 7.0, 1, 0.5335205153520579);
INSERT INTO supply(goods_id, building_id, max_supply, current_output, level) VALUES (42, 280, 5.0, 1, 0.38108608239432706);
INSERT INTO building(id, name, level) VALUES (281, "building_vineyard_plantation", 3);
INSERT INTO supply(goods_id, building_id, max_supply, current_output, level) VALUES (39, 281, 60.0, 3, 67.2);
INSERT INTO building(id, name, level) VALUES (282, "building_tooling_workshops", 4);
INSERT INTO demand(goods_id, building_id, max_demand, current_input, level) VALUES (10, 282, 119.99999999999999, 4, 21.261005940817714);
INSERT INTO demand(goods_id, building_id, max_demand, current_input, level) VALUES (30, 282, 80.0, 4, 0.40696252807050126);
INSERT INTO supply(goods_id, building_id, max_supply, current_output, level) VALUES (33, 282, 320.0, 4, 29.16193297723129);
INSERT INTO building(id, name, level) VALUES (283, "building_wheat_farm", 1);
INSERT INTO demand(goods_id, building_id, max_demand, current_input, level) VALUES (32, 283, 4.9544, 1, 0.45255320242815583);
INSERT INTO demand(goods_id, building_id, max_demand, current_input, level) VALUES (33, 283, 0.9908727272727272, 1, 0.06053314614724896);
INSERT INTO supply(goods_id, building_id, max_supply, current_output, level) VALUES (7, 283, 24.771999999999995, 1, 1.8880528866144535);
INSERT INTO supply(goods_id, building_id, max_supply, current_output, level) VALUES (37, 283, 6.936154545454545, 1, 0.5286543925217754);
INSERT INTO supply(goods_id, building_id, max_supply, current_output, level) VALUES (42, 283, 4.9544, 1, 0.3776105773228908);
INSERT INTO building(id, name, level) VALUES (284, "building_lead_mine", 2);
INSERT INTO demand(goods_id, building_id, max_demand, current_input, level) VALUES (23, 284, 20.0, 2, 0.7837047791644685);
INSERT INTO demand(goods_id, building_id, max_demand, current_input, level) VALUES (33, 284, 20.0, 2, 1.2218147594769324);
INSERT INTO supply(goods_id, building_id, max_supply, current_output, level) VALUES (25, 284, 80.0, 2, 4.011039077282802);
INSERT INTO building(id, name, level) VALUES (285, "building_sulfur_mine", 5);
INSERT INTO demand(goods_id, building_id, max_demand, current_input, level) VALUES (23, 285, 50.0, 5, 1.959261947911171);
INSERT INTO demand(goods_id, building_id, max_demand, current_input, level) VALUES (33, 285, 50.0, 5, 3.0545368986923314);
INSERT INTO supply(goods_id, building_id, max_supply, current_output, level) VALUES (22, 285, 200.0, 5, 10.027597693207005);
INSERT INTO building(id, name, level) VALUES (286, "building_logging_camp", 5);
INSERT INTO demand(goods_id, building_id, max_demand, current_input, level) VALUES (33, 286, 25.0, 5, 1.5272684493461657);
INSERT INTO supply(goods_id, building_id, max_supply, current_output, level) VALUES (10, 286, 100.0, 5, 6.109073797384663);
INSERT INTO supply(goods_id, building_id, max_supply, current_output, level) VALUES (26, 286, 100.0, 5, 6.109073797384663);
INSERT INTO building(id, name, level) VALUES (287, "building_food_industry", 3);
INSERT INTO demand(goods_id, building_id, max_demand, current_input, level) VALUES (7, 287, 120.0, 3, 71.98711692695808);
INSERT INTO demand(goods_id, building_id, max_demand, current_input, level) VALUES (42, 287, 120.0, 3, 69.20313913516542);
INSERT INTO supply(goods_id, building_id, max_supply, current_output, level) VALUES (11, 287, 104.99999999999999, 3, 61.770737027179024);
INSERT INTO supply(goods_id, building_id, max_supply, current_output, level) VALUES (38, 287, 180.0, 3, 105.89269204659263);
INSERT INTO building(id, name, level) VALUES (288, "building_logging_camp", 3);
INSERT INTO demand(goods_id, building_id, max_demand, current_input, level) VALUES (33, 288, 15.0, 3, 0.9163610696076991);
INSERT INTO supply(goods_id, building_id, max_supply, current_output, level) VALUES (10, 288, 60.0, 3, 3.6654442784307966);
INSERT INTO supply(goods_id, building_id, max_supply, current_output, level) VALUES (26, 288, 60.0, 3, 3.6654442784307966);
INSERT INTO building(id, name, level) VALUES (289, "building_fishing_wharf", 2);
INSERT INTO demand(goods_id, building_id, max_demand, current_input, level) VALUES (18, 289, 9.950999999999999, 2, 2.103301791058916);
INSERT INTO supply(goods_id, building_id, max_supply, current_output, level) VALUES (8, 289, 99.50999999999999, 2, 21.03301791058916);
INSERT INTO building(id, name, level) VALUES (290, "building_wheat_farm", 6);
INSERT INTO demand(goods_id, building_id, max_demand, current_input, level) VALUES (32, 290, 30.000000000000004, 6, 2.740310849516526);
INSERT INTO demand(goods_id, building_id, max_demand, current_input, level) VALUES (33, 290, 6.000000000000001, 6, 0.3665444278430798);
INSERT INTO supply(goods_id, building_id, max_supply, current_output, level) VALUES (7, 290, 150.0, 6, 11.432582471829809);
INSERT INTO supply(goods_id, building_id, max_supply, current_output, level) VALUES (37, 290, 42.0, 6, 3.2011230921123466);
INSERT INTO supply(goods_id, building_id, max_supply, current_output, level) VALUES (42, 290, 30.000000000000004, 6, 2.286516494365962);
INSERT INTO building(id, name, level) VALUES (291, "building_vineyard_plantation", 5);
INSERT INTO supply(goods_id, building_id, max_supply, current_output, level) VALUES (39, 291, 100.00000000000001, 5, 114.0);
INSERT INTO building(id, name, level) VALUES (292, "building_port", 1);
INSERT INTO demand(goods_id, building_id, max_demand, current_input, level) VALUES (18, 292, 4.857, 1, 1.026604039711904);
INSERT INTO building(id, name, level) VALUES (293, "building_glassworks", 2);
INSERT INTO demand(goods_id, building_id, max_demand, current_input, level) VALUES (10, 293, 29.72519801980198, 2, 5.266563430758275);
INSERT INTO demand(goods_id, building_id, max_demand, current_input, level) VALUES (21, 293, 7.431297029702971, 2, 3.1936775378717983);
INSERT INTO demand(goods_id, building_id, max_demand, current_input, level) VALUES (25, 293, 14.862594059405941, 2, 0.6383235877759184);
INSERT INTO supply(goods_id, building_id, max_supply, current_output, level) VALUES (31, 293, 29.72519801980198, 2, 6.439308479360742);
INSERT INTO supply(goods_id, building_id, max_supply, current_output, level) VALUES (35, 293, 29.72519801980198, 2, 6.439308479360742);
INSERT INTO building(id, name, level) VALUES (294, "building_wheat_farm", 5);
INSERT INTO demand(goods_id, building_id, max_demand, current_input, level) VALUES (32, 294, 22.102, 5, 2.0188783465338087);
INSERT INTO demand(goods_id, building_id, max_demand, current_input, level) VALUES (33, 294, 4.420395161290323, 5, 0.2700452025392466);
INSERT INTO supply(goods_id, building_id, max_supply, current_output, level) VALUES (7, 294, 110.50999999999999, 5, 8.422764593079416);
INSERT INTO supply(goods_id, building_id, max_supply, current_output, level) VALUES (37, 294, 30.942798387096776, 5, 2.3583739631312426);
INSERT INTO supply(goods_id, building_id, max_supply, current_output, level) VALUES (42, 294, 22.102, 5, 1.6845529186158834);
INSERT INTO building(id, name, level) VALUES (295, "building_vineyard_plantation", 4);
INSERT INTO supply(goods_id, building_id, max_supply, current_output, level) VALUES (39, 295, 79.52000000000001, 4, 97.8096);
INSERT INTO building(id, name, level) VALUES (296, "building_livestock_ranch", 4);
INSERT INTO demand(goods_id, building_id, max_demand, current_input, level) VALUES (7, 296, 22.398000000000003, 4, 13.436395374416728);
INSERT INTO demand(goods_id, building_id, max_demand, current_input, level) VALUES (33, 296, 22.398000000000003, 4, 1.368310349138217);
INSERT INTO supply(goods_id, building_id, max_supply, current_output, level) VALUES (9, 296, 44.79600000000001, 4, 14.804705723554946);
INSERT INTO supply(goods_id, building_id, max_supply, current_output, level) VALUES (32, 296, 11.199000000000002, 4, 3.7011764308887365);
INSERT INTO supply(goods_id, building_id, max_supply, current_output, level) VALUES (36, 296, 55.995000000000005, 4, 18.505882154443682);
INSERT INTO building(id, name, level) VALUES (538, "building_wheat_farm", 3);
INSERT INTO demand(goods_id, building_id, max_demand, current_input, level) VALUES (32, 538, 15.0, 3, 1.370155424758263);
INSERT INTO demand(goods_id, building_id, max_demand, current_input, level) VALUES (33, 538, 2.9999999999999996, 3, 0.18327221392153983);
INSERT INTO supply(goods_id, building_id, max_supply, current_output, level) VALUES (7, 538, 74.99999999999999, 3, 5.7162912359149045);
INSERT INTO supply(goods_id, building_id, max_supply, current_output, level) VALUES (37, 538, 20.999999999999996, 3, 1.6005615460561733);
INSERT INTO supply(goods_id, building_id, max_supply, current_output, level) VALUES (42, 538, 15.0, 3, 1.143258247182981);
INSERT INTO building(id, name, level) VALUES (539, "building_vineyard_plantation", 2);
INSERT INTO supply(goods_id, building_id, max_supply, current_output, level) VALUES (39, 539, 39.99999999999999, 2, 44.4);
INSERT INTO building(id, name, level) VALUES (540, "building_livestock_ranch", 1);
INSERT INTO demand(goods_id, building_id, max_demand, current_input, level) VALUES (7, 540, 10.0, 1, 5.998926410579841);
INSERT INTO demand(goods_id, building_id, max_demand, current_input, level) VALUES (33, 540, 10.0, 1, 0.6109073797384662);
INSERT INTO supply(goods_id, building_id, max_supply, current_output, level) VALUES (9, 540, 20.0, 1, 6.609833790318307);
INSERT INTO supply(goods_id, building_id, max_supply, current_output, level) VALUES (32, 540, 5.0, 1, 1.6524584475795767);
INSERT INTO supply(goods_id, building_id, max_supply, current_output, level) VALUES (36, 540, 24.999999999999996, 1, 8.262292237897883);
INSERT INTO building(id, name, level) VALUES (541, "building_logging_camp", 1);
INSERT INTO demand(goods_id, building_id, max_demand, current_input, level) VALUES (33, 541, 5.0, 1, 0.3054536898692331);
INSERT INTO supply(goods_id, building_id, max_supply, current_output, level) VALUES (10, 541, 20.0, 1, 1.2218147594769324);
INSERT INTO supply(goods_id, building_id, max_supply, current_output, level) VALUES (26, 541, 20.0, 1, 1.2218147594769324);
INSERT INTO building(id, name, level) VALUES (574, "building_livestock_ranch", 1);
INSERT INTO demand(goods_id, building_id, max_demand, current_input, level) VALUES (7, 574, 9.9843, 1, 5.98950809611523);
INSERT INTO demand(goods_id, building_id, max_demand, current_input, level) VALUES (33, 574, 4.992145454545454, 1, 0.30497384989096576);
INSERT INTO supply(goods_id, building_id, max_supply, current_output, level) VALUES (9, 574, 19.9686, 1, 6.599456351267507);
INSERT INTO supply(goods_id, building_id, max_supply, current_output, level) VALUES (32, 574, 4.992145454545454, 1, 1.6498625855819244);
INSERT INTO supply(goods_id, building_id, max_supply, current_output, level) VALUES (36, 574, 14.976445454545454, 1, 4.949590761215678);
INSERT INTO building(id, name, level) VALUES (575, "building_fishing_wharf", 1);
INSERT INTO demand(goods_id, building_id, max_demand, current_input, level) VALUES (18, 575, 4.999, 1, 1.056617993518593);
INSERT INTO supply(goods_id, building_id, max_supply, current_output, level) VALUES (8, 575, 49.99, 1, 10.566179935185932);
INSERT INTO building(id, name, level) VALUES (576, "building_port", 1);
INSERT INTO demand(goods_id, building_id, max_demand, current_input, level) VALUES (18, 576, 5.0, 1, 1.0568293593904714);
INSERT INTO building(id, name, level) VALUES (1096, "building_port", 1);
INSERT INTO demand(goods_id, building_id, max_demand, current_input, level) VALUES (18, 1096, 5.0, 1, 1.0568293593904714);
INSERT INTO building(id, name, level) VALUES (1097, "building_government_administration", 1);
INSERT INTO demand(goods_id, building_id, max_demand, current_input, level) VALUES (14, 1097, 20.0, 1, 2.408638917037992);
INSERT INTO building(id, name, level) VALUES (1098, "building_wheat_farm", 1);
INSERT INTO demand(goods_id, building_id, max_demand, current_input, level) VALUES (32, 1098, 5.0, 1, 0.45671847491942097);
INSERT INTO demand(goods_id, building_id, max_demand, current_input, level) VALUES (33, 1098, 1.0, 1, 0.06109073797384662);
INSERT INTO supply(goods_id, building_id, max_supply, current_output, level) VALUES (7, 1098, 25.0, 1, 1.9054304119716352);
INSERT INTO supply(goods_id, building_id, max_supply, current_output, level) VALUES (37, 1098, 7.0, 1, 0.5335205153520579);
INSERT INTO supply(goods_id, building_id, max_supply, current_output, level) VALUES (42, 1098, 5.0, 1, 0.38108608239432706);
INSERT INTO building(id, name, level) VALUES (1099, "building_livestock_ranch", 1);
INSERT INTO demand(goods_id, building_id, max_demand, current_input, level) VALUES (7, 1099, 10.0, 1, 5.998926410579841);
INSERT INTO supply(goods_id, building_id, max_supply, current_output, level) VALUES (9, 1099, 20.0, 1, 11.997852821159682);
INSERT INTO supply(goods_id, building_id, max_supply, current_output, level) VALUES (32, 1099, 5.0, 1, 2.9994632052899206);
INSERT INTO supply(goods_id, building_id, max_supply, current_output, level) VALUES (36, 1099, 5.0, 1, 2.9994632052899206);
INSERT INTO building(id, name, level) VALUES (1100, "building_government_administration", 2);
INSERT INTO demand(goods_id, building_id, max_demand, current_input, level) VALUES (14, 1100, 40.0, 2, 4.817277834075984);
INSERT INTO building(id, name, level) VALUES (1102, "building_vineyard_plantation", 1);
INSERT INTO supply(goods_id, building_id, max_supply, current_output, level) VALUES (39, 1102, 20.0, 1, 22.0);
INSERT INTO building(id, name, level) VALUES (1103, "building_livestock_ranch", 1);
INSERT INTO demand(goods_id, building_id, max_demand, current_input, level) VALUES (7, 1103, 1.7382, 1, 1.0427333886869878);
INSERT INTO supply(goods_id, building_id, max_supply, current_output, level) VALUES (9, 1103, 3.4764, 1, 2.0854667773739757);
INSERT INTO supply(goods_id, building_id, max_supply, current_output, level) VALUES (36, 1103, 3.4764, 1, 2.0854667773739757);
INSERT INTO building(id, name, level) VALUES (1105, "building_port", 1);
INSERT INTO demand(goods_id, building_id, max_demand, current_input, level) VALUES (18, 1105, 5.0, 1, 1.0568293593904714);
INSERT INTO building(id, name, level) VALUES (1106, "building_wheat_farm", 4);
INSERT INTO demand(goods_id, building_id, max_demand, current_input, level) VALUES (32, 1106, 17.186592920353984, 4, 1.5698869015289978);
INSERT INTO demand(goods_id, building_id, max_demand, current_input, level) VALUES (33, 1106, 3.437318584070797, 4, 0.20998832895210254);
INSERT INTO supply(goods_id, building_id, max_supply, current_output, level) VALUES (7, 1106, 85.933, 4, 6.549574063678341);
INSERT INTO supply(goods_id, building_id, max_supply, current_output, level) VALUES (37, 1106, 24.061238938053098, 4, 1.8338806568912982);
INSERT INTO supply(goods_id, building_id, max_supply, current_output, level) VALUES (42, 1106, 17.186592920353984, 4, 1.309914273144755);
INSERT INTO building(id, name, level) VALUES (1117, "building_port", 1);
INSERT INTO demand(goods_id, building_id, max_demand, current_input, level) VALUES (18, 1117, 5.0, 1, 1.0568293593904714);
INSERT INTO building(id, name, level) VALUES (1118, "building_fishing_wharf", 1);
INSERT INTO demand(goods_id, building_id, max_demand, current_input, level) VALUES (18, 1118, 4.887, 1, 1.0329450158682465);
INSERT INTO supply(goods_id, building_id, max_supply, current_output, level) VALUES (8, 1118, 48.87, 1, 10.329450158682466);
INSERT INTO building(id, name, level) VALUES (1119, "building_wheat_farm", 1);
INSERT INTO demand(goods_id, building_id, max_demand, current_input, level) VALUES (32, 1119, 4.89, 1, 0.4466706684711937);
INSERT INTO demand(goods_id, building_id, max_demand, current_input, level) VALUES (33, 1119, 0.978, 1, 0.059746741738421996);
INSERT INTO supply(goods_id, building_id, max_supply, current_output, level) VALUES (7, 1119, 24.45, 1, 1.8635109429082592);
INSERT INTO supply(goods_id, building_id, max_supply, current_output, level) VALUES (37, 1119, 6.846, 1, 0.5217830640143126);
INSERT INTO supply(goods_id, building_id, max_supply, current_output, level) VALUES (42, 1119, 4.89, 1, 0.3727021885816518);
INSERT INTO building(id, name, level) VALUES (1146, "building_port", 1);
INSERT INTO demand(goods_id, building_id, max_demand, current_input, level) VALUES (18, 1146, 2.69, 1, 0.5685741953520735);
INSERT INTO building(id, name, level) VALUES (1147, "building_sugar_plantation", 2);
INSERT INTO supply(goods_id, building_id, max_supply, current_output, level) VALUES (42, 1147, 59.838, 2, 60.43638);
INSERT INTO building(id, name, level) VALUES (1148, "building_port", 1);
INSERT INTO demand(goods_id, building_id, max_demand, current_input, level) VALUES (18, 1148, 5.0, 1, 1.0568293593904714);
INSERT INTO building(id, name, level) VALUES (16778787, "building_cotton_plantation", 1);
INSERT INTO demand(goods_id, building_id, max_demand, current_input, level) VALUES (16, 16778787, 5.0, 1, 0.6099680468912116);
INSERT INTO supply(goods_id, building_id, max_supply, current_output, level) VALUES (9, 16778787, 40.0, 1, 4.879744375129693);
INSERT INTO building(id, name, level) VALUES (16778819, "building_construction_sector", 1);
INSERT INTO demand(goods_id, building_id, max_demand, current_input, level) VALUES (9, 16778819, 19.9998, 1, 8.537702317574267);
INSERT INTO demand(goods_id, building_id, max_demand, current_input, level) VALUES (10, 16778819, 39.9996, 1, 7.0869311102527695);
INSERT INTO demand(goods_id, building_id, max_demand, current_input, level) VALUES (24, 16778819, 49.9995, 1, 0.634482226791017);
INSERT INTO demand(goods_id, building_id, max_demand, current_input, level) VALUES (33, 16778819, 9.9999, 1, 0.6109012706646688);
INSERT INTO building(id, name, level) VALUES (1613, "building_sugar_plantation", 3);
INSERT INTO supply(goods_id, building_id, max_supply, current_output, level) VALUES (42, 1613, 89.23769642857141, 3, 99.94622);
INSERT INTO building(id, name, level) VALUES (1614, "building_coffee_plantation", 2);
INSERT INTO supply(goods_id, building_id, max_supply, current_output, level) VALUES (41, 1614, 36.07599999999999, 2, 40.04436);
INSERT INTO building(id, name, level) VALUES (1615, "building_tobacco_plantation", 2);
INSERT INTO supply(goods_id, building_id, max_supply, current_output, level) VALUES (43, 1615, 49.51499999999999, 2, 54.96165);
INSERT INTO building(id, name, level) VALUES (1616, "building_port", 1);
INSERT INTO demand(goods_id, building_id, max_demand, current_input, level) VALUES (18, 1616, 5.0, 1, 1.0568293593904714);
INSERT INTO building(id, name, level) VALUES (1641, "building_port", 1);
INSERT INTO demand(goods_id, building_id, max_demand, current_input, level) VALUES (18, 1641, 5.0, 1, 1.0568293593904714);
INSERT INTO building(id, name, level) VALUES (16778877, "building_conscription_center", 7);
INSERT INTO building(id, name, level) VALUES (2195, "building_sugar_plantation", 2);
INSERT INTO supply(goods_id, building_id, max_supply, current_output, level) VALUES (42, 2195, 59.99999999999999, 2, 66.6);
INSERT INTO building(id, name, level) VALUES (2196, "building_port", 1);
INSERT INTO demand(goods_id, building_id, max_demand, current_input, level) VALUES (18, 2196, 5.0, 1, 1.0568293593904714);
INSERT INTO building(id, name, level) VALUES (2217, "building_dye_plantation", 2);
INSERT INTO supply(goods_id, building_id, max_supply, current_output, level) VALUES (21, 2217, 50.0, 2, 65.5);
INSERT INTO building(id, name, level) VALUES (2218, "building_port", 1);
INSERT INTO demand(goods_id, building_id, max_demand, current_input, level) VALUES (18, 2218, 5.0, 1, 1.0568293593904714);
INSERT INTO building(id, name, level) VALUES (2702, "building_subsistence_farms", 33);
INSERT INTO supply(goods_id, building_id, max_supply, current_output, level) VALUES (7, 2702, 65.69177272727272, 33, 72.26095);
INSERT INTO supply(goods_id, building_id, max_supply, current_output, level) VALUES (9, 2702, 16.422936363636364, 33, 18.06523);
INSERT INTO supply(goods_id, building_id, max_supply, current_output, level) VALUES (10, 2702, 16.422936363636364, 33, 18.06523);
INSERT INTO supply(goods_id, building_id, max_supply, current_output, level) VALUES (12, 2702, 16.422936363636364, 33, 18.06523);
INSERT INTO supply(goods_id, building_id, max_supply, current_output, level) VALUES (13, 2702, 16.422936363636364, 33, 18.06523);
INSERT INTO supply(goods_id, building_id, max_supply, current_output, level) VALUES (15, 2702, 16.422936363636364, 33, 18.06523);
INSERT INTO supply(goods_id, building_id, max_supply, current_output, level) VALUES (38, 2702, 16.422936363636364, 33, 18.06523);
INSERT INTO building(id, name, level) VALUES (2703, "building_urban_center", 3);
INSERT INTO demand(goods_id, building_id, max_demand, current_input, level) VALUES (10, 2703, 3.0, 3, 0.531525148520443);
INSERT INTO demand(goods_id, building_id, max_demand, current_input, level) VALUES (29, 2703, 3.0, 3, 0.008392770845699858);
INSERT INTO demand(goods_id, building_id, max_demand, current_input, level) VALUES (31, 2703, 3.0, 3, 0.7581028546756335);
INSERT INTO supply(goods_id, building_id, max_supply, current_output, level) VALUES (15, 2703, 60.0, 3, 8.653471826945175);
INSERT INTO supply(goods_id, building_id, max_supply, current_output, level) VALUES (16, 2703, 24.0, 3, 3.4613887307780704);
INSERT INTO building(id, name, level) VALUES (2704, "building_subsistence_farms", 114);
INSERT INTO supply(goods_id, building_id, max_supply, current_output, level) VALUES (7, 2704, 226.1212727272727, 114, 248.7334);
INSERT INTO supply(goods_id, building_id, max_supply, current_output, level) VALUES (9, 2704, 56.530318181818174, 114, 62.18335);
INSERT INTO supply(goods_id, building_id, max_supply, current_output, level) VALUES (10, 2704, 56.530318181818174, 114, 62.18335);
INSERT INTO supply(goods_id, building_id, max_supply, current_output, level) VALUES (12, 2704, 56.530318181818174, 114, 62.18335);
INSERT INTO supply(goods_id, building_id, max_supply, current_output, level) VALUES (13, 2704, 56.530318181818174, 114, 62.18335);
INSERT INTO supply(goods_id, building_id, max_supply, current_output, level) VALUES (15, 2704, 56.530318181818174, 114, 62.18335);
INSERT INTO supply(goods_id, building_id, max_supply, current_output, level) VALUES (38, 2704, 56.530318181818174, 114, 62.18335);
INSERT INTO building(id, name, level) VALUES (2705, "building_urban_center", 7);
INSERT INTO demand(goods_id, building_id, max_demand, current_input, level) VALUES (10, 2705, 7.0, 7, 1.2402253465477002);
INSERT INTO demand(goods_id, building_id, max_demand, current_input, level) VALUES (31, 2705, 7.0, 7, 1.7689066609098119);
INSERT INTO supply(goods_id, building_id, max_supply, current_output, level) VALUES (15, 2705, 140.0, 7, 30.09132007457512);
INSERT INTO supply(goods_id, building_id, max_supply, current_output, level) VALUES (16, 2705, 35.0, 7, 7.52283001864378);
INSERT INTO building(id, name, level) VALUES (16780112, "building_conscription_center", 5);
INSERT INTO building(id, name, level) VALUES (2956, "building_subsistence_farms", 5);
INSERT INTO supply(goods_id, building_id, max_supply, current_output, level) VALUES (7, 2956, 9.572, 5, 10.5292);
INSERT INTO supply(goods_id, building_id, max_supply, current_output, level) VALUES (9, 2956, 2.393, 5, 2.6323);
INSERT INTO supply(goods_id, building_id, max_supply, current_output, level) VALUES (10, 2956, 2.393, 5, 2.6323);
INSERT INTO supply(goods_id, building_id, max_supply, current_output, level) VALUES (12, 2956, 2.393, 5, 2.6323);
INSERT INTO supply(goods_id, building_id, max_supply, current_output, level) VALUES (13, 2956, 2.393, 5, 2.6323);
INSERT INTO supply(goods_id, building_id, max_supply, current_output, level) VALUES (15, 2956, 2.393, 5, 2.6323);
INSERT INTO supply(goods_id, building_id, max_supply, current_output, level) VALUES (38, 2956, 2.393, 5, 2.6323);
INSERT INTO building(id, name, level) VALUES (3041, "building_subsistence_orchards", 18);
INSERT INTO supply(goods_id, building_id, max_supply, current_output, level) VALUES (7, 3041, 0.2986181818181818, 18, 0.32848);
INSERT INTO supply(goods_id, building_id, max_supply, current_output, level) VALUES (9, 3041, 0.1493090909090909, 18, 0.16424);
INSERT INTO supply(goods_id, building_id, max_supply, current_output, level) VALUES (10, 3041, 0.4479272727272727, 18, 0.49272);
INSERT INTO supply(goods_id, building_id, max_supply, current_output, level) VALUES (12, 3041, 0.2986181818181818, 18, 0.32848);
INSERT INTO supply(goods_id, building_id, max_supply, current_output, level) VALUES (13, 3041, 0.2986181818181818, 18, 0.32848);
INSERT INTO supply(goods_id, building_id, max_supply, current_output, level) VALUES (15, 3041, 0.2986181818181818, 18, 0.32848);
INSERT INTO supply(goods_id, building_id, max_supply, current_output, level) VALUES (37, 3041, 0.7943272727272727, 18, 0.87376);
INSERT INTO supply(goods_id, building_id, max_supply, current_output, level) VALUES (38, 3041, 0.2986181818181818, 18, 0.32848);
INSERT INTO building(id, name, level) VALUES (3046, "building_subsistence_farms", 13);
INSERT INTO supply(goods_id, building_id, max_supply, current_output, level) VALUES (7, 3046, 13.182776, 13, 16.47847);
INSERT INTO supply(goods_id, building_id, max_supply, current_output, level) VALUES (9, 3046, 3.2956879999999997, 13, 4.11961);
INSERT INTO supply(goods_id, building_id, max_supply, current_output, level) VALUES (10, 3046, 3.2956879999999997, 13, 4.11961);
INSERT INTO supply(goods_id, building_id, max_supply, current_output, level) VALUES (12, 3046, 3.2956879999999997, 13, 4.11961);
INSERT INTO supply(goods_id, building_id, max_supply, current_output, level) VALUES (13, 3046, 3.2956879999999997, 13, 4.11961);
INSERT INTO supply(goods_id, building_id, max_supply, current_output, level) VALUES (15, 3046, 3.2956879999999997, 13, 4.11961);
INSERT INTO supply(goods_id, building_id, max_supply, current_output, level) VALUES (38, 3046, 3.2956879999999997, 13, 4.11961);
INSERT INTO building(id, name, level) VALUES (3048, "building_subsistence_orchards", 78);
INSERT INTO supply(goods_id, building_id, max_supply, current_output, level) VALUES (7, 3048, 35.64755454545455, 78, 39.21231);
INSERT INTO supply(goods_id, building_id, max_supply, current_output, level) VALUES (9, 3048, 17.823772727272726, 78, 19.60615);
INSERT INTO supply(goods_id, building_id, max_supply, current_output, level) VALUES (10, 3048, 53.471336363636354, 78, 58.81847);
INSERT INTO supply(goods_id, building_id, max_supply, current_output, level) VALUES (12, 3048, 35.64755454545455, 78, 39.21231);
INSERT INTO supply(goods_id, building_id, max_supply, current_output, level) VALUES (13, 3048, 35.64755454545455, 78, 39.21231);
INSERT INTO supply(goods_id, building_id, max_supply, current_output, level) VALUES (15, 3048, 35.64755454545455, 78, 39.21231);
INSERT INTO supply(goods_id, building_id, max_supply, current_output, level) VALUES (37, 3048, 94.82250909090908, 78, 104.30476);
INSERT INTO supply(goods_id, building_id, max_supply, current_output, level) VALUES (38, 3048, 35.64755454545455, 78, 39.21231);
INSERT INTO building(id, name, level) VALUES (3072, "building_subsistence_farms", 5);
INSERT INTO supply(goods_id, building_id, max_supply, current_output, level) VALUES (7, 3072, 9.5544, 5, 10.50984);
INSERT INTO supply(goods_id, building_id, max_supply, current_output, level) VALUES (9, 3072, 2.3886, 5, 2.62746);
INSERT INTO supply(goods_id, building_id, max_supply, current_output, level) VALUES (10, 3072, 2.3886, 5, 2.62746);
INSERT INTO supply(goods_id, building_id, max_supply, current_output, level) VALUES (12, 3072, 2.3886, 5, 2.62746);
INSERT INTO supply(goods_id, building_id, max_supply, current_output, level) VALUES (13, 3072, 2.3886, 5, 2.62746);
INSERT INTO supply(goods_id, building_id, max_supply, current_output, level) VALUES (15, 3072, 2.3886, 5, 2.62746);
INSERT INTO supply(goods_id, building_id, max_supply, current_output, level) VALUES (38, 3072, 2.3886, 5, 2.62746);
INSERT INTO building(id, name, level) VALUES (3104, "building_subsistence_farms", 107);
INSERT INTO supply(goods_id, building_id, max_supply, current_output, level) VALUES (7, 3104, 210.3662727272727, 107, 231.4029);
INSERT INTO supply(goods_id, building_id, max_supply, current_output, level) VALUES (9, 3104, 52.59156363636363, 107, 57.85072);
INSERT INTO supply(goods_id, building_id, max_supply, current_output, level) VALUES (10, 3104, 52.59156363636363, 107, 57.85072);
INSERT INTO supply(goods_id, building_id, max_supply, current_output, level) VALUES (12, 3104, 52.59156363636363, 107, 57.85072);
INSERT INTO supply(goods_id, building_id, max_supply, current_output, level) VALUES (13, 3104, 52.59156363636363, 107, 57.85072);
INSERT INTO supply(goods_id, building_id, max_supply, current_output, level) VALUES (15, 3104, 52.59156363636363, 107, 57.85072);
INSERT INTO supply(goods_id, building_id, max_supply, current_output, level) VALUES (38, 3104, 52.59156363636363, 107, 57.85072);
INSERT INTO building(id, name, level) VALUES (3105, "building_urban_center", 2);
INSERT INTO demand(goods_id, building_id, max_demand, current_input, level) VALUES (10, 3105, 2.0, 2, 0.3543500990136286);
INSERT INTO demand(goods_id, building_id, max_demand, current_input, level) VALUES (29, 3105, 2.0, 2, 0.005595180563799905);
INSERT INTO demand(goods_id, building_id, max_demand, current_input, level) VALUES (31, 3105, 2.0, 2, 0.5054019031170891);
INSERT INTO supply(goods_id, building_id, max_supply, current_output, level) VALUES (15, 3105, 40.0, 2, 5.76898121796345);
INSERT INTO supply(goods_id, building_id, max_supply, current_output, level) VALUES (16, 3105, 16.0, 2, 2.30759248718538);
INSERT INTO building(id, name, level) VALUES (3106, "building_subsistence_farms", 83);
INSERT INTO supply(goods_id, building_id, max_supply, current_output, level) VALUES (7, 3106, 165.22477272727272, 83, 181.74725);
INSERT INTO supply(goods_id, building_id, max_supply, current_output, level) VALUES (9, 3106, 41.30619090909091, 83, 45.43681);
INSERT INTO supply(goods_id, building_id, max_supply, current_output, level) VALUES (10, 3106, 41.30619090909091, 83, 45.43681);
INSERT INTO supply(goods_id, building_id, max_supply, current_output, level) VALUES (12, 3106, 41.30619090909091, 83, 45.43681);
INSERT INTO supply(goods_id, building_id, max_supply, current_output, level) VALUES (13, 3106, 41.30619090909091, 83, 45.43681);
INSERT INTO supply(goods_id, building_id, max_supply, current_output, level) VALUES (15, 3106, 41.30619090909091, 83, 45.43681);
INSERT INTO supply(goods_id, building_id, max_supply, current_output, level) VALUES (38, 3106, 41.30619090909091, 83, 45.43681);
INSERT INTO building(id, name, level) VALUES (3107, "building_urban_center", 5);
INSERT INTO demand(goods_id, building_id, max_demand, current_input, level) VALUES (10, 3107, 5.0, 5, 0.8858752475340715);
INSERT INTO demand(goods_id, building_id, max_demand, current_input, level) VALUES (29, 3107, 5.0, 5, 0.013987951409499764);
INSERT INTO demand(goods_id, building_id, max_demand, current_input, level) VALUES (31, 3107, 5.0, 5, 1.2635047577927225);
INSERT INTO supply(goods_id, building_id, max_supply, current_output, level) VALUES (15, 3107, 100.0, 5, 14.422453044908625);
INSERT INTO supply(goods_id, building_id, max_supply, current_output, level) VALUES (16, 3107, 40.0, 5, 5.76898121796345);
INSERT INTO building(id, name, level) VALUES (3108, "building_subsistence_farms", 63);
INSERT INTO supply(goods_id, building_id, max_supply, current_output, level) VALUES (7, 3108, 124.5825, 63, 149.499);
INSERT INTO supply(goods_id, building_id, max_supply, current_output, level) VALUES (9, 3108, 31.145625, 63, 37.37475);
INSERT INTO supply(goods_id, building_id, max_supply, current_output, level) VALUES (10, 3108, 31.145625, 63, 37.37475);
INSERT INTO supply(goods_id, building_id, max_supply, current_output, level) VALUES (12, 3108, 31.145625, 63, 37.37475);
INSERT INTO supply(goods_id, building_id, max_supply, current_output, level) VALUES (13, 3108, 31.145625, 63, 37.37475);
INSERT INTO supply(goods_id, building_id, max_supply, current_output, level) VALUES (15, 3108, 31.145625, 63, 37.37475);
INSERT INTO supply(goods_id, building_id, max_supply, current_output, level) VALUES (38, 3108, 31.145625, 63, 37.37475);
INSERT INTO building(id, name, level) VALUES (3109, "building_urban_center", 4);
INSERT INTO demand(goods_id, building_id, max_demand, current_input, level) VALUES (10, 3109, 4.0, 4, 0.7087001980272573);
INSERT INTO demand(goods_id, building_id, max_demand, current_input, level) VALUES (29, 3109, 4.0, 4, 0.01119036112759981);
INSERT INTO demand(goods_id, building_id, max_demand, current_input, level) VALUES (31, 3109, 4.0, 4, 1.0108038062341782);
INSERT INTO supply(goods_id, building_id, max_supply, current_output, level) VALUES (15, 3109, 80.0, 4, 11.5379624359269);
INSERT INTO supply(goods_id, building_id, max_supply, current_output, level) VALUES (16, 3109, 32.0, 4, 4.61518497437076);
INSERT INTO building(id, name, level) VALUES (3110, "building_subsistence_farms", 73);
INSERT INTO supply(goods_id, building_id, max_supply, current_output, level) VALUES (7, 3110, 144.4816, 73, 173.37792);
INSERT INTO supply(goods_id, building_id, max_supply, current_output, level) VALUES (9, 3110, 36.1204, 73, 43.34448);
INSERT INTO supply(goods_id, building_id, max_supply, current_output, level) VALUES (10, 3110, 36.1204, 73, 43.34448);
INSERT INTO supply(goods_id, building_id, max_supply, current_output, level) VALUES (12, 3110, 36.1204, 73, 43.34448);
INSERT INTO supply(goods_id, building_id, max_supply, current_output, level) VALUES (13, 3110, 36.1204, 73, 43.34448);
INSERT INTO supply(goods_id, building_id, max_supply, current_output, level) VALUES (15, 3110, 36.1204, 73, 43.34448);
INSERT INTO supply(goods_id, building_id, max_supply, current_output, level) VALUES (38, 3110, 36.1204, 73, 43.34448);
INSERT INTO building(id, name, level) VALUES (3111, "building_urban_center", 1);
INSERT INTO demand(goods_id, building_id, max_demand, current_input, level) VALUES (10, 3111, 1.0, 1, 0.1771750495068143);
INSERT INTO demand(goods_id, building_id, max_demand, current_input, level) VALUES (29, 3111, 1.0, 1, 0.0027975902818999526);
INSERT INTO demand(goods_id, building_id, max_demand, current_input, level) VALUES (31, 3111, 1.0, 1, 0.25270095155854455);
INSERT INTO supply(goods_id, building_id, max_supply, current_output, level) VALUES (15, 3111, 20.0, 1, 2.884490608981725);
INSERT INTO supply(goods_id, building_id, max_supply, current_output, level) VALUES (16, 3111, 8.0, 1, 1.15379624359269);
INSERT INTO building(id, name, level) VALUES (3112, "building_subsistence_farms", 56);
INSERT INTO supply(goods_id, building_id, max_supply, current_output, level) VALUES (7, 3112, 106.93311818181817, 56, 117.62643);
INSERT INTO supply(goods_id, building_id, max_supply, current_output, level) VALUES (9, 3112, 26.733272727272727, 56, 29.4066);
INSERT INTO supply(goods_id, building_id, max_supply, current_output, level) VALUES (10, 3112, 26.733272727272727, 56, 29.4066);
INSERT INTO supply(goods_id, building_id, max_supply, current_output, level) VALUES (12, 3112, 26.733272727272727, 56, 29.4066);
INSERT INTO supply(goods_id, building_id, max_supply, current_output, level) VALUES (13, 3112, 26.733272727272727, 56, 29.4066);
INSERT INTO supply(goods_id, building_id, max_supply, current_output, level) VALUES (15, 3112, 26.733272727272727, 56, 29.4066);
INSERT INTO supply(goods_id, building_id, max_supply, current_output, level) VALUES (38, 3112, 26.733272727272727, 56, 29.4066);
INSERT INTO building(id, name, level) VALUES (3113, "building_urban_center", 2);
INSERT INTO demand(goods_id, building_id, max_demand, current_input, level) VALUES (10, 3113, 2.0, 2, 0.3543500990136286);
INSERT INTO demand(goods_id, building_id, max_demand, current_input, level) VALUES (29, 3113, 2.0, 2, 0.005595180563799905);
INSERT INTO demand(goods_id, building_id, max_demand, current_input, level) VALUES (31, 3113, 2.0, 2, 0.5054019031170891);
INSERT INTO supply(goods_id, building_id, max_supply, current_output, level) VALUES (15, 3113, 40.0, 2, 5.76898121796345);
INSERT INTO supply(goods_id, building_id, max_supply, current_output, level) VALUES (16, 3113, 16.0, 2, 2.30759248718538);
INSERT INTO building(id, name, level) VALUES (3114, "building_subsistence_farms", 86);
INSERT INTO supply(goods_id, building_id, max_supply, current_output, level) VALUES (7, 3114, 165.54139999999998, 86, 182.09554);
INSERT INTO supply(goods_id, building_id, max_supply, current_output, level) VALUES (9, 3114, 41.38534545454545, 86, 45.52388);
INSERT INTO supply(goods_id, building_id, max_supply, current_output, level) VALUES (10, 3114, 41.38534545454545, 86, 45.52388);
INSERT INTO supply(goods_id, building_id, max_supply, current_output, level) VALUES (12, 3114, 41.38534545454545, 86, 45.52388);
INSERT INTO supply(goods_id, building_id, max_supply, current_output, level) VALUES (13, 3114, 41.38534545454545, 86, 45.52388);
INSERT INTO supply(goods_id, building_id, max_supply, current_output, level) VALUES (15, 3114, 41.38534545454545, 86, 45.52388);
INSERT INTO supply(goods_id, building_id, max_supply, current_output, level) VALUES (38, 3114, 41.38534545454545, 86, 45.52388);
INSERT INTO building(id, name, level) VALUES (3115, "building_urban_center", 1);
INSERT INTO demand(goods_id, building_id, max_demand, current_input, level) VALUES (10, 3115, 1.0, 1, 0.1771750495068143);
INSERT INTO demand(goods_id, building_id, max_demand, current_input, level) VALUES (29, 3115, 1.0, 1, 0.0027975902818999526);
INSERT INTO demand(goods_id, building_id, max_demand, current_input, level) VALUES (31, 3115, 1.0, 1, 0.25270095155854455);
INSERT INTO supply(goods_id, building_id, max_supply, current_output, level) VALUES (15, 3115, 20.0, 1, 2.884490608981725);
INSERT INTO supply(goods_id, building_id, max_supply, current_output, level) VALUES (16, 3115, 8.0, 1, 1.15379624359269);
INSERT INTO building(id, name, level) VALUES (3116, "building_subsistence_farms", 78);
INSERT INTO supply(goods_id, building_id, max_supply, current_output, level) VALUES (7, 3116, 154.2652727272727, 78, 169.6918);
INSERT INTO supply(goods_id, building_id, max_supply, current_output, level) VALUES (9, 3116, 38.566318181818176, 78, 42.42295);
INSERT INTO supply(goods_id, building_id, max_supply, current_output, level) VALUES (10, 3116, 38.566318181818176, 78, 42.42295);
INSERT INTO supply(goods_id, building_id, max_supply, current_output, level) VALUES (12, 3116, 38.566318181818176, 78, 42.42295);
INSERT INTO supply(goods_id, building_id, max_supply, current_output, level) VALUES (13, 3116, 38.566318181818176, 78, 42.42295);
INSERT INTO supply(goods_id, building_id, max_supply, current_output, level) VALUES (15, 3116, 38.566318181818176, 78, 42.42295);
INSERT INTO supply(goods_id, building_id, max_supply, current_output, level) VALUES (38, 3116, 38.566318181818176, 78, 42.42295);
INSERT INTO building(id, name, level) VALUES (3117, "building_urban_center", 1);
INSERT INTO demand(goods_id, building_id, max_demand, current_input, level) VALUES (10, 3117, 1.0, 1, 0.1771750495068143);
INSERT INTO demand(goods_id, building_id, max_demand, current_input, level) VALUES (31, 3117, 1.0, 1, 0.25270095155854455);
INSERT INTO supply(goods_id, building_id, max_supply, current_output, level) VALUES (15, 3117, 20.0, 1, 4.298760010653588);
INSERT INTO supply(goods_id, building_id, max_supply, current_output, level) VALUES (16, 3117, 5.0, 1, 1.074690002663397);
INSERT INTO building(id, name, level) VALUES (3118, "building_subsistence_farms", 104);
INSERT INTO supply(goods_id, building_id, max_supply, current_output, level) VALUES (7, 3118, 206.60223636363637, 104, 227.26246);
INSERT INTO supply(goods_id, building_id, max_supply, current_output, level) VALUES (9, 3118, 51.65055454545454, 104, 56.81561);
INSERT INTO supply(goods_id, building_id, max_supply, current_output, level) VALUES (10, 3118, 51.65055454545454, 104, 56.81561);
INSERT INTO supply(goods_id, building_id, max_supply, current_output, level) VALUES (12, 3118, 51.65055454545454, 104, 56.81561);
INSERT INTO supply(goods_id, building_id, max_supply, current_output, level) VALUES (13, 3118, 51.65055454545454, 104, 56.81561);
INSERT INTO supply(goods_id, building_id, max_supply, current_output, level) VALUES (15, 3118, 51.65055454545454, 104, 56.81561);
INSERT INTO supply(goods_id, building_id, max_supply, current_output, level) VALUES (38, 3118, 51.65055454545454, 104, 56.81561);
INSERT INTO building(id, name, level) VALUES (3119, "building_urban_center", 3);
INSERT INTO demand(goods_id, building_id, max_demand, current_input, level) VALUES (10, 3119, 3.0, 3, 0.531525148520443);
INSERT INTO demand(goods_id, building_id, max_demand, current_input, level) VALUES (29, 3119, 3.0, 3, 0.008392770845699858);
INSERT INTO demand(goods_id, building_id, max_demand, current_input, level) VALUES (31, 3119, 3.0, 3, 0.7581028546756335);
INSERT INTO supply(goods_id, building_id, max_supply, current_output, level) VALUES (15, 3119, 60.0, 3, 8.653471826945175);
INSERT INTO supply(goods_id, building_id, max_supply, current_output, level) VALUES (16, 3119, 24.0, 3, 3.4613887307780704);
INSERT INTO building(id, name, level) VALUES (3120, "building_subsistence_farms", 111);
INSERT INTO supply(goods_id, building_id, max_supply, current_output, level) VALUES (7, 3120, 220.8567, 111, 242.94237);
INSERT INTO supply(goods_id, building_id, max_supply, current_output, level) VALUES (9, 3120, 55.214172727272725, 111, 60.73559);
INSERT INTO supply(goods_id, building_id, max_supply, current_output, level) VALUES (10, 3120, 55.214172727272725, 111, 60.73559);
INSERT INTO supply(goods_id, building_id, max_supply, current_output, level) VALUES (12, 3120, 55.214172727272725, 111, 60.73559);
INSERT INTO supply(goods_id, building_id, max_supply, current_output, level) VALUES (13, 3120, 55.214172727272725, 111, 60.73559);
INSERT INTO supply(goods_id, building_id, max_supply, current_output, level) VALUES (15, 3120, 55.214172727272725, 111, 60.73559);
INSERT INTO supply(goods_id, building_id, max_supply, current_output, level) VALUES (38, 3120, 55.214172727272725, 111, 60.73559);
INSERT INTO building(id, name, level) VALUES (3121, "building_urban_center", 3);
INSERT INTO demand(goods_id, building_id, max_demand, current_input, level) VALUES (10, 3121, 3.0, 3, 0.531525148520443);
INSERT INTO demand(goods_id, building_id, max_demand, current_input, level) VALUES (29, 3121, 3.0, 3, 0.008392770845699858);
INSERT INTO demand(goods_id, building_id, max_demand, current_input, level) VALUES (31, 3121, 3.0, 3, 0.7581028546756335);
INSERT INTO supply(goods_id, building_id, max_supply, current_output, level) VALUES (15, 3121, 60.0, 3, 8.653471826945175);
INSERT INTO supply(goods_id, building_id, max_supply, current_output, level) VALUES (16, 3121, 24.0, 3, 3.4613887307780704);
INSERT INTO building(id, name, level) VALUES (3122, "building_subsistence_farms", 62);
INSERT INTO supply(goods_id, building_id, max_supply, current_output, level) VALUES (7, 3122, 118.6146727272727, 62, 130.47614);
INSERT INTO supply(goods_id, building_id, max_supply, current_output, level) VALUES (9, 3122, 29.653663636363635, 62, 32.61903);
INSERT INTO supply(goods_id, building_id, max_supply, current_output, level) VALUES (10, 3122, 29.653663636363635, 62, 32.61903);
INSERT INTO supply(goods_id, building_id, max_supply, current_output, level) VALUES (12, 3122, 29.653663636363635, 62, 32.61903);
INSERT INTO supply(goods_id, building_id, max_supply, current_output, level) VALUES (13, 3122, 29.653663636363635, 62, 32.61903);
INSERT INTO supply(goods_id, building_id, max_supply, current_output, level) VALUES (15, 3122, 29.653663636363635, 62, 32.61903);
INSERT INTO supply(goods_id, building_id, max_supply, current_output, level) VALUES (38, 3122, 29.653663636363635, 62, 32.61903);
INSERT INTO building(id, name, level) VALUES (3123, "building_urban_center", 2);
INSERT INTO demand(goods_id, building_id, max_demand, current_input, level) VALUES (10, 3123, 2.0, 2, 0.3543500990136286);
INSERT INTO demand(goods_id, building_id, max_demand, current_input, level) VALUES (29, 3123, 2.0, 2, 0.005595180563799905);
INSERT INTO demand(goods_id, building_id, max_demand, current_input, level) VALUES (31, 3123, 2.0, 2, 0.5054019031170891);
INSERT INTO supply(goods_id, building_id, max_supply, current_output, level) VALUES (15, 3123, 40.0, 2, 5.76898121796345);
INSERT INTO supply(goods_id, building_id, max_supply, current_output, level) VALUES (16, 3123, 16.0, 2, 2.30759248718538);
INSERT INTO building(id, name, level) VALUES (3124, "building_subsistence_farms", 74);
INSERT INTO supply(goods_id, building_id, max_supply, current_output, level) VALUES (7, 3124, 97.21083333333334, 74, 116.653);
INSERT INTO supply(goods_id, building_id, max_supply, current_output, level) VALUES (9, 3124, 24.302708333333335, 74, 29.16325);
INSERT INTO supply(goods_id, building_id, max_supply, current_output, level) VALUES (10, 3124, 24.302708333333335, 74, 29.16325);
INSERT INTO supply(goods_id, building_id, max_supply, current_output, level) VALUES (12, 3124, 24.302708333333335, 74, 29.16325);
INSERT INTO supply(goods_id, building_id, max_supply, current_output, level) VALUES (13, 3124, 24.302708333333335, 74, 29.16325);
INSERT INTO supply(goods_id, building_id, max_supply, current_output, level) VALUES (15, 3124, 24.302708333333335, 74, 29.16325);
INSERT INTO supply(goods_id, building_id, max_supply, current_output, level) VALUES (38, 3124, 24.302708333333335, 74, 29.16325);
INSERT INTO building(id, name, level) VALUES (3125, "building_urban_center", 2);
INSERT INTO demand(goods_id, building_id, max_demand, current_input, level) VALUES (10, 3125, 2.0, 2, 0.3543500990136286);
INSERT INTO demand(goods_id, building_id, max_demand, current_input, level) VALUES (29, 3125, 2.0, 2, 0.005595180563799905);
INSERT INTO demand(goods_id, building_id, max_demand, current_input, level) VALUES (31, 3125, 2.0, 2, 0.5054019031170891);
INSERT INTO supply(goods_id, building_id, max_supply, current_output, level) VALUES (15, 3125, 40.0, 2, 5.76898121796345);
INSERT INTO supply(goods_id, building_id, max_supply, current_output, level) VALUES (16, 3125, 16.0, 2, 2.30759248718538);
INSERT INTO building(id, name, level) VALUES (3126, "building_subsistence_farms", 46);
INSERT INTO supply(goods_id, building_id, max_supply, current_output, level) VALUES (7, 3126, 73.00751818181817, 46, 80.30827);
INSERT INTO supply(goods_id, building_id, max_supply, current_output, level) VALUES (9, 3126, 18.251872727272726, 46, 20.07706);
INSERT INTO supply(goods_id, building_id, max_supply, current_output, level) VALUES (10, 3126, 18.251872727272726, 46, 20.07706);
INSERT INTO supply(goods_id, building_id, max_supply, current_output, level) VALUES (12, 3126, 18.251872727272726, 46, 20.07706);
INSERT INTO supply(goods_id, building_id, max_supply, current_output, level) VALUES (13, 3126, 18.251872727272726, 46, 20.07706);
INSERT INTO supply(goods_id, building_id, max_supply, current_output, level) VALUES (15, 3126, 18.251872727272726, 46, 20.07706);
INSERT INTO supply(goods_id, building_id, max_supply, current_output, level) VALUES (38, 3126, 18.251872727272726, 46, 20.07706);
INSERT INTO building(id, name, level) VALUES (3127, "building_urban_center", 2);
INSERT INTO demand(goods_id, building_id, max_demand, current_input, level) VALUES (10, 3127, 1.8464356435643565, 2, 0.32714232655966136);
INSERT INTO demand(goods_id, building_id, max_demand, current_input, level) VALUES (29, 3127, 1.8464356435643565, 2, 0.005165570412589329);
INSERT INTO demand(goods_id, building_id, max_demand, current_input, level) VALUES (31, 3127, 1.8464356435643565, 2, 0.46659604412032646);
INSERT INTO supply(goods_id, building_id, max_supply, current_output, level) VALUES (15, 3127, 36.928792079207916, 2, 5.326037697675697);
INSERT INTO supply(goods_id, building_id, max_supply, current_output, level) VALUES (16, 3127, 14.771514851485149, 2, 2.13041479347715);
INSERT INTO building(id, name, level) VALUES (3128, "building_subsistence_farms", 54);
INSERT INTO supply(goods_id, building_id, max_supply, current_output, level) VALUES (7, 3128, 94.39415454545453, 54, 103.83357);
INSERT INTO supply(goods_id, building_id, max_supply, current_output, level) VALUES (9, 3128, 23.598536363636363, 54, 25.95839);
INSERT INTO supply(goods_id, building_id, max_supply, current_output, level) VALUES (10, 3128, 23.598536363636363, 54, 25.95839);
INSERT INTO supply(goods_id, building_id, max_supply, current_output, level) VALUES (12, 3128, 23.598536363636363, 54, 25.95839);
INSERT INTO supply(goods_id, building_id, max_supply, current_output, level) VALUES (13, 3128, 23.598536363636363, 54, 25.95839);
INSERT INTO supply(goods_id, building_id, max_supply, current_output, level) VALUES (15, 3128, 23.598536363636363, 54, 25.95839);
INSERT INTO supply(goods_id, building_id, max_supply, current_output, level) VALUES (38, 3128, 23.598536363636363, 54, 25.95839);
INSERT INTO building(id, name, level) VALUES (3129, "building_urban_center", 2);
INSERT INTO demand(goods_id, building_id, max_demand, current_input, level) VALUES (10, 3129, 1.9774950495049506, 2, 0.35036278329551984);
INSERT INTO demand(goods_id, building_id, max_demand, current_input, level) VALUES (29, 3129, 1.9774950495049506, 2, 0.005532220933000315);
INSERT INTO demand(goods_id, building_id, max_demand, current_input, level) VALUES (31, 3129, 1.9774950495049506, 2, 0.49971488071221215);
INSERT INTO supply(goods_id, building_id, max_supply, current_output, level) VALUES (15, 3129, 39.550000000000004, 2, 5.7040801792613625);
INSERT INTO supply(goods_id, building_id, max_supply, current_output, level) VALUES (16, 3129, 15.819999999999999, 2, 2.281632071704544);
INSERT INTO building(id, name, level) VALUES (3130, "building_subsistence_farms", 79);
INSERT INTO supply(goods_id, building_id, max_supply, current_output, level) VALUES (7, 3130, 154.90793636363634, 79, 170.39873);
INSERT INTO supply(goods_id, building_id, max_supply, current_output, level) VALUES (9, 3130, 38.72698181818181, 79, 42.59968);
INSERT INTO supply(goods_id, building_id, max_supply, current_output, level) VALUES (10, 3130, 38.72698181818181, 79, 42.59968);
INSERT INTO supply(goods_id, building_id, max_supply, current_output, level) VALUES (12, 3130, 38.72698181818181, 79, 42.59968);
INSERT INTO supply(goods_id, building_id, max_supply, current_output, level) VALUES (13, 3130, 38.72698181818181, 79, 42.59968);
INSERT INTO supply(goods_id, building_id, max_supply, current_output, level) VALUES (15, 3130, 38.72698181818181, 79, 42.59968);
INSERT INTO supply(goods_id, building_id, max_supply, current_output, level) VALUES (38, 3130, 38.72698181818181, 79, 42.59968);
INSERT INTO building(id, name, level) VALUES (3131, "building_urban_center", 1);
INSERT INTO demand(goods_id, building_id, max_demand, current_input, level) VALUES (10, 3131, 1.0, 1, 0.1771750495068143);
INSERT INTO demand(goods_id, building_id, max_demand, current_input, level) VALUES (31, 3131, 1.0, 1, 0.25270095155854455);
INSERT INTO supply(goods_id, building_id, max_supply, current_output, level) VALUES (15, 3131, 20.0, 1, 4.298760010653588);
INSERT INTO supply(goods_id, building_id, max_supply, current_output, level) VALUES (16, 3131, 5.0, 1, 1.074690002663397);
INSERT INTO building(id, name, level) VALUES (3132, "building_subsistence_farms", 106);
INSERT INTO supply(goods_id, building_id, max_supply, current_output, level) VALUES (7, 3132, 182.50231818181817, 106, 200.75255);
INSERT INTO supply(goods_id, building_id, max_supply, current_output, level) VALUES (9, 3132, 45.625572727272726, 106, 50.18813);
INSERT INTO supply(goods_id, building_id, max_supply, current_output, level) VALUES (10, 3132, 45.625572727272726, 106, 50.18813);
INSERT INTO supply(goods_id, building_id, max_supply, current_output, level) VALUES (12, 3132, 45.625572727272726, 106, 50.18813);
INSERT INTO supply(goods_id, building_id, max_supply, current_output, level) VALUES (13, 3132, 45.625572727272726, 106, 50.18813);
INSERT INTO supply(goods_id, building_id, max_supply, current_output, level) VALUES (15, 3132, 45.625572727272726, 106, 50.18813);
INSERT INTO supply(goods_id, building_id, max_supply, current_output, level) VALUES (38, 3132, 45.625572727272726, 106, 50.18813);
INSERT INTO building(id, name, level) VALUES (3133, "building_subsistence_farms", 57);
INSERT INTO supply(goods_id, building_id, max_supply, current_output, level) VALUES (7, 3133, 112.3356, 57, 134.80272);
INSERT INTO supply(goods_id, building_id, max_supply, current_output, level) VALUES (9, 3133, 28.0839, 57, 33.70068);
INSERT INTO supply(goods_id, building_id, max_supply, current_output, level) VALUES (10, 3133, 28.0839, 57, 33.70068);
INSERT INTO supply(goods_id, building_id, max_supply, current_output, level) VALUES (12, 3133, 28.0839, 57, 33.70068);
INSERT INTO supply(goods_id, building_id, max_supply, current_output, level) VALUES (13, 3133, 28.0839, 57, 33.70068);
INSERT INTO supply(goods_id, building_id, max_supply, current_output, level) VALUES (15, 3133, 28.0839, 57, 33.70068);
INSERT INTO supply(goods_id, building_id, max_supply, current_output, level) VALUES (38, 3133, 28.0839, 57, 33.70068);
INSERT INTO building(id, name, level) VALUES (3134, "building_urban_center", 1);
INSERT INTO demand(goods_id, building_id, max_demand, current_input, level) VALUES (10, 3134, 1.0, 1, 0.1771750495068143);
INSERT INTO demand(goods_id, building_id, max_demand, current_input, level) VALUES (31, 3134, 1.0, 1, 0.25270095155854455);
INSERT INTO supply(goods_id, building_id, max_supply, current_output, level) VALUES (15, 3134, 20.0, 1, 4.298760010653588);
INSERT INTO supply(goods_id, building_id, max_supply, current_output, level) VALUES (16, 3134, 5.0, 1, 1.074690002663397);
INSERT INTO building(id, name, level) VALUES (3135, "building_subsistence_farms", 31);
INSERT INTO supply(goods_id, building_id, max_supply, current_output, level) VALUES (7, 3135, 51.25601666666667, 31, 61.50722);
INSERT INTO supply(goods_id, building_id, max_supply, current_output, level) VALUES (9, 3135, 12.814, 31, 15.3768);
INSERT INTO supply(goods_id, building_id, max_supply, current_output, level) VALUES (10, 3135, 12.814, 31, 15.3768);
INSERT INTO supply(goods_id, building_id, max_supply, current_output, level) VALUES (12, 3135, 12.814, 31, 15.3768);
INSERT INTO supply(goods_id, building_id, max_supply, current_output, level) VALUES (13, 3135, 12.814, 31, 15.3768);
INSERT INTO supply(goods_id, building_id, max_supply, current_output, level) VALUES (15, 3135, 12.814, 31, 15.3768);
INSERT INTO supply(goods_id, building_id, max_supply, current_output, level) VALUES (38, 3135, 12.814, 31, 15.3768);
INSERT INTO building(id, name, level) VALUES (3136, "building_urban_center", 13);
INSERT INTO demand(goods_id, building_id, max_demand, current_input, level) VALUES (10, 3136, 9.383785714285715, 13, 1.6625726984899085);
INSERT INTO demand(goods_id, building_id, max_demand, current_input, level) VALUES (31, 3136, 9.383785714285715, 13, 2.371291579221477);
INSERT INTO supply(goods_id, building_id, max_supply, current_output, level) VALUES (15, 3136, 187.6757946428571, 13, 40.338660048917454);
INSERT INTO supply(goods_id, building_id, max_supply, current_output, level) VALUES (16, 3136, 46.918946428571424, 13, 10.084664532457042);
INSERT INTO building(id, name, level) VALUES (3177, "building_subsistence_fishing_villages", 5);
INSERT INTO supply(goods_id, building_id, max_supply, current_output, level) VALUES (7, 3177, 2.4871, 5, 2.73581);
INSERT INTO supply(goods_id, building_id, max_supply, current_output, level) VALUES (8, 3177, 9.9484, 5, 10.94324);
INSERT INTO supply(goods_id, building_id, max_supply, current_output, level) VALUES (9, 3177, 1.2435454545454543, 5, 1.3679);
INSERT INTO supply(goods_id, building_id, max_supply, current_output, level) VALUES (10, 3177, 3.7306454545454546, 5, 4.10371);
INSERT INTO supply(goods_id, building_id, max_supply, current_output, level) VALUES (12, 3177, 2.4871, 5, 2.73581);
INSERT INTO supply(goods_id, building_id, max_supply, current_output, level) VALUES (13, 3177, 2.4871, 5, 2.73581);
INSERT INTO supply(goods_id, building_id, max_supply, current_output, level) VALUES (15, 3177, 2.4871, 5, 2.73581);
INSERT INTO supply(goods_id, building_id, max_supply, current_output, level) VALUES (38, 3177, 2.4871, 5, 2.73581);
INSERT INTO building(id, name, level) VALUES (3203, "building_subsistence_rice_paddies", 12);
INSERT INTO supply(goods_id, building_id, max_supply, current_output, level) VALUES (7, 3203, 31.957199999999997, 12, 41.54436);
INSERT INTO supply(goods_id, building_id, max_supply, current_output, level) VALUES (9, 3203, 5.3262, 12, 6.92406);
INSERT INTO supply(goods_id, building_id, max_supply, current_output, level) VALUES (10, 3203, 5.3262, 12, 6.92406);
INSERT INTO supply(goods_id, building_id, max_supply, current_output, level) VALUES (12, 3203, 7.1015999999999995, 12, 9.23208);
INSERT INTO supply(goods_id, building_id, max_supply, current_output, level) VALUES (13, 3203, 7.1015999999999995, 12, 9.23208);
INSERT INTO supply(goods_id, building_id, max_supply, current_output, level) VALUES (15, 3203, 7.1015999999999995, 12, 9.23208);
INSERT INTO supply(goods_id, building_id, max_supply, current_output, level) VALUES (38, 3203, 7.1015999999999995, 12, 9.23208);
INSERT INTO building(id, name, level) VALUES (3400, "building_subsistence_farms", 2);
INSERT INTO supply(goods_id, building_id, max_supply, current_output, level) VALUES (7, 3400, 3.8395999999999995, 2, 4.22356);
INSERT INTO supply(goods_id, building_id, max_supply, current_output, level) VALUES (9, 3400, 0.9598999999999999, 2, 1.05589);
INSERT INTO supply(goods_id, building_id, max_supply, current_output, level) VALUES (10, 3400, 0.9598999999999999, 2, 1.05589);
INSERT INTO supply(goods_id, building_id, max_supply, current_output, level) VALUES (12, 3400, 0.9598999999999999, 2, 1.05589);
INSERT INTO supply(goods_id, building_id, max_supply, current_output, level) VALUES (13, 3400, 0.9598999999999999, 2, 1.05589);
INSERT INTO supply(goods_id, building_id, max_supply, current_output, level) VALUES (15, 3400, 0.9598999999999999, 2, 1.05589);
INSERT INTO supply(goods_id, building_id, max_supply, current_output, level) VALUES (38, 3400, 0.9598999999999999, 2, 1.05589);
INSERT INTO building(id, name, level) VALUES (3407, "building_subsistence_orchards", 20);
INSERT INTO supply(goods_id, building_id, max_supply, current_output, level) VALUES (7, 3407, 5.5843, 20, 5.5843);
INSERT INTO supply(goods_id, building_id, max_supply, current_output, level) VALUES (9, 3407, 2.79215, 20, 2.79215);
INSERT INTO supply(goods_id, building_id, max_supply, current_output, level) VALUES (10, 3407, 8.37645, 20, 8.37645);
INSERT INTO supply(goods_id, building_id, max_supply, current_output, level) VALUES (12, 3407, 5.5843, 20, 5.5843);
INSERT INTO supply(goods_id, building_id, max_supply, current_output, level) VALUES (13, 3407, 5.5843, 20, 5.5843);
INSERT INTO supply(goods_id, building_id, max_supply, current_output, level) VALUES (15, 3407, 5.5843, 20, 5.5843);
INSERT INTO supply(goods_id, building_id, max_supply, current_output, level) VALUES (37, 3407, 14.85423, 20, 14.85423);
INSERT INTO supply(goods_id, building_id, max_supply, current_output, level) VALUES (38, 3407, 5.5843, 20, 5.5843);
INSERT INTO building(id, name, level) VALUES (3753, "building_subsistence_pastures", 9);
INSERT INTO supply(goods_id, building_id, max_supply, current_output, level) VALUES (7, 3753, 4.5, 9, 4.95);
INSERT INTO supply(goods_id, building_id, max_supply, current_output, level) VALUES (9, 3753, 6.749999999999999, 9, 7.425);
INSERT INTO supply(goods_id, building_id, max_supply, current_output, level) VALUES (10, 3753, 2.25, 9, 2.475);
INSERT INTO supply(goods_id, building_id, max_supply, current_output, level) VALUES (12, 3753, 4.5, 9, 4.95);
INSERT INTO supply(goods_id, building_id, max_supply, current_output, level) VALUES (13, 3753, 4.5, 9, 4.95);
INSERT INTO supply(goods_id, building_id, max_supply, current_output, level) VALUES (15, 3753, 4.5, 9, 4.95);
INSERT INTO supply(goods_id, building_id, max_supply, current_output, level) VALUES (36, 3753, 11.969999999999999, 9, 13.167);
INSERT INTO supply(goods_id, building_id, max_supply, current_output, level) VALUES (38, 3753, 4.5, 9, 4.95);
INSERT INTO building(id, name, level) VALUES (3798, "building_barracks", 20);
INSERT INTO demand(goods_id, building_id, max_demand, current_input, level) VALUES (0, 3798, 20.0, 20, 1.0690366660627424);
INSERT INTO demand(goods_id, building_id, max_demand, current_input, level) VALUES (1, 3798, 40.0, 20, 2.0142489070176968);
INSERT INTO building(id, name, level) VALUES (3799, "building_barracks", 15);
INSERT INTO demand(goods_id, building_id, max_demand, current_input, level) VALUES (0, 3799, 15.0, 15, 0.8017774995470568);
INSERT INTO demand(goods_id, building_id, max_demand, current_input, level) VALUES (1, 3799, 30.0, 15, 1.5106866802632726);
INSERT INTO building(id, name, level) VALUES (3800, "building_barracks", 10);
INSERT INTO demand(goods_id, building_id, max_demand, current_input, level) VALUES (1, 3800, 20.0, 10, 1.0071244535088484);
INSERT INTO demand(goods_id, building_id, max_demand, current_input, level) VALUES (7, 3800, 20.0, 10, 11.997852821159682);
INSERT INTO demand(goods_id, building_id, max_demand, current_input, level) VALUES (24, 3800, 20.0, 10, 0.25379542867069355);
INSERT INTO building(id, name, level) VALUES (3801, "building_barracks", 5);
INSERT INTO demand(goods_id, building_id, max_demand, current_input, level) VALUES (2, 3801, 10.0, 5, 0.2699160593656063);
INSERT INTO building(id, name, level) VALUES (3802, "building_barracks", 25);
INSERT INTO demand(goods_id, building_id, max_demand, current_input, level) VALUES (0, 3802, 25.0, 25, 1.3362958325784282);
INSERT INTO demand(goods_id, building_id, max_demand, current_input, level) VALUES (1, 3802, 50.0, 25, 2.517811133772121);
INSERT INTO building(id, name, level) VALUES (3803, "building_barracks", 15);
INSERT INTO demand(goods_id, building_id, max_demand, current_input, level) VALUES (0, 3803, 14.99985, 15, 0.8017694817720614);
INSERT INTO demand(goods_id, building_id, max_demand, current_input, level) VALUES (1, 3803, 29.99985, 15, 1.5106791268298712);
INSERT INTO building(id, name, level) VALUES (3804, "building_barracks", 15);
INSERT INTO demand(goods_id, building_id, max_demand, current_input, level) VALUES (1, 3804, 29.99985, 15, 1.5106791268298712);
INSERT INTO demand(goods_id, building_id, max_demand, current_input, level) VALUES (7, 3804, 29.99985, 15, 17.99668924784336);
INSERT INTO demand(goods_id, building_id, max_demand, current_input, level) VALUES (24, 3804, 29.99985, 15, 0.38069123954032524);
INSERT INTO building(id, name, level) VALUES (3805, "building_barracks", 5);
INSERT INTO demand(goods_id, building_id, max_demand, current_input, level) VALUES (2, 3805, 10.0, 5, 0.2699160593656063);
INSERT INTO building(id, name, level) VALUES (3806, "building_barracks", 15);
INSERT INTO demand(goods_id, building_id, max_demand, current_input, level) VALUES (0, 3806, 14.99985, 15, 0.8017694817720614);
INSERT INTO demand(goods_id, building_id, max_demand, current_input, level) VALUES (1, 3806, 29.99985, 15, 1.5106791268298712);
INSERT INTO building(id, name, level) VALUES (3807, "building_barracks", 10);
INSERT INTO demand(goods_id, building_id, max_demand, current_input, level) VALUES (0, 3807, 10.0, 10, 0.5345183330313712);
INSERT INTO demand(goods_id, building_id, max_demand, current_input, level) VALUES (1, 3807, 20.0, 10, 1.0071244535088484);
INSERT INTO building(id, name, level) VALUES (3808, "building_barracks", 10);
INSERT INTO demand(goods_id, building_id, max_demand, current_input, level) VALUES (1, 3808, 20.0, 10, 1.0071244535088484);
INSERT INTO demand(goods_id, building_id, max_demand, current_input, level) VALUES (7, 3808, 20.0, 10, 11.997852821159682);
INSERT INTO demand(goods_id, building_id, max_demand, current_input, level) VALUES (24, 3808, 20.0, 10, 0.25379542867069355);
INSERT INTO building(id, name, level) VALUES (3809, "building_barracks", 10);
INSERT INTO demand(goods_id, building_id, max_demand, current_input, level) VALUES (2, 3809, 20.0, 10, 0.5398321187312126);
INSERT INTO building(id, name, level) VALUES (3810, "building_barracks", 2);
INSERT INTO demand(goods_id, building_id, max_demand, current_input, level) VALUES (0, 3810, 2.0, 2, 0.10690366660627425);
INSERT INTO demand(goods_id, building_id, max_demand, current_input, level) VALUES (1, 3810, 4.0, 2, 0.20142489070176967);
INSERT INTO building(id, name, level) VALUES (3811, "building_barracks", 15);
INSERT INTO demand(goods_id, building_id, max_demand, current_input, level) VALUES (0, 3811, 14.99985, 15, 0.8017694817720614);
INSERT INTO demand(goods_id, building_id, max_demand, current_input, level) VALUES (1, 3811, 29.99985, 15, 1.5106791268298712);
INSERT INTO building(id, name, level) VALUES (3812, "building_barracks", 10);
INSERT INTO demand(goods_id, building_id, max_demand, current_input, level) VALUES (0, 3812, 10.0, 10, 0.5345183330313712);
INSERT INTO demand(goods_id, building_id, max_demand, current_input, level) VALUES (1, 3812, 20.0, 10, 1.0071244535088484);
INSERT INTO building(id, name, level) VALUES (3813, "building_barracks", 5);
INSERT INTO demand(goods_id, building_id, max_demand, current_input, level) VALUES (2, 3813, 10.0, 5, 0.2699160593656063);
INSERT INTO building(id, name, level) VALUES (3814, "building_naval_base", 17);
INSERT INTO demand(goods_id, building_id, max_demand, current_input, level) VALUES (5, 3814, 28.4862, 17, 2.9630752195366235);
INSERT INTO building(id, name, level) VALUES (3815, "building_naval_base", 24);
INSERT INTO demand(goods_id, building_id, max_demand, current_input, level) VALUES (5, 3815, 36.60646, 24, 3.8077277594399614);
INSERT INTO building(id, name, level) VALUES (3816, "building_naval_base", 7);
INSERT INTO demand(goods_id, building_id, max_demand, current_input, level) VALUES (5, 3816, 8.2581, 7, 0.8589903697388698);
INSERT INTO building(id, name, level) VALUES (3817, "building_naval_base", 6);
INSERT INTO demand(goods_id, building_id, max_demand, current_input, level) VALUES (5, 3817, 10.62396, 6, 1.1050822015343678);
INSERT INTO building(id, name, level) VALUES (3818, "building_naval_base", 27);
INSERT INTO demand(goods_id, building_id, max_demand, current_input, level) VALUES (5, 3818, 48.68355, 27, 5.063961518351769);
INSERT INTO building(id, name, level) VALUES (3819, "building_naval_base", 8);
INSERT INTO demand(goods_id, building_id, max_demand, current_input, level) VALUES (5, 3819, 14.324, 8, 1.4899526593453178);
INSERT INTO building(id, name, level) VALUES (3820, "building_naval_base", 16);
INSERT INTO demand(goods_id, building_id, max_demand, current_input, level) VALUES (5, 3820, 24.0, 16, 2.496430035205783);
INSERT INTO building(id, name, level) VALUES (16781190, "building_artillery_foundries", 1);
INSERT INTO demand(goods_id, building_id, max_demand, current_input, level) VALUES (24, 16781190, 1.94175, 1, 0.024640363681065956);
INSERT INTO demand(goods_id, building_id, max_demand, current_input, level) VALUES (26, 16781190, 1.2945, 1, 0.05262750754329118);
INSERT INTO supply(goods_id, building_id, max_supply, current_output, level) VALUES (2, 16781190, 3.19741, 1, 0.08528207121886677);
INSERT INTO building(id, name, level) VALUES (4138, "building_trade_center", 54);
INSERT INTO building(id, name, level) VALUES (4184, "building_trade_center", 16);
INSERT INTO building(id, name, level) VALUES (4238, "building_banana_plantation", 1);
INSERT INTO supply(goods_id, building_id, max_supply, current_output, level) VALUES (37, 4238, 29.999999999999996, 1, 33.0);
INSERT INTO building(id, name, level) VALUES (16781528, "building_motor_industry", 1);
INSERT INTO demand(goods_id, building_id, max_demand, current_input, level) VALUES (30, 16781528, 30.0, 1, 0.152610948026438);
INSERT INTO supply(goods_id, building_id, max_supply, current_output, level) VALUES (29, 16781528, 40.0, 1, 0.20348126403525066);
INSERT INTO building(id, name, level) VALUES (4496, "building_conscription_center", 14);
INSERT INTO building(id, name, level) VALUES (16781780, "building_tooling_workshops", 1);
INSERT INTO demand(goods_id, building_id, max_demand, current_input, level) VALUES (10, 16781780, 30.0, 1, 5.315251485204429);
INSERT INTO demand(goods_id, building_id, max_demand, current_input, level) VALUES (30, 16781780, 20.0, 1, 0.10174063201762532);
INSERT INTO supply(goods_id, building_id, max_supply, current_output, level) VALUES (33, 16781780, 80.0, 1, 7.290483244307822);
INSERT INTO building(id, name, level) VALUES (4582, "building_trade_center", 24);
INSERT INTO building(id, name, level) VALUES (4624, "building_fishing_wharf", 1);
INSERT INTO demand(goods_id, building_id, max_demand, current_input, level) VALUES (18, 4624, 2.70865, 1, 0.5725161688626);
INSERT INTO supply(goods_id, building_id, max_supply, current_output, level) VALUES (8, 4624, 27.0865, 1, 5.725161688626001);
INSERT INTO building(id, name, level) VALUES (4678, "building_banana_plantation", 1);
INSERT INTO supply(goods_id, building_id, max_supply, current_output, level) VALUES (37, 4678, 24.648, 1, 27.1128);
INSERT INTO building(id, name, level) VALUES (4780, "building_conscription_center", 8);
INSERT INTO building(id, name, level) VALUES (4832, "building_conscription_center", 3);
INSERT INTO building(id, name, level) VALUES (4870, "building_banana_plantation", 1);
INSERT INTO supply(goods_id, building_id, max_supply, current_output, level) VALUES (37, 4870, 29.999999999999996, 1, 33.0);
INSERT INTO building(id, name, level) VALUES (4871, "building_conscription_center", 3);
INSERT INTO building(id, name, level) VALUES (4919, "building_conscription_center", 11);
INSERT INTO building(id, name, level) VALUES (4925, "building_construction_sector", 3);
INSERT INTO demand(goods_id, building_id, max_demand, current_input, level) VALUES (9, 4925, 59.9994, 3, 25.6131069527228);
INSERT INTO demand(goods_id, building_id, max_demand, current_input, level) VALUES (10, 4925, 119.9988, 3, 21.260793330758307);
INSERT INTO demand(goods_id, building_id, max_demand, current_input, level) VALUES (24, 4925, 149.9985, 3, 1.9034466803730512);
INSERT INTO demand(goods_id, building_id, max_demand, current_input, level) VALUES (33, 4925, 29.9997, 3, 1.8327038119940064);
INSERT INTO building(id, name, level) VALUES (4945, "building_construction_sector", 2);
INSERT INTO demand(goods_id, building_id, max_demand, current_input, level) VALUES (9, 4945, 49.9995, 2, 21.344255793935666);
INSERT INTO demand(goods_id, building_id, max_demand, current_input, level) VALUES (10, 4945, 149.9985, 2, 26.575991663447887);
INSERT INTO building(id, name, level) VALUES (4964, "building_conscription_center", 9);
INSERT INTO building(id, name, level) VALUES (4982, "building_conscription_center", 4);
INSERT INTO building(id, name, level) VALUES (4994, "building_conscription_center", 11);
INSERT INTO building(id, name, level) VALUES (5000, "building_construction_sector", 3);
INSERT INTO demand(goods_id, building_id, max_demand, current_input, level) VALUES (9, 5000, 34.19965, 3, 14.599467547936916);
INSERT INTO demand(goods_id, building_id, max_demand, current_input, level) VALUES (10, 5000, 102.59897, 3, 18.177977589098155);
INSERT INTO building(id, name, level) VALUES (5016, "building_construction_sector", 2);
INSERT INTO demand(goods_id, building_id, max_demand, current_input, level) VALUES (9, 5016, 12.11987, 2, 5.173843847823419);
INSERT INTO demand(goods_id, building_id, max_demand, current_input, level) VALUES (10, 5016, 24.23975, 2, 4.294678906282802);
INSERT INTO demand(goods_id, building_id, max_demand, current_input, level) VALUES (24, 5016, 30.29969, 2, 0.3844961406069563);
INSERT INTO demand(goods_id, building_id, max_demand, current_input, level) VALUES (33, 5016, 6.05993, 2, 0.3702055957698523);
INSERT INTO building(id, name, level) VALUES (5032, "building_conscription_center", 7);
INSERT INTO building(id, name, level) VALUES (5052, "building_conscription_center", 4);
INSERT INTO building(id, name, level) VALUES (5062, "building_conscription_center", 10);
INSERT INTO building(id, name, level) VALUES (5102, "building_conscription_center", 8);
INSERT INTO building(id, name, level) VALUES (5131, "building_construction_sector", 2);
INSERT INTO demand(goods_id, building_id, max_demand, current_input, level) VALUES (9, 5131, 49.9995, 2, 21.344255793935666);
INSERT INTO demand(goods_id, building_id, max_demand, current_input, level) VALUES (10, 5131, 149.9985, 2, 26.575991663447887);
INSERT INTO building(id, name, level) VALUES (16782379, "building_trade_center", 4);
INSERT INTO building(id, name, level) VALUES (5173, "building_construction_sector", 4);
INSERT INTO demand(goods_id, building_id, max_demand, current_input, level) VALUES (9, 5173, 99.999, 4, 42.68851158787133);
INSERT INTO demand(goods_id, building_id, max_demand, current_input, level) VALUES (10, 5173, 299.997, 4, 53.151983326895774);
INSERT INTO building(id, name, level) VALUES (5235, "building_construction_sector", 3);
INSERT INTO demand(goods_id, building_id, max_demand, current_input, level) VALUES (9, 5235, 59.9994, 3, 25.6131069527228);
INSERT INTO demand(goods_id, building_id, max_demand, current_input, level) VALUES (10, 5235, 119.9988, 3, 21.260793330758307);
INSERT INTO demand(goods_id, building_id, max_demand, current_input, level) VALUES (24, 5235, 149.9985, 3, 1.9034466803730512);
INSERT INTO demand(goods_id, building_id, max_demand, current_input, level) VALUES (33, 5235, 29.9997, 3, 1.8327038119940064);
INSERT INTO building(id, name, level) VALUES (5369, "building_construction_sector", 4);
INSERT INTO demand(goods_id, building_id, max_demand, current_input, level) VALUES (9, 5369, 99.999, 4, 42.68851158787133);
INSERT INTO demand(goods_id, building_id, max_demand, current_input, level) VALUES (10, 5369, 299.997, 4, 53.151983326895774);
INSERT INTO building(id, name, level) VALUES (5460, "building_construction_sector", 3);
INSERT INTO demand(goods_id, building_id, max_demand, current_input, level) VALUES (9, 5460, 59.9874, 3, 25.607984280105526);
INSERT INTO demand(goods_id, building_id, max_demand, current_input, level) VALUES (10, 5460, 119.9748, 3, 21.256541129570145);
INSERT INTO demand(goods_id, building_id, max_demand, current_input, level) VALUES (24, 5460, 149.9685, 3, 1.903065987230045);
INSERT INTO demand(goods_id, building_id, max_demand, current_input, level) VALUES (33, 5460, 29.9937, 3, 1.8323372675661633);
INSERT INTO building(id, name, level) VALUES (5520, "building_tooling_workshops", 1);
INSERT INTO demand(goods_id, building_id, max_demand, current_input, level) VALUES (10, 5520, 30.0, 1, 5.315251485204429);
INSERT INTO demand(goods_id, building_id, max_demand, current_input, level) VALUES (30, 5520, 20.0, 1, 0.10174063201762532);
INSERT INTO supply(goods_id, building_id, max_supply, current_output, level) VALUES (33, 5520, 80.0, 1, 7.290483244307822);
INSERT INTO building(id, name, level) VALUES (5638, "building_barracks", 3);
INSERT INTO demand(goods_id, building_id, max_demand, current_input, level) VALUES (0, 5638, 2.944944444444445, 3, 0.15741267953144422);
INSERT INTO demand(goods_id, building_id, max_demand, current_input, level) VALUES (1, 5638, 5.889922222222222, 3, 0.2965942349632589);
INSERT INTO building(id, name, level) VALUES (5647, "building_construction_sector", 4);
INSERT INTO demand(goods_id, building_id, max_demand, current_input, level) VALUES (9, 5647, 79.9992, 4, 34.15080927029707);
INSERT INTO demand(goods_id, building_id, max_demand, current_input, level) VALUES (10, 5647, 159.9984, 4, 28.347724441011078);
INSERT INTO demand(goods_id, building_id, max_demand, current_input, level) VALUES (24, 5647, 199.998, 4, 2.537928907164068);
INSERT INTO demand(goods_id, building_id, max_demand, current_input, level) VALUES (33, 5647, 39.9996, 4, 2.4436050826586753);
INSERT INTO building(id, name, level) VALUES (5650, "building_conscription_center", 1);
INSERT INTO building(id, name, level) VALUES (5656, "building_construction_sector", 1);
INSERT INTO demand(goods_id, building_id, max_demand, current_input, level) VALUES (9, 5656, 24.98975, 1, 10.667859003120109);
INSERT INTO demand(goods_id, building_id, max_demand, current_input, level) VALUES (10, 5656, 74.96925, 1, 13.28268058023874);
INSERT INTO building(id, name, level) VALUES (5662, "building_construction_sector", 1);
INSERT INTO demand(goods_id, building_id, max_demand, current_input, level) VALUES (9, 5662, 19.9998, 1, 8.537702317574267);
INSERT INTO demand(goods_id, building_id, max_demand, current_input, level) VALUES (10, 5662, 39.9996, 1, 7.0869311102527695);
INSERT INTO demand(goods_id, building_id, max_demand, current_input, level) VALUES (24, 5662, 49.9995, 1, 0.634482226791017);
INSERT INTO demand(goods_id, building_id, max_demand, current_input, level) VALUES (33, 5662, 9.9999, 1, 0.6109012706646688);
INSERT INTO building(id, name, level) VALUES (5672, "building_construction_sector", 2);
INSERT INTO demand(goods_id, building_id, max_demand, current_input, level) VALUES (9, 5672, 49.9995, 2, 21.344255793935666);
INSERT INTO demand(goods_id, building_id, max_demand, current_input, level) VALUES (10, 5672, 149.9985, 2, 26.575991663447887);
INSERT INTO building(id, name, level) VALUES (5683, "building_construction_sector", 5);
INSERT INTO demand(goods_id, building_id, max_demand, current_input, level) VALUES (9, 5683, 99.931, 5, 42.65948310970679);
INSERT INTO demand(goods_id, building_id, max_demand, current_input, level) VALUES (10, 5683, 199.862, 5, 35.410559744530914);
INSERT INTO demand(goods_id, building_id, max_demand, current_input, level) VALUES (24, 5683, 249.8275, 5, 3.170253872811384);
INSERT INTO demand(goods_id, building_id, max_demand, current_input, level) VALUES (33, 5683, 49.9655, 5, 3.0524292682322334);
INSERT INTO building(id, name, level) VALUES (5689, "building_chemical_plants", 1);
INSERT INTO demand(goods_id, building_id, max_demand, current_input, level) VALUES (22, 5689, 11.2563, 1, 0.4902802662477832);
INSERT INTO demand(goods_id, building_id, max_demand, current_input, level) VALUES (24, 5689, 3.7521, 1, 0.04761329139576546);
INSERT INTO supply(goods_id, building_id, max_supply, current_output, level) VALUES (32, 5689, 33.36367, 1, 0.938283958131431);
INSERT INTO building(id, name, level) VALUES (5714, "building_construction_sector", 5);
INSERT INTO demand(goods_id, building_id, max_demand, current_input, level) VALUES (9, 5714, 99.931, 5, 42.65948310970679);
INSERT INTO demand(goods_id, building_id, max_demand, current_input, level) VALUES (10, 5714, 199.862, 5, 35.410559744530914);
INSERT INTO demand(goods_id, building_id, max_demand, current_input, level) VALUES (24, 5714, 249.8275, 5, 3.170253872811384);
INSERT INTO demand(goods_id, building_id, max_demand, current_input, level) VALUES (33, 5714, 49.9655, 5, 3.0524292682322334);
INSERT INTO building(id, name, level) VALUES (16782940, "building_naval_base", 1);
INSERT INTO demand(goods_id, building_id, max_demand, current_input, level) VALUES (5, 16782940, 0.016, 1, 0.0016642866901371886);
INSERT INTO building(id, name, level) VALUES (5736, "building_construction_sector", 1);
INSERT INTO demand(goods_id, building_id, max_demand, current_input, level) VALUES (9, 5736, 19.9878, 1, 8.532579644956995);
INSERT INTO demand(goods_id, building_id, max_demand, current_input, level) VALUES (10, 5736, 39.9756, 1, 7.082678909064605);
INSERT INTO demand(goods_id, building_id, max_demand, current_input, level) VALUES (24, 5736, 49.9695, 1, 0.6341015336480109);
INSERT INTO demand(goods_id, building_id, max_demand, current_input, level) VALUES (33, 5736, 9.9939, 1, 0.6105347262368257);
INSERT INTO building(id, name, level) VALUES (5779, "building_vineyard_plantation", 1);
INSERT INTO supply(goods_id, building_id, max_supply, current_output, level) VALUES (39, 5779, 20.0, 1, 22.0);
