
  
CREATE TABLE goods(    goods_name    VARCHAR(30),    code    INT,    base_price FLOAT,    current_price FLOAT,    pop_demand FLOAT, PRIMARY KEY (code));

CREATE TABLE building(    id INT,    name VARCHAR(80),    level INT, PRIMARY KEY (id));

CREATE TABLE supply(    goods_id INT,    building_id INT,    max_supply FLOAT,    current_output FLOAT,    level INT, PRIMARY KEY (goods_id, building_id));

CREATE TABLE demand(    goods_id INT,    building_id INT,    max_demand FLOAT,    current_input FLOAT,    level INT,   PRIMARY KEY (goods_id, building_id));
    
INSERT INTO goods(goods_name,code,base_price, current_price, pop_demand) VALUES ("ammunition", 0, 50, 87.49999999989673, 0);
INSERT INTO goods(goods_name,code,base_price, current_price, pop_demand) VALUES ("small_arms", 1, 60, 104.99999999968716, 0);
INSERT INTO goods(goods_name,code,base_price, current_price, pop_demand) VALUES ("artillery", 2, 70, 122.49999999936753, 0);
INSERT INTO goods(goods_name,code,base_price, current_price, pop_demand) VALUES ("tanks", 3, 80, 80, 0);
INSERT INTO goods(goods_name,code,base_price, current_price, pop_demand) VALUES ("aeroplanes", 4, 80, 80, 0);
INSERT INTO goods(goods_name,code,base_price, current_price, pop_demand) VALUES ("manowars", 5, 70, 122.49999999987597, 0);
INSERT INTO goods(goods_name,code,base_price, current_price, pop_demand) VALUES ("ironclads", 6, 80, 80, 0);
INSERT INTO goods(goods_name,code,base_price, current_price, pop_demand) VALUES ("grain", 7, 20, 34.99999999997432, 3309.384047806331);
INSERT INTO goods(goods_name,code,base_price, current_price, pop_demand) VALUES ("fish", 8, 20, 34.99999999936801, 268.0445650379086);
INSERT INTO goods(goods_name,code,base_price, current_price, pop_demand) VALUES ("fabric", 9, 20, 34.99999999997078, 261.8474190478729);
INSERT INTO goods(goods_name,code,base_price, current_price, pop_demand) VALUES ("wood", 10, 20, 34.99999999992066, 214.87789856805307);
INSERT INTO goods(goods_name,code,base_price, current_price, pop_demand) VALUES ("groceries", 11, 30, 52.49999999997562, 355.14919201933003);
INSERT INTO goods(goods_name,code,base_price, current_price, pop_demand) VALUES ("clothes", 12, 30, 46.40683048241898, 1427.8283206989565);
INSERT INTO goods(goods_name,code,base_price, current_price, pop_demand) VALUES ("furniture", 13, 30, 52.49999999981038, 1085.5716161559965);
INSERT INTO goods(goods_name,code,base_price, current_price, pop_demand) VALUES ("paper", 14, 30, 52.49999999981208, 205.14985588816236);
INSERT INTO goods(goods_name,code,base_price, current_price, pop_demand) VALUES ("services", 15, 30, 52.5, 647.7479221382582);
INSERT INTO goods(goods_name,code,base_price, current_price, pop_demand) VALUES ("transportation", 16, 30, 52.49999999951312, 76.82043301320405);
INSERT INTO goods(goods_name,code,base_price, current_price, pop_demand) VALUES ("electricity", 17, 30, 30, 0);
INSERT INTO goods(goods_name,code,base_price, current_price, pop_demand) VALUES ("clippers", 18, 60, 104.99999999942258, 0);
INSERT INTO goods(goods_name,code,base_price, current_price, pop_demand) VALUES ("steamers", 19, 70, 70, 0);
INSERT INTO goods(goods_name,code,base_price, current_price, pop_demand) VALUES ("silk", 20, 40, 37.258917508445336, 0);
INSERT INTO goods(goods_name,code,base_price, current_price, pop_demand) VALUES ("dye", 21, 40, 70.0, 0);
INSERT INTO goods(goods_name,code,base_price, current_price, pop_demand) VALUES ("sulfur", 22, 50, 87.49999999933206, 0);
INSERT INTO goods(goods_name,code,base_price, current_price, pop_demand) VALUES ("coal", 23, 30, 52.499999999870624, 110.97124658938283);
INSERT INTO goods(goods_name,code,base_price, current_price, pop_demand) VALUES ("iron", 24, 40, 69.9999999993563, 0);
INSERT INTO goods(goods_name,code,base_price, current_price, pop_demand) VALUES ("lead", 25, 40, 69.99999999979339, 0);
INSERT INTO goods(goods_name,code,base_price, current_price, pop_demand) VALUES ("hardwood", 26, 40, 69.99999999991522, 0);
INSERT INTO goods(goods_name,code,base_price, current_price, pop_demand) VALUES ("rubber", 27, 40, 40, 0);
INSERT INTO goods(goods_name,code,base_price, current_price, pop_demand) VALUES ("oil", 28, 40, 40, 0);
INSERT INTO goods(goods_name,code,base_price, current_price, pop_demand) VALUES ("engines", 29, 60, 105.0, 0);
INSERT INTO goods(goods_name,code,base_price, current_price, pop_demand) VALUES ("steel", 30, 50, 87.49999999960745, 0);
INSERT INTO goods(goods_name,code,base_price, current_price, pop_demand) VALUES ("glass", 31, 40, 69.9999999988119, 71.10404855832094);
INSERT INTO goods(goods_name,code,base_price, current_price, pop_demand) VALUES ("fertilizer", 32, 30, 52.499999999985214, 0);
INSERT INTO goods(goods_name,code,base_price, current_price, pop_demand) VALUES ("tools", 33, 40, 69.9999999998301, 0);
INSERT INTO goods(goods_name,code,base_price, current_price, pop_demand) VALUES ("explosives", 34, 50, 87.5, 0);
INSERT INTO goods(goods_name,code,base_price, current_price, pop_demand) VALUES ("porcelain", 35, 70, 122.5, 48.94409512115359);
INSERT INTO goods(goods_name,code,base_price, current_price, pop_demand) VALUES ("meat", 36, 30, 52.49999999981006, 285.73920645456326);
INSERT INTO goods(goods_name,code,base_price, current_price, pop_demand) VALUES ("fruit", 37, 30, 52.5, 8.89487371954519);
INSERT INTO goods(goods_name,code,base_price, current_price, pop_demand) VALUES ("liquor", 38, 30, 52.49999999997788, 671.1855596286567);
INSERT INTO goods(goods_name,code,base_price, current_price, pop_demand) VALUES ("wine", 39, 50, 87.49999999987466, 468.6121627103061);
INSERT INTO goods(goods_name,code,base_price, current_price, pop_demand) VALUES ("tea", 40, 50, 87.5, 0.008334411476027872);
INSERT INTO goods(goods_name,code,base_price, current_price, pop_demand) VALUES ("coffee", 41, 50, 87.5, 12.745452878218046);
INSERT INTO goods(goods_name,code,base_price, current_price, pop_demand) VALUES ("sugar", 42, 30, 52.5, 74.40633430724502);
INSERT INTO goods(goods_name,code,base_price, current_price, pop_demand) VALUES ("tobacco", 43, 40, 70.0, 532.8545640285079);
INSERT INTO goods(goods_name,code,base_price, current_price, pop_demand) VALUES ("opium", 44, 50, 50, 0);
INSERT INTO goods(goods_name,code,base_price, current_price, pop_demand) VALUES ("automobiles", 45, 100, 100, 0);
INSERT INTO goods(goods_name,code,base_price, current_price, pop_demand) VALUES ("telephones", 46, 70, 70, 0);
INSERT INTO goods(goods_name,code,base_price, current_price, pop_demand) VALUES ("radios", 47, 80, 80, 0);
INSERT INTO goods(goods_name,code,base_price, current_price, pop_demand) VALUES ("luxury_clothes", 48, 60, 75.88941538798868, 298.8603669756624);
INSERT INTO goods(goods_name,code,base_price, current_price, pop_demand) VALUES ("luxury_furniture", 49, 60, 104.9999999993311, 436.0992007996589);
INSERT INTO goods(goods_name,code,base_price, current_price, pop_demand) VALUES ("gold", 50, 100, 100, 0);
INSERT INTO goods(goods_name,code,base_price, current_price, pop_demand) VALUES ("fine_art", 51, 200, 349.99999999678073, 2.2469257495888906);
INSERT INTO building(id, name, level) VALUES (206, "building_government_administrationlevel", 18);
INSERT INTO demand(goods_id, building_id, max_demand, current_input, level) VALUES (14, 206, 360.0, 18, 3.863005334367833e-09);
INSERT INTO building(id, name, level) VALUES (207, "building_construction_sectorlevel", 3);
INSERT INTO demand(goods_id, building_id, max_demand, current_input, level) VALUES (9, 207, 4.932, 3, 1.2343350260161773e-11);
INSERT INTO demand(goods_id, building_id, max_demand, current_input, level) VALUES (10, 207, 9.864, 3, 6.703244247937877e-11);
INSERT INTO demand(goods_id, building_id, max_demand, current_input, level) VALUES (24, 207, 12.33, 3, 3.3991718954025037e-10);
INSERT INTO demand(goods_id, building_id, max_demand, current_input, level) VALUES (33, 207, 2.466, 3, 1.7945032061977317e-11);
INSERT INTO building(id, name, level) VALUES (208, "building_universitylevel", 9);
INSERT INTO demand(goods_id, building_id, max_demand, current_input, level) VALUES (14, 208, 90.0, 9, 9.657513335919582e-10);
INSERT INTO building(id, name, level) VALUES (209, "building_arts_academylevel", 3);
INSERT INTO demand(goods_id, building_id, max_demand, current_input, level) VALUES (14, 209, 14.979892156862745, 3, 1.6074278697282124e-10);
INSERT INTO supply(goods_id, building_id, max_supply, current_output, level) VALUES (51, 209, 4.4939607843137255, 3, 4.822276245067715e-11);
INSERT INTO building(id, name, level) VALUES (210, "building_paper_millslevel", 5);
INSERT INTO demand(goods_id, building_id, max_demand, current_input, level) VALUES (10, 210, 150.0, 5, 1.019349794394446e-09);
INSERT INTO demand(goods_id, building_id, max_demand, current_input, level) VALUES (22, 210, 50.00000000000001, 5, 1.144270503558683e-09);
INSERT INTO supply(goods_id, building_id, max_supply, current_output, level) VALUES (14, 210, 350.00000000000006, 5, 5.194188189248911e-09);
INSERT INTO building(id, name, level) VALUES (211, "building_furniture_manufacturieslevel", 15);
INSERT INTO demand(goods_id, building_id, max_demand, current_input, level) VALUES (9, 211, 150.0, 15, 3.7540602981027284e-10);
INSERT INTO demand(goods_id, building_id, max_demand, current_input, level) VALUES (10, 211, 300.0, 15, 2.038699588788892e-09);
INSERT INTO demand(goods_id, building_id, max_demand, current_input, level) VALUES (23, 211, 75.0, 15, 5.541082291916874e-10);
INSERT INTO demand(goods_id, building_id, max_demand, current_input, level) VALUES (26, 211, 150.0, 15, 5.446867206013299e-10);
INSERT INTO demand(goods_id, building_id, max_demand, current_input, level) VALUES (33, 211, 150.0, 15, 1.0915469624073794e-09);
INSERT INTO supply(goods_id, building_id, max_supply, current_output, level) VALUES (13, 211, 672.6375, 15, 3.7122468702454925e-09);
INSERT INTO supply(goods_id, building_id, max_supply, current_output, level) VALUES (49, 211, 298.95, 15, 1.6498874978868854e-09);
INSERT INTO building(id, name, level) VALUES (212, "building_wheat_farmlevel", 8);
INSERT INTO demand(goods_id, building_id, max_demand, current_input, level) VALUES (32, 212, 37.5843937007874, 8, 3.1734834385388994e-11);
INSERT INTO supply(goods_id, building_id, max_supply, current_output, level) VALUES (7, 212, 263.09079527559055, 8, 2.2214387394032194e-10);
INSERT INTO supply(goods_id, building_id, max_supply, current_output, level) VALUES (39, 212, 60.13503937007874, 8, 5.0775742994846144e-11);
INSERT INTO building(id, name, level) VALUES (213, "building_livestock_ranchlevel", 3);
INSERT INTO demand(goods_id, building_id, max_demand, current_input, level) VALUES (7, 213, 27.7665, 3, 6.107246088743697e-11);
INSERT INTO demand(goods_id, building_id, max_demand, current_input, level) VALUES (33, 213, 27.7665, 3, 2.0205625821123e-10);
INSERT INTO supply(goods_id, building_id, max_supply, current_output, level) VALUES (9, 213, 111.066, 3, 5.262574381973339e-10);
INSERT INTO supply(goods_id, building_id, max_supply, current_output, level) VALUES (32, 213, 13.883245901639345, 3, 6.578216035564761e-11);
INSERT INTO supply(goods_id, building_id, max_supply, current_output, level) VALUES (36, 213, 69.41624590163934, 3, 3.2891087945431453e-10);
INSERT INTO building(id, name, level) VALUES (214, "building_railwaylevel", 3);
INSERT INTO demand(goods_id, building_id, max_demand, current_input, level) VALUES (23, 214, 30.0, 3, 2.21643291676675e-10);
INSERT INTO demand(goods_id, building_id, max_demand, current_input, level) VALUES (29, 214, 30.0, 3, 0.0);
INSERT INTO supply(goods_id, building_id, max_supply, current_output, level) VALUES (16, 214, 150.0, 3, 5.541082291916875e-10);
INSERT INTO building(id, name, level) VALUES (215, "building_barrackslevel", 15);
INSERT INTO demand(goods_id, building_id, max_demand, current_input, level) VALUES (0, 215, 24.0, 15, 8.491853738641289e-11);
INSERT INTO demand(goods_id, building_id, max_demand, current_input, level) VALUES (1, 215, 24.0, 15, 2.1438038960644504e-10);
INSERT INTO demand(goods_id, building_id, max_demand, current_input, level) VALUES (2, 215, 24.0, 15, 3.7148172117710386e-10);
INSERT INTO building(id, name, level) VALUES (218, "building_textile_millslevel", 3);
INSERT INTO demand(goods_id, building_id, max_demand, current_input, level) VALUES (9, 218, 89.99999999999999, 3, 2.2524361788616366e-10);
INSERT INTO demand(goods_id, building_id, max_demand, current_input, level) VALUES (20, 218, 30.0, 3, 33.01671828021647);
INSERT INTO demand(goods_id, building_id, max_demand, current_input, level) VALUES (21, 218, 15.0, 3, 0.0);
INSERT INTO supply(goods_id, building_id, max_supply, current_output, level) VALUES (12, 218, 120.0, 3, 40.0000000001001);
INSERT INTO supply(goods_id, building_id, max_supply, current_output, level) VALUES (48, 218, 60.0, 3, 20.00000000005005);
INSERT INTO building(id, name, level) VALUES (219, "building_fishing_wharflevel", 2);
INSERT INTO demand(goods_id, building_id, max_demand, current_input, level) VALUES (18, 219, 8.502, 2, 1.4016707278717238e-10);
INSERT INTO supply(goods_id, building_id, max_supply, current_output, level) VALUES (8, 219, 85.02, 2, 1.4016707278717238e-09);
INSERT INTO building(id, name, level) VALUES (220, "building_silk_plantationlevel", 8);
INSERT INTO supply(goods_id, building_id, max_supply, current_output, level) VALUES (20, 220, 141.55679439252336, 8, 151.46577);
INSERT INTO building(id, name, level) VALUES (221, "building_wheat_farmlevel", 10);
INSERT INTO demand(goods_id, building_id, max_demand, current_input, level) VALUES (32, 221, 46.888000000000005, 10, 3.959044614389897e-11);
INSERT INTO supply(goods_id, building_id, max_supply, current_output, level) VALUES (7, 221, 328.216, 10, 2.7713312300729276e-10);
INSERT INTO supply(goods_id, building_id, max_supply, current_output, level) VALUES (39, 221, 75.02079831932774, 10, 6.334471241114253e-11);
INSERT INTO building(id, name, level) VALUES (222, "building_barrackslevel", 10);
INSERT INTO demand(goods_id, building_id, max_demand, current_input, level) VALUES (0, 222, 14.4784, 10, 5.1228522987310016e-11);
INSERT INTO demand(goods_id, building_id, max_demand, current_input, level) VALUES (1, 222, 14.4784, 10, 1.293285430365814e-10);
INSERT INTO demand(goods_id, building_id, max_demand, current_input, level) VALUES (2, 222, 14.4784, 10, 2.2410253966210755e-10);
INSERT INTO building(id, name, level) VALUES (223, "building_naval_baselevel", 21);
INSERT INTO demand(goods_id, building_id, max_demand, current_input, level) VALUES (5, 223, 42.0, 21, 1.2750223615247867e-10);
INSERT INTO building(id, name, level) VALUES (224, "building_portlevel", 2);
INSERT INTO demand(goods_id, building_id, max_demand, current_input, level) VALUES (18, 224, 10.0, 2, 1.648636471267612e-10);
INSERT INTO building(id, name, level) VALUES (225, "building_government_administrationlevel", 4);
INSERT INTO demand(goods_id, building_id, max_demand, current_input, level) VALUES (14, 225, 80.0, 4, 8.584456298595185e-10);
INSERT INTO building(id, name, level) VALUES (226, "building_shipyardslevel", 7);
INSERT INTO demand(goods_id, building_id, max_demand, current_input, level) VALUES (9, 226, 128.30859482758623, 7, 3.2111880116506037e-10);
INSERT INTO demand(goods_id, building_id, max_demand, current_input, level) VALUES (10, 226, 256.6171982758621, 7, 1.7438845886705253e-09);
INSERT INTO demand(goods_id, building_id, max_demand, current_input, level) VALUES (26, 226, 128.30859482758623, 7, 4.659199182773513e-10);
INSERT INTO demand(goods_id, building_id, max_demand, current_input, level) VALUES (29, 226, 64.15429310344828, 7, 0.0);
INSERT INTO supply(goods_id, building_id, max_supply, current_output, level) VALUES (5, 226, 95.8946379310345, 7, 3.0997023437036695e-10);
INSERT INTO supply(goods_id, building_id, max_supply, current_output, level) VALUES (18, 226, 351.61367241379315, 7, 1.1365575260246788e-09);
INSERT INTO building(id, name, level) VALUES (227, "building_textile_millslevel", 8);
INSERT INTO demand(goods_id, building_id, max_demand, current_input, level) VALUES (9, 227, 240.00000000000003, 8, 6.006496476964366e-10);
INSERT INTO demand(goods_id, building_id, max_demand, current_input, level) VALUES (20, 227, 80.0, 8, 88.04458208057726);
INSERT INTO demand(goods_id, building_id, max_demand, current_input, level) VALUES (21, 227, 40.0, 8, 0.0);
INSERT INTO supply(goods_id, building_id, max_supply, current_output, level) VALUES (12, 227, 320.0, 8, 106.66666666693361);
INSERT INTO supply(goods_id, building_id, max_supply, current_output, level) VALUES (48, 227, 160.0, 8, 53.333333333466804);
INSERT INTO building(id, name, level) VALUES (228, "building_railwaylevel", 1);
INSERT INTO demand(goods_id, building_id, max_demand, current_input, level) VALUES (23, 228, 10.0, 1, 7.388109722555834e-11);
INSERT INTO demand(goods_id, building_id, max_demand, current_input, level) VALUES (29, 228, 10.0, 1, 0.0);
INSERT INTO supply(goods_id, building_id, max_supply, current_output, level) VALUES (16, 228, 50.0, 1, 1.8470274306389583e-10);
INSERT INTO building(id, name, level) VALUES (229, "building_fishing_wharflevel", 3);
INSERT INTO demand(goods_id, building_id, max_demand, current_input, level) VALUES (18, 229, 15.0, 3, 2.472954706901418e-10);
INSERT INTO supply(goods_id, building_id, max_supply, current_output, level) VALUES (8, 229, 150.0, 3, 2.472954706901418e-09);
INSERT INTO building(id, name, level) VALUES (230, "building_barrackslevel", 15);
INSERT INTO demand(goods_id, building_id, max_demand, current_input, level) VALUES (0, 230, 23.98737, 15, 8.487384900611328e-11);
INSERT INTO demand(goods_id, building_id, max_demand, current_input, level) VALUES (1, 230, 23.98737, 15, 2.1426757192641463e-10);
INSERT INTO demand(goods_id, building_id, max_demand, current_input, level) VALUES (2, 230, 23.98737, 15, 3.712862289213344e-10);
INSERT INTO building(id, name, level) VALUES (231, "building_wheat_farmlevel", 6);
INSERT INTO demand(goods_id, building_id, max_demand, current_input, level) VALUES (32, 231, 28.130695652173912, 6, 2.3752490854969375e-11);
INSERT INTO supply(goods_id, building_id, max_supply, current_output, level) VALUES (7, 231, 196.91489565217393, 6, 1.662674580116208e-10);
INSERT INTO supply(goods_id, building_id, max_supply, current_output, level) VALUES (39, 231, 45.009113043478266, 6, 3.8003985367951e-11);
INSERT INTO building(id, name, level) VALUES (232, "building_livestock_ranchlevel", 2);
INSERT INTO demand(goods_id, building_id, max_demand, current_input, level) VALUES (7, 232, 18.50979279279279, 2, 4.071231867078675e-11);
INSERT INTO demand(goods_id, building_id, max_demand, current_input, level) VALUES (33, 232, 18.50979279279279, 2, 1.346953873184198e-10);
INSERT INTO supply(goods_id, building_id, max_supply, current_output, level) VALUES (9, 232, 74.03919819819819, 2, 3.508155400389718e-10);
INSERT INTO supply(goods_id, building_id, max_supply, current_output, level) VALUES (32, 232, 9.25489189189189, 2, 4.3851905153875204e-11);
INSERT INTO supply(goods_id, building_id, max_supply, current_output, level) VALUES (36, 232, 46.27449549549549, 2, 2.1925969651678756e-10);
INSERT INTO building(id, name, level) VALUES (233, "building_naval_baselevel", 25);
INSERT INTO demand(goods_id, building_id, max_demand, current_input, level) VALUES (5, 233, 50.0, 25, 1.5178837637199842e-10);
INSERT INTO building(id, name, level) VALUES (234, "building_portlevel", 3);
INSERT INTO demand(goods_id, building_id, max_demand, current_input, level) VALUES (18, 234, 15.0, 3, 2.472954706901418e-10);
INSERT INTO building(id, name, level) VALUES (235, "building_universitylevel", 4);
INSERT INTO demand(goods_id, building_id, max_demand, current_input, level) VALUES (14, 235, 20.0, 4, 2.1461140746487963e-10);
INSERT INTO building(id, name, level) VALUES (236, "building_fishing_wharflevel", 2);
INSERT INTO demand(goods_id, building_id, max_demand, current_input, level) VALUES (18, 236, 10.0, 2, 1.648636471267612e-10);
INSERT INTO supply(goods_id, building_id, max_supply, current_output, level) VALUES (8, 236, 100.0, 2, 1.648636471267612e-09);
INSERT INTO building(id, name, level) VALUES (237, "building_glassworkslevel", 5);
INSERT INTO demand(goods_id, building_id, max_demand, current_input, level) VALUES (10, 237, 100.00000000000001, 5, 6.795665295962974e-10);
INSERT INTO demand(goods_id, building_id, max_demand, current_input, level) VALUES (25, 237, 50.00000000000001, 5, 4.424216209186032e-10);
INSERT INTO supply(goods_id, building_id, max_supply, current_output, level) VALUES (31, 237, 200.00000000000003, 5, 1.5644097714335036e-09);
INSERT INTO building(id, name, level) VALUES (238, "building_wheat_farmlevel", 9);
INSERT INTO demand(goods_id, building_id, max_demand, current_input, level) VALUES (32, 238, 42.19784745762713, 9, 3.563025949410618e-11);
INSERT INTO supply(goods_id, building_id, max_supply, current_output, level) VALUES (7, 238, 295.3849491525424, 9, 2.494118307699638e-10);
INSERT INTO supply(goods_id, building_id, max_supply, current_output, level) VALUES (39, 238, 67.5165593220339, 9, 5.700841805281399e-11);
INSERT INTO building(id, name, level) VALUES (239, "building_livestock_ranchlevel", 2);
INSERT INTO demand(goods_id, building_id, max_demand, current_input, level) VALUES (7, 239, 18.50979279279279, 2, 4.071231867078675e-11);
INSERT INTO demand(goods_id, building_id, max_demand, current_input, level) VALUES (33, 239, 18.50979279279279, 2, 1.346953873184198e-10);
INSERT INTO supply(goods_id, building_id, max_supply, current_output, level) VALUES (9, 239, 74.03919819819819, 2, 3.508155400389718e-10);
INSERT INTO supply(goods_id, building_id, max_supply, current_output, level) VALUES (32, 239, 9.25489189189189, 2, 4.3851905153875204e-11);
INSERT INTO supply(goods_id, building_id, max_supply, current_output, level) VALUES (36, 239, 46.27449549549549, 2, 2.1925969651678756e-10);
INSERT INTO building(id, name, level) VALUES (240, "building_barrackslevel", 20);
INSERT INTO demand(goods_id, building_id, max_demand, current_input, level) VALUES (0, 240, 32.0, 20, 1.1322471651521718e-10);
INSERT INTO demand(goods_id, building_id, max_demand, current_input, level) VALUES (1, 240, 32.0, 20, 2.8584051947526005e-10);
INSERT INTO demand(goods_id, building_id, max_demand, current_input, level) VALUES (2, 240, 32.0, 20, 4.953089615694719e-10);
INSERT INTO building(id, name, level) VALUES (241, "building_construction_sectorlevel", 5);
INSERT INTO demand(goods_id, building_id, max_demand, current_input, level) VALUES (9, 241, 8.22, 5, 2.0572250433602952e-11);
INSERT INTO demand(goods_id, building_id, max_demand, current_input, level) VALUES (10, 241, 16.44, 5, 1.1172073746563128e-10);
INSERT INTO demand(goods_id, building_id, max_demand, current_input, level) VALUES (24, 241, 20.55, 5, 5.665286492337506e-10);
INSERT INTO demand(goods_id, building_id, max_demand, current_input, level) VALUES (33, 241, 4.11, 5, 2.99083867699622e-11);
INSERT INTO building(id, name, level) VALUES (242, "building_government_administrationlevel", 8);
INSERT INTO demand(goods_id, building_id, max_demand, current_input, level) VALUES (14, 242, 159.99999999999997, 8, 1.7168912597190364e-09);
INSERT INTO building(id, name, level) VALUES (243, "building_textile_millslevel", 7);
INSERT INTO demand(goods_id, building_id, max_demand, current_input, level) VALUES (9, 243, 210.0, 7, 5.255684417343819e-10);
INSERT INTO demand(goods_id, building_id, max_demand, current_input, level) VALUES (20, 243, 70.00000000000001, 7, 77.03900932050512);
INSERT INTO demand(goods_id, building_id, max_demand, current_input, level) VALUES (21, 243, 35.00000000000001, 7, 0.0);
INSERT INTO supply(goods_id, building_id, max_supply, current_output, level) VALUES (12, 243, 280.00000000000006, 7, 93.33333333356693);
INSERT INTO supply(goods_id, building_id, max_supply, current_output, level) VALUES (48, 243, 140.00000000000003, 7, 46.66666666678346);
INSERT INTO building(id, name, level) VALUES (244, "building_paper_millslevel", 6);
INSERT INTO demand(goods_id, building_id, max_demand, current_input, level) VALUES (10, 244, 180.0, 6, 1.223219753273335e-09);
INSERT INTO demand(goods_id, building_id, max_demand, current_input, level) VALUES (22, 244, 60.00000000000001, 6, 1.3731246042704195e-09);
INSERT INTO supply(goods_id, building_id, max_supply, current_output, level) VALUES (14, 244, 420.00000000000006, 6, 6.233025827098693e-09);
INSERT INTO building(id, name, level) VALUES (245, "building_arms_industrylevel", 6);
INSERT INTO demand(goods_id, building_id, max_demand, current_input, level) VALUES (24, 245, 118.99560000000001, 6, 3.280506887238915e-09);
INSERT INTO demand(goods_id, building_id, max_demand, current_input, level) VALUES (26, 245, 59.497800000000005, 6, 2.1605107709995872e-10);
INSERT INTO supply(goods_id, building_id, max_supply, current_output, level) VALUES (1, 245, 88.93433043478261, 6, 1.3873554957766615e-09);
INSERT INTO supply(goods_id, building_id, max_supply, current_output, level) VALUES (2, 245, 88.93433043478261, 6, 1.3873554957766615e-09);
INSERT INTO building(id, name, level) VALUES (246, "building_logging_camplevel", 7);
INSERT INTO demand(goods_id, building_id, max_demand, current_input, level) VALUES (33, 246, 35.00000000000001, 7, 2.546942912283886e-10);
INSERT INTO supply(goods_id, building_id, max_supply, current_output, level) VALUES (10, 246, 280.00000000000006, 7, 2.037554329827109e-09);
INSERT INTO supply(goods_id, building_id, max_supply, current_output, level) VALUES (26, 246, 70.00000000000001, 7, 5.093885824567772e-10);
INSERT INTO building(id, name, level) VALUES (247, "building_coal_minelevel", 6);
INSERT INTO demand(goods_id, building_id, max_demand, current_input, level) VALUES (33, 247, 90.0, 6, 6.549281774444277e-10);
INSERT INTO supply(goods_id, building_id, max_supply, current_output, level) VALUES (23, 247, 360.0, 6, 2.6197127097777106e-09);
INSERT INTO building(id, name, level) VALUES (248, "building_silk_plantationlevel", 10);
INSERT INTO supply(goods_id, building_id, max_supply, current_output, level) VALUES (20, 248, 196.86199999999997, 10, 214.57958);
INSERT INTO building(id, name, level) VALUES (249, "building_wheat_farmlevel", 15);
INSERT INTO demand(goods_id, building_id, max_demand, current_input, level) VALUES (32, 249, 73.98825, 15, 6.247286783198968e-11);
INSERT INTO supply(goods_id, building_id, max_supply, current_output, level) VALUES (7, 249, 517.9177500000001, 15, 4.3731007482392787e-10);
INSERT INTO supply(goods_id, building_id, max_supply, current_output, level) VALUES (39, 249, 118.38119354838709, 15, 9.995658308368662e-11);
INSERT INTO building(id, name, level) VALUES (250, "building_barrackslevel", 20);
INSERT INTO demand(goods_id, building_id, max_demand, current_input, level) VALUES (0, 250, 32.0, 20, 1.1322471651521718e-10);
INSERT INTO demand(goods_id, building_id, max_demand, current_input, level) VALUES (1, 250, 32.0, 20, 2.8584051947526005e-10);
INSERT INTO demand(goods_id, building_id, max_demand, current_input, level) VALUES (2, 250, 32.0, 20, 4.953089615694719e-10);
INSERT INTO building(id, name, level) VALUES (251, "building_railwaylevel", 3);
INSERT INTO demand(goods_id, building_id, max_demand, current_input, level) VALUES (23, 251, 30.0, 3, 2.21643291676675e-10);
INSERT INTO demand(goods_id, building_id, max_demand, current_input, level) VALUES (29, 251, 30.0, 3, 0.0);
INSERT INTO supply(goods_id, building_id, max_supply, current_output, level) VALUES (16, 251, 150.0, 3, 5.541082291916875e-10);
INSERT INTO building(id, name, level) VALUES (252, "building_arms_industrylevel", 4);
INSERT INTO demand(goods_id, building_id, max_demand, current_input, level) VALUES (24, 252, 39.71519469026549, 4, 1.0948805645708775e-09);
INSERT INTO demand(goods_id, building_id, max_demand, current_input, level) VALUES (26, 252, 39.71519469026549, 4, 1.4421559435922706e-10);
INSERT INTO demand(goods_id, building_id, max_demand, current_input, level) VALUES (30, 252, 59.572796460177, 4, 8.01240366311843e-10);
INSERT INTO supply(goods_id, building_id, max_supply, current_output, level) VALUES (1, 252, 39.57619469026549, 4, 5.89016702746365e-10);
INSERT INTO supply(goods_id, building_id, max_supply, current_output, level) VALUES (2, 252, 98.94048672566373, 4, 1.4725417568659127e-09);
INSERT INTO building(id, name, level) VALUES (253, "building_logging_camplevel", 2);
INSERT INTO demand(goods_id, building_id, max_demand, current_input, level) VALUES (33, 253, 9.999999999999998, 2, 7.276979749382528e-11);
INSERT INTO supply(goods_id, building_id, max_supply, current_output, level) VALUES (10, 253, 79.99999999999999, 2, 5.821583799506021e-10);
INSERT INTO supply(goods_id, building_id, max_supply, current_output, level) VALUES (26, 253, 19.999999999999996, 2, 1.4553959498765053e-10);
INSERT INTO building(id, name, level) VALUES (254, "building_munition_plantslevel", 5);
INSERT INTO demand(goods_id, building_id, max_demand, current_input, level) VALUES (25, 254, 97.14500000000001, 5, 8.59580967282754e-10);
INSERT INTO demand(goods_id, building_id, max_demand, current_input, level) VALUES (34, 254, 97.14500000000001, 5, 0.0);
INSERT INTO supply(goods_id, building_id, max_supply, current_output, level) VALUES (0, 254, 242.8625, 5, 1.0744762091034424e-09);
INSERT INTO building(id, name, level) VALUES (255, "building_wheat_farmlevel", 8);
INSERT INTO demand(goods_id, building_id, max_demand, current_input, level) VALUES (32, 255, 37.52, 8, 3.168046279046001e-11);
INSERT INTO supply(goods_id, building_id, max_supply, current_output, level) VALUES (7, 255, 262.64, 8, 2.2176323953322004e-10);
INSERT INTO supply(goods_id, building_id, max_supply, current_output, level) VALUES (39, 255, 60.03200000000001, 8, 5.0688740464736025e-11);
INSERT INTO building(id, name, level) VALUES (256, "building_livestock_ranchlevel", 2);
INSERT INTO demand(goods_id, building_id, max_demand, current_input, level) VALUES (7, 256, 18.50979279279279, 2, 4.071231867078675e-11);
INSERT INTO demand(goods_id, building_id, max_demand, current_input, level) VALUES (33, 256, 18.50979279279279, 2, 1.346953873184198e-10);
INSERT INTO supply(goods_id, building_id, max_supply, current_output, level) VALUES (9, 256, 74.03919819819819, 2, 3.508155400389718e-10);
INSERT INTO supply(goods_id, building_id, max_supply, current_output, level) VALUES (32, 256, 9.25489189189189, 2, 4.3851905153875204e-11);
INSERT INTO supply(goods_id, building_id, max_supply, current_output, level) VALUES (36, 256, 46.27449549549549, 2, 2.1925969651678756e-10);
INSERT INTO building(id, name, level) VALUES (257, "building_barrackslevel", 25);
INSERT INTO demand(goods_id, building_id, max_demand, current_input, level) VALUES (0, 257, 40.0, 25, 1.4153089564402148e-10);
INSERT INTO demand(goods_id, building_id, max_demand, current_input, level) VALUES (1, 257, 40.0, 25, 3.5730064934407503e-10);
INSERT INTO demand(goods_id, building_id, max_demand, current_input, level) VALUES (2, 257, 40.0, 25, 6.191362019618398e-10);
INSERT INTO building(id, name, level) VALUES (258, "building_portlevel", 1);
INSERT INTO demand(goods_id, building_id, max_demand, current_input, level) VALUES (18, 258, 5.0, 1, 8.24318235633806e-11);
INSERT INTO building(id, name, level) VALUES (259, "building_government_administrationlevel", 4);
INSERT INTO demand(goods_id, building_id, max_demand, current_input, level) VALUES (14, 259, 80.0, 4, 8.584456298595185e-10);
INSERT INTO building(id, name, level) VALUES (260, "building_textile_millslevel", 5);
INSERT INTO demand(goods_id, building_id, max_demand, current_input, level) VALUES (9, 260, 150.0, 5, 3.7540602981027284e-10);
INSERT INTO demand(goods_id, building_id, max_demand, current_input, level) VALUES (20, 260, 50.00000000000001, 5, 55.0278638003608);
INSERT INTO demand(goods_id, building_id, max_demand, current_input, level) VALUES (21, 260, 25.000000000000004, 5, 0.0);
INSERT INTO supply(goods_id, building_id, max_supply, current_output, level) VALUES (12, 260, 200.00000000000003, 5, 66.66666666683352);
INSERT INTO supply(goods_id, building_id, max_supply, current_output, level) VALUES (48, 260, 100.00000000000001, 5, 33.33333333341676);
INSERT INTO building(id, name, level) VALUES (261, "building_coal_minelevel", 6);
INSERT INTO demand(goods_id, building_id, max_demand, current_input, level) VALUES (33, 261, 90.0, 6, 6.549281774444277e-10);
INSERT INTO supply(goods_id, building_id, max_supply, current_output, level) VALUES (23, 261, 360.0, 6, 2.6197127097777106e-09);
INSERT INTO building(id, name, level) VALUES (262, "building_wheat_farmlevel", 7);
INSERT INTO demand(goods_id, building_id, max_demand, current_input, level) VALUES (32, 262, 35.0, 7, 2.955267051348882e-11);
INSERT INTO demand(goods_id, building_id, max_demand, current_input, level) VALUES (33, 262, 7.0, 7, 5.09388582456777e-11);
INSERT INTO supply(goods_id, building_id, max_supply, current_output, level) VALUES (7, 262, 245.0, 7, 9.948643660965707e-10);
INSERT INTO supply(goods_id, building_id, max_supply, current_output, level) VALUES (39, 262, 56.0, 7, 2.2739756939350186e-10);
INSERT INTO building(id, name, level) VALUES (263, "building_livestock_ranchlevel", 2);
INSERT INTO demand(goods_id, building_id, max_demand, current_input, level) VALUES (7, 263, 18.507793388429754, 2, 4.0707920977712015e-11);
INSERT INTO demand(goods_id, building_id, max_demand, current_input, level) VALUES (33, 263, 18.507793388429754, 2, 1.3468083769335918e-10);
INSERT INTO supply(goods_id, building_id, max_supply, current_output, level) VALUES (9, 263, 74.03119834710743, 2, 3.5077763481918376e-10);
INSERT INTO supply(goods_id, building_id, max_supply, current_output, level) VALUES (32, 263, 9.253892561983472, 2, 4.3847170088260905e-11);
INSERT INTO supply(goods_id, building_id, max_supply, current_output, level) VALUES (36, 263, 46.2694958677686, 2, 2.192360070773597e-10);
INSERT INTO building(id, name, level) VALUES (264, "building_naval_baselevel", 25);
INSERT INTO demand(goods_id, building_id, max_demand, current_input, level) VALUES (5, 264, 50.0, 25, 1.5178837637199842e-10);
INSERT INTO building(id, name, level) VALUES (265, "building_portlevel", 2);
INSERT INTO demand(goods_id, building_id, max_demand, current_input, level) VALUES (18, 265, 10.0, 2, 1.648636471267612e-10);
INSERT INTO building(id, name, level) VALUES (266, "building_railwaylevel", 1);
INSERT INTO demand(goods_id, building_id, max_demand, current_input, level) VALUES (23, 266, 10.0, 1, 7.388109722555834e-11);
INSERT INTO demand(goods_id, building_id, max_demand, current_input, level) VALUES (29, 266, 10.0, 1, 0.0);
INSERT INTO supply(goods_id, building_id, max_supply, current_output, level) VALUES (16, 266, 50.0, 1, 1.8470274306389583e-10);
INSERT INTO building(id, name, level) VALUES (267, "building_steel_millslevel", 3);
INSERT INTO demand(goods_id, building_id, max_demand, current_input, level) VALUES (23, 267, 89.99999999999999, 3, 6.64929875030025e-10);
INSERT INTO demand(goods_id, building_id, max_demand, current_input, level) VALUES (24, 267, 179.99999999999997, 3, 4.962294737813873e-09);
INSERT INTO supply(goods_id, building_id, max_supply, current_output, level) VALUES (30, 267, 269.99999999999994, 3, 4.719115865905443e-09);
INSERT INTO building(id, name, level) VALUES (268, "building_arms_industrylevel", 3);
INSERT INTO demand(goods_id, building_id, max_demand, current_input, level) VALUES (24, 268, 29.78879464285714, 3, 8.21226549455934e-10);
INSERT INTO demand(goods_id, building_id, max_demand, current_input, level) VALUES (26, 268, 29.78879464285714, 3, 1.0817040576456213e-10);
INSERT INTO demand(goods_id, building_id, max_demand, current_input, level) VALUES (30, 268, 44.68319642857143, 3, 6.009786815756649e-10);
INSERT INTO supply(goods_id, building_id, max_supply, current_output, level) VALUES (1, 268, 29.68453571428571, 3, 4.417980931675063e-10);
INSERT INTO supply(goods_id, building_id, max_supply, current_output, level) VALUES (2, 268, 74.21133928571427, 3, 1.1044952329187658e-09);
INSERT INTO building(id, name, level) VALUES (269, "building_iron_minelevel", 10);
INSERT INTO demand(goods_id, building_id, max_demand, current_input, level) VALUES (23, 269, 150.0, 10, 1.1082164583833748e-09);
INSERT INTO demand(goods_id, building_id, max_demand, current_input, level) VALUES (33, 269, 150.0, 10, 1.0915469624073794e-09);
INSERT INTO supply(goods_id, building_id, max_supply, current_output, level) VALUES (24, 269, 600.0, 10, 4.3995268415815085e-09);
INSERT INTO building(id, name, level) VALUES (270, "building_logging_camplevel", 7);
INSERT INTO demand(goods_id, building_id, max_demand, current_input, level) VALUES (33, 270, 35.00000000000001, 7, 2.546942912283886e-10);
INSERT INTO supply(goods_id, building_id, max_supply, current_output, level) VALUES (10, 270, 280.00000000000006, 7, 2.037554329827109e-09);
INSERT INTO supply(goods_id, building_id, max_supply, current_output, level) VALUES (26, 270, 70.00000000000001, 7, 5.093885824567772e-10);
INSERT INTO building(id, name, level) VALUES (271, "building_wheat_farmlevel", 7);
INSERT INTO demand(goods_id, building_id, max_demand, current_input, level) VALUES (32, 271, 32.31409482758621, 7, 2.728479421089396e-11);
INSERT INTO supply(goods_id, building_id, max_supply, current_output, level) VALUES (7, 271, 226.19869827586209, 7, 1.9099358859218923e-10);
INSERT INTO supply(goods_id, building_id, max_supply, current_output, level) VALUES (39, 271, 51.70255172413794, 7, 4.3655670737430336e-11);
INSERT INTO building(id, name, level) VALUES (272, "building_barrackslevel", 20);
INSERT INTO demand(goods_id, building_id, max_demand, current_input, level) VALUES (0, 272, 32.0, 20, 1.1322471651521718e-10);
INSERT INTO demand(goods_id, building_id, max_demand, current_input, level) VALUES (1, 272, 32.0, 20, 2.8584051947526005e-10);
INSERT INTO demand(goods_id, building_id, max_demand, current_input, level) VALUES (2, 272, 32.0, 20, 4.953089615694719e-10);
INSERT INTO building(id, name, level) VALUES (273, "building_paper_millslevel", 2);
INSERT INTO demand(goods_id, building_id, max_demand, current_input, level) VALUES (10, 273, 59.99999999999999, 2, 4.077399177577783e-10);
INSERT INTO demand(goods_id, building_id, max_demand, current_input, level) VALUES (22, 273, 19.999999999999996, 2, 4.5770820142347305e-10);
INSERT INTO supply(goods_id, building_id, max_supply, current_output, level) VALUES (14, 273, 140.0, 2, 2.077675275699564e-09);
INSERT INTO building(id, name, level) VALUES (274, "building_fishing_wharflevel", 2);
INSERT INTO demand(goods_id, building_id, max_demand, current_input, level) VALUES (18, 274, 10.0, 2, 1.648636471267612e-10);
INSERT INTO supply(goods_id, building_id, max_supply, current_output, level) VALUES (8, 274, 100.0, 2, 1.648636471267612e-09);
INSERT INTO building(id, name, level) VALUES (275, "building_portlevel", 1);
INSERT INTO demand(goods_id, building_id, max_demand, current_input, level) VALUES (18, 275, 5.0, 1, 8.24318235633806e-11);
INSERT INTO building(id, name, level) VALUES (276, "building_textile_millslevel", 3);
INSERT INTO demand(goods_id, building_id, max_demand, current_input, level) VALUES (9, 276, 89.99999999999999, 3, 2.2524361788616366e-10);
INSERT INTO demand(goods_id, building_id, max_demand, current_input, level) VALUES (20, 276, 30.0, 3, 33.01671828021647);
INSERT INTO demand(goods_id, building_id, max_demand, current_input, level) VALUES (21, 276, 15.0, 3, 0.0);
INSERT INTO supply(goods_id, building_id, max_supply, current_output, level) VALUES (12, 276, 120.0, 3, 40.0000000001001);
INSERT INTO supply(goods_id, building_id, max_supply, current_output, level) VALUES (48, 276, 60.0, 3, 20.00000000005005);
INSERT INTO building(id, name, level) VALUES (277, "building_wheat_farmlevel", 8);
INSERT INTO demand(goods_id, building_id, max_demand, current_input, level) VALUES (32, 277, 37.16919658119659, 8, 3.138425770900565e-11);
INSERT INTO supply(goods_id, building_id, max_supply, current_output, level) VALUES (7, 277, 260.1843931623932, 8, 2.1968981839657826e-10);
INSERT INTO supply(goods_id, building_id, max_supply, current_output, level) VALUES (39, 277, 59.470717948717954, 8, 5.021481522111678e-11);
INSERT INTO building(id, name, level) VALUES (278, "building_livestock_ranchlevel", 2);
INSERT INTO demand(goods_id, building_id, max_demand, current_input, level) VALUES (7, 278, 18.539198198198196, 2, 4.0776995906718575e-11);
INSERT INTO demand(goods_id, building_id, max_demand, current_input, level) VALUES (33, 278, 18.539198198198196, 2, 1.3490936985807733e-10);
INSERT INTO supply(goods_id, building_id, max_supply, current_output, level) VALUES (9, 278, 74.15679279279279, 2, 3.5137273152959184e-10);
INSERT INTO supply(goods_id, building_id, max_supply, current_output, level) VALUES (32, 278, 9.269594594594594, 2, 4.392157009777254e-11);
INSERT INTO supply(goods_id, building_id, max_supply, current_output, level) VALUES (36, 278, 46.348, 2, 2.1960797854942134e-10);
INSERT INTO building(id, name, level) VALUES (279, "building_barrackslevel", 20);
INSERT INTO demand(goods_id, building_id, max_demand, current_input, level) VALUES (0, 279, 32.0, 20, 1.1322471651521718e-10);
INSERT INTO demand(goods_id, building_id, max_demand, current_input, level) VALUES (1, 279, 32.0, 20, 2.8584051947526005e-10);
INSERT INTO demand(goods_id, building_id, max_demand, current_input, level) VALUES (2, 279, 32.0, 20, 4.953089615694719e-10);
INSERT INTO building(id, name, level) VALUES (280, "building_textile_millslevel", 3);
INSERT INTO demand(goods_id, building_id, max_demand, current_input, level) VALUES (9, 280, 89.99999999999999, 3, 2.2524361788616366e-10);
INSERT INTO demand(goods_id, building_id, max_demand, current_input, level) VALUES (20, 280, 30.0, 3, 33.01671828021647);
INSERT INTO demand(goods_id, building_id, max_demand, current_input, level) VALUES (21, 280, 15.0, 3, 0.0);
INSERT INTO supply(goods_id, building_id, max_supply, current_output, level) VALUES (12, 280, 120.0, 3, 40.0000000001001);
INSERT INTO supply(goods_id, building_id, max_supply, current_output, level) VALUES (48, 280, 60.0, 3, 20.00000000005005);
INSERT INTO building(id, name, level) VALUES (281, "building_furniture_manufacturieslevel", 9);
INSERT INTO demand(goods_id, building_id, max_demand, current_input, level) VALUES (9, 281, 90.00000000000001, 9, 2.2524361788616374e-10);
INSERT INTO demand(goods_id, building_id, max_demand, current_input, level) VALUES (10, 281, 90.00000000000001, 9, 6.116098766366676e-10);
INSERT INTO demand(goods_id, building_id, max_demand, current_input, level) VALUES (26, 281, 180.00000000000003, 9, 6.536240647215959e-10);
INSERT INTO demand(goods_id, building_id, max_demand, current_input, level) VALUES (33, 281, 135.00000000000003, 9, 9.823922661666417e-10);
INSERT INTO supply(goods_id, building_id, max_supply, current_output, level) VALUES (13, 281, 403.58250000000004, 9, 2.0387572046582726e-09);
INSERT INTO supply(goods_id, building_id, max_supply, current_output, level) VALUES (49, 281, 358.74, 9, 1.8122286263629087e-09);
INSERT INTO building(id, name, level) VALUES (282, "building_logging_camplevel", 6);
INSERT INTO demand(goods_id, building_id, max_demand, current_input, level) VALUES (33, 282, 30.000000000000004, 6, 2.183093924814759e-10);
INSERT INTO supply(goods_id, building_id, max_supply, current_output, level) VALUES (10, 282, 240.00000000000003, 6, 1.7464751398518075e-09);
INSERT INTO supply(goods_id, building_id, max_supply, current_output, level) VALUES (26, 282, 60.00000000000001, 6, 4.366187849629519e-10);
INSERT INTO building(id, name, level) VALUES (283, "building_wheat_farmlevel", 5);
INSERT INTO demand(goods_id, building_id, max_demand, current_input, level) VALUES (32, 283, 23.449, 5, 1.979944488202284e-11);
INSERT INTO supply(goods_id, building_id, max_supply, current_output, level) VALUES (7, 283, 164.143, 5, 1.3859611417415986e-10);
INSERT INTO supply(goods_id, building_id, max_supply, current_output, level) VALUES (39, 283, 37.518394736842104, 5, 3.167910736722594e-11);
INSERT INTO building(id, name, level) VALUES (284, "building_barrackslevel", 30);
INSERT INTO demand(goods_id, building_id, max_demand, current_input, level) VALUES (0, 284, 48.0, 30, 1.6983707477282578e-10);
INSERT INTO demand(goods_id, building_id, max_demand, current_input, level) VALUES (1, 284, 48.0, 30, 4.2876077921289007e-10);
INSERT INTO demand(goods_id, building_id, max_demand, current_input, level) VALUES (2, 284, 48.0, 30, 7.429634423542077e-10);
INSERT INTO building(id, name, level) VALUES (285, "building_government_administrationlevel", 7);
INSERT INTO demand(goods_id, building_id, max_demand, current_input, level) VALUES (14, 285, 140.0, 7, 1.5022798522541572e-09);
INSERT INTO building(id, name, level) VALUES (286, "building_shipyardslevel", 5);
INSERT INTO demand(goods_id, building_id, max_demand, current_input, level) VALUES (9, 286, 80.99100000000001, 5, 2.0269673173575876e-10);
INSERT INTO demand(goods_id, building_id, max_demand, current_input, level) VALUES (10, 286, 161.98200000000003, 5, 1.1007754559706744e-09);
INSERT INTO demand(goods_id, building_id, max_demand, current_input, level) VALUES (26, 286, 80.99100000000001, 5, 2.940981479214821e-10);
INSERT INTO demand(goods_id, building_id, max_demand, current_input, level) VALUES (29, 286, 40.49550000000001, 5, 0.0);
INSERT INTO supply(goods_id, building_id, max_supply, current_output, level) VALUES (5, 286, 60.5306403508772, 5, 1.9565949860140826e-10);
INSERT INTO supply(goods_id, building_id, max_supply, current_output, level) VALUES (18, 286, 221.94571052631582, 5, 7.174182560532409e-10);
INSERT INTO building(id, name, level) VALUES (287, "building_logging_camplevel", 5);
INSERT INTO demand(goods_id, building_id, max_demand, current_input, level) VALUES (33, 287, 25.000000000000004, 5, 1.8192449373456325e-10);
INSERT INTO supply(goods_id, building_id, max_supply, current_output, level) VALUES (10, 287, 200.00000000000003, 5, 1.455395949876506e-09);
INSERT INTO supply(goods_id, building_id, max_supply, current_output, level) VALUES (26, 287, 50.00000000000001, 5, 3.638489874691265e-10);
INSERT INTO building(id, name, level) VALUES (288, "building_arms_industrylevel", 2);
INSERT INTO demand(goods_id, building_id, max_demand, current_input, level) VALUES (24, 288, 19.849594594594592, 2, 5.472196600249748e-10);
INSERT INTO demand(goods_id, building_id, max_demand, current_input, level) VALUES (26, 288, 19.849594594594592, 2, 7.207873723330408e-11);
INSERT INTO demand(goods_id, building_id, max_demand, current_input, level) VALUES (30, 288, 29.774396396396394, 2, 4.0045876126211625e-10);
INSERT INTO supply(goods_id, building_id, max_supply, current_output, level) VALUES (1, 288, 19.780126126126124, 2, 2.943897148753359e-10);
INSERT INTO supply(goods_id, building_id, max_supply, current_output, level) VALUES (2, 288, 49.450315315315315, 2, 7.359742871883398e-10);
INSERT INTO building(id, name, level) VALUES (289, "building_fishing_wharflevel", 3);
INSERT INTO demand(goods_id, building_id, max_demand, current_input, level) VALUES (18, 289, 15.0, 3, 2.472954706901418e-10);
INSERT INTO supply(goods_id, building_id, max_supply, current_output, level) VALUES (8, 289, 150.0, 3, 2.472954706901418e-09);
INSERT INTO building(id, name, level) VALUES (290, "building_naval_baselevel", 11);
INSERT INTO demand(goods_id, building_id, max_demand, current_input, level) VALUES (5, 290, 22.0, 11, 6.678688560367931e-11);
INSERT INTO building(id, name, level) VALUES (291, "building_wheat_farmlevel", 4);
INSERT INTO demand(goods_id, building_id, max_demand, current_input, level) VALUES (32, 291, 18.76919469026549, 4, 1.5847995042426854e-11);
INSERT INTO supply(goods_id, building_id, max_supply, current_output, level) VALUES (7, 291, 131.38439823008852, 4, 1.1093599518590886e-10);
INSERT INTO supply(goods_id, building_id, max_supply, current_output, level) VALUES (39, 291, 30.030716814159298, 4, 2.53567965512211e-11);
INSERT INTO building(id, name, level) VALUES (292, "building_livestock_ranchlevel", 5);
INSERT INTO demand(goods_id, building_id, max_demand, current_input, level) VALUES (7, 292, 46.270500000000006, 5, 1.017720383012678e-10);
INSERT INTO demand(goods_id, building_id, max_demand, current_input, level) VALUES (33, 292, 46.270500000000006, 5, 3.367094914938044e-10);
INSERT INTO supply(goods_id, building_id, max_supply, current_output, level) VALUES (9, 292, 185.08200000000002, 5, 8.769630595901444e-10);
INSERT INTO supply(goods_id, building_id, max_supply, current_output, level) VALUES (32, 292, 23.13524561403509, 5, 1.0962036166701072e-10);
INSERT INTO supply(goods_id, building_id, max_supply, current_output, level) VALUES (36, 292, 115.67624561403511, 5, 5.48101891462083e-10);
INSERT INTO building(id, name, level) VALUES (293, "building_portlevel", 3);
INSERT INTO demand(goods_id, building_id, max_demand, current_input, level) VALUES (18, 293, 15.0, 3, 2.472954706901418e-10);
INSERT INTO building(id, name, level) VALUES (294, "building_government_administrationlevel", 4);
INSERT INTO demand(goods_id, building_id, max_demand, current_input, level) VALUES (14, 294, 80.0, 4, 8.584456298595185e-10);
INSERT INTO building(id, name, level) VALUES (295, "building_tooling_workshopslevel", 7);
INSERT INTO demand(goods_id, building_id, max_demand, current_input, level) VALUES (10, 295, 210.0, 7, 1.4270897121522243e-09);
INSERT INTO demand(goods_id, building_id, max_demand, current_input, level) VALUES (30, 295, 140.00000000000003, 7, 1.8829676958113504e-09);
INSERT INTO supply(goods_id, building_id, max_supply, current_output, level) VALUES (33, 295, 560.0000000000001, 7, 5.668721674492334e-09);
INSERT INTO building(id, name, level) VALUES (296, "building_furniture_manufacturieslevel", 6);
INSERT INTO demand(goods_id, building_id, max_demand, current_input, level) VALUES (9, 296, 60.00000000000001, 6, 1.5016241192410915e-10);
INSERT INTO demand(goods_id, building_id, max_demand, current_input, level) VALUES (10, 296, 60.00000000000001, 6, 4.077399177577784e-10);
INSERT INTO demand(goods_id, building_id, max_demand, current_input, level) VALUES (26, 296, 120.00000000000001, 6, 4.357493764810639e-10);
INSERT INTO demand(goods_id, building_id, max_demand, current_input, level) VALUES (33, 296, 90.0, 6, 6.549281774444277e-10);
INSERT INTO supply(goods_id, building_id, max_supply, current_output, level) VALUES (13, 296, 269.055, 6, 1.3591714697721815e-09);
INSERT INTO supply(goods_id, building_id, max_supply, current_output, level) VALUES (49, 296, 239.16000000000003, 6, 1.2081524175752727e-09);
INSERT INTO building(id, name, level) VALUES (297, "building_logging_camplevel", 4);
INSERT INTO demand(goods_id, building_id, max_demand, current_input, level) VALUES (33, 297, 20.000000000000004, 4, 1.455395949876506e-10);
INSERT INTO supply(goods_id, building_id, max_supply, current_output, level) VALUES (10, 297, 160.00000000000003, 4, 1.1643167599012049e-09);
INSERT INTO supply(goods_id, building_id, max_supply, current_output, level) VALUES (26, 297, 40.00000000000001, 4, 2.910791899753012e-10);
INSERT INTO building(id, name, level) VALUES (298, "building_iron_minelevel", 5);
INSERT INTO demand(goods_id, building_id, max_demand, current_input, level) VALUES (23, 298, 75.0, 5, 5.541082291916874e-10);
INSERT INTO demand(goods_id, building_id, max_demand, current_input, level) VALUES (33, 298, 75.0, 5, 5.457734812036897e-10);
INSERT INTO supply(goods_id, building_id, max_supply, current_output, level) VALUES (24, 298, 300.0, 5, 2.1997634207907543e-09);
INSERT INTO building(id, name, level) VALUES (299, "building_wheat_farmlevel", 12);
INSERT INTO demand(goods_id, building_id, max_demand, current_input, level) VALUES (32, 299, 60.0, 12, 5.0661720880266544e-11);
INSERT INTO demand(goods_id, building_id, max_demand, current_input, level) VALUES (33, 299, 12.0, 12, 8.732375699259034e-11);
INSERT INTO supply(goods_id, building_id, max_supply, current_output, level) VALUES (7, 299, 420.0, 12, 1.7054817704512638e-09);
INSERT INTO supply(goods_id, building_id, max_supply, current_output, level) VALUES (39, 299, 96.0, 12, 3.898244046745746e-10);
INSERT INTO building(id, name, level) VALUES (300, "building_barrackslevel", 15);
INSERT INTO demand(goods_id, building_id, max_demand, current_input, level) VALUES (0, 300, 24.0, 15, 8.491853738641289e-11);
INSERT INTO demand(goods_id, building_id, max_demand, current_input, level) VALUES (1, 300, 24.0, 15, 2.1438038960644504e-10);
INSERT INTO demand(goods_id, building_id, max_demand, current_input, level) VALUES (2, 300, 24.0, 15, 3.7148172117710386e-10);
INSERT INTO building(id, name, level) VALUES (301, "building_food_industrylevel", 6);
INSERT INTO demand(goods_id, building_id, max_demand, current_input, level) VALUES (7, 301, 240.00000000000003, 6, 5.278803815023454e-10);
INSERT INTO demand(goods_id, building_id, max_demand, current_input, level) VALUES (42, 301, 240.00000000000003, 6, 0.0);
INSERT INTO supply(goods_id, building_id, max_supply, current_output, level) VALUES (11, 301, 210.00000000000003, 6, 2.3094766690727612e-10);
INSERT INTO supply(goods_id, building_id, max_supply, current_output, level) VALUES (38, 301, 360.0, 6, 3.95910286126759e-10);
INSERT INTO building(id, name, level) VALUES (302, "building_barrackslevel", 15);
INSERT INTO demand(goods_id, building_id, max_demand, current_input, level) VALUES (0, 302, 24.0, 15, 8.491853738641289e-11);
INSERT INTO demand(goods_id, building_id, max_demand, current_input, level) VALUES (1, 302, 24.0, 15, 2.1438038960644504e-10);
INSERT INTO demand(goods_id, building_id, max_demand, current_input, level) VALUES (2, 302, 24.0, 15, 3.7148172117710386e-10);
INSERT INTO building(id, name, level) VALUES (303, "building_logging_camplevel", 5);
INSERT INTO demand(goods_id, building_id, max_demand, current_input, level) VALUES (33, 303, 25.000000000000004, 5, 1.8192449373456325e-10);
INSERT INTO supply(goods_id, building_id, max_supply, current_output, level) VALUES (10, 303, 200.00000000000003, 5, 1.455395949876506e-09);
INSERT INTO supply(goods_id, building_id, max_supply, current_output, level) VALUES (26, 303, 50.00000000000001, 5, 3.638489874691265e-10);
INSERT INTO building(id, name, level) VALUES (304, "building_wheat_farmlevel", 10);
INSERT INTO demand(goods_id, building_id, max_demand, current_input, level) VALUES (32, 304, 46.537496124031, 10, 3.929449398503575e-11);
INSERT INTO supply(goods_id, building_id, max_supply, current_output, level) VALUES (7, 304, 325.762496124031, 10, 2.750614775315762e-10);
INSERT INTO supply(goods_id, building_id, max_supply, current_output, level) VALUES (39, 304, 74.46, 10, 6.287119561241079e-11);
INSERT INTO building(id, name, level) VALUES (305, "building_government_administrationlevel", 6);
INSERT INTO demand(goods_id, building_id, max_demand, current_input, level) VALUES (14, 305, 120.0, 6, 1.2876684447892776e-09);
INSERT INTO building(id, name, level) VALUES (306, "building_furniture_manufacturieslevel", 9);
INSERT INTO demand(goods_id, building_id, max_demand, current_input, level) VALUES (9, 306, 90.00000000000001, 9, 2.2524361788616374e-10);
INSERT INTO demand(goods_id, building_id, max_demand, current_input, level) VALUES (10, 306, 90.00000000000001, 9, 6.116098766366676e-10);
INSERT INTO demand(goods_id, building_id, max_demand, current_input, level) VALUES (26, 306, 180.00000000000003, 9, 6.536240647215959e-10);
INSERT INTO demand(goods_id, building_id, max_demand, current_input, level) VALUES (33, 306, 135.00000000000003, 9, 9.823922661666417e-10);
INSERT INTO supply(goods_id, building_id, max_supply, current_output, level) VALUES (13, 306, 403.58250000000004, 9, 2.0387572046582726e-09);
INSERT INTO supply(goods_id, building_id, max_supply, current_output, level) VALUES (49, 306, 358.74, 9, 1.8122286263629087e-09);
INSERT INTO building(id, name, level) VALUES (307, "building_iron_minelevel", 8);
INSERT INTO demand(goods_id, building_id, max_demand, current_input, level) VALUES (23, 307, 120.0, 8, 8.865731667067e-10);
INSERT INTO demand(goods_id, building_id, max_demand, current_input, level) VALUES (33, 307, 120.0, 8, 8.732375699259035e-10);
INSERT INTO supply(goods_id, building_id, max_supply, current_output, level) VALUES (24, 307, 480.0, 8, 3.519621473265207e-09);
INSERT INTO building(id, name, level) VALUES (308, "building_barrackslevel", 15);
INSERT INTO demand(goods_id, building_id, max_demand, current_input, level) VALUES (0, 308, 23.85264, 15, 8.439713756686032e-11);
INSERT INTO demand(goods_id, building_id, max_demand, current_input, level) VALUES (1, 308, 23.85264, 15, 2.1306409401426146e-10);
INSERT INTO demand(goods_id, building_id, max_demand, current_input, level) VALUES (2, 308, 23.85264, 15, 3.692008234090765e-10);
INSERT INTO building(id, name, level) VALUES (309, "building_tooling_workshopslevel", 6);
INSERT INTO demand(goods_id, building_id, max_demand, current_input, level) VALUES (10, 309, 180.0, 6, 1.223219753273335e-09);
INSERT INTO demand(goods_id, building_id, max_demand, current_input, level) VALUES (30, 309, 120.00000000000001, 6, 1.613972310695443e-09);
INSERT INTO supply(goods_id, building_id, max_supply, current_output, level) VALUES (33, 309, 480.00000000000006, 6, 4.858904292421999e-09);
INSERT INTO building(id, name, level) VALUES (310, "building_lead_minelevel", 5);
INSERT INTO demand(goods_id, building_id, max_demand, current_input, level) VALUES (23, 310, 50.0, 5, 3.6940548612779166e-10);
INSERT INTO demand(goods_id, building_id, max_demand, current_input, level) VALUES (33, 310, 50.0, 5, 3.6384898746912644e-10);
INSERT INTO supply(goods_id, building_id, max_supply, current_output, level) VALUES (25, 310, 200.0, 5, 1.4665089471938361e-09);
INSERT INTO building(id, name, level) VALUES (311, "building_sulfur_minelevel", 6);
INSERT INTO demand(goods_id, building_id, max_demand, current_input, level) VALUES (23, 311, 90.0, 6, 6.64929875030025e-10);
INSERT INTO demand(goods_id, building_id, max_demand, current_input, level) VALUES (33, 311, 90.0, 6, 6.549281774444277e-10);
INSERT INTO supply(goods_id, building_id, max_supply, current_output, level) VALUES (22, 311, 360.0, 6, 2.639716104948905e-09);
INSERT INTO building(id, name, level) VALUES (312, "building_logging_camplevel", 6);
INSERT INTO demand(goods_id, building_id, max_demand, current_input, level) VALUES (33, 312, 30.000000000000004, 6, 2.183093924814759e-10);
INSERT INTO supply(goods_id, building_id, max_supply, current_output, level) VALUES (10, 312, 240.00000000000003, 6, 1.7464751398518075e-09);
INSERT INTO supply(goods_id, building_id, max_supply, current_output, level) VALUES (26, 312, 60.00000000000001, 6, 4.366187849629519e-10);
INSERT INTO building(id, name, level) VALUES (313, "building_railwaylevel", 1);
INSERT INTO demand(goods_id, building_id, max_demand, current_input, level) VALUES (23, 313, 10.0, 1, 7.388109722555834e-11);
INSERT INTO demand(goods_id, building_id, max_demand, current_input, level) VALUES (29, 313, 10.0, 1, 0.0);
INSERT INTO supply(goods_id, building_id, max_supply, current_output, level) VALUES (16, 313, 50.0, 1, 1.8470274306389583e-10);
INSERT INTO building(id, name, level) VALUES (314, "building_barrackslevel", 20);
INSERT INTO demand(goods_id, building_id, max_demand, current_input, level) VALUES (0, 314, 31.8528, 20, 1.1270388281924716e-10);
INSERT INTO demand(goods_id, building_id, max_demand, current_input, level) VALUES (1, 314, 31.8528, 20, 2.8452565308567383e-10);
INSERT INTO demand(goods_id, building_id, max_demand, current_input, level) VALUES (2, 314, 31.8528, 20, 4.930305403462523e-10);
INSERT INTO building(id, name, level) VALUES (315, "building_government_administrationlevel", 4);
INSERT INTO demand(goods_id, building_id, max_demand, current_input, level) VALUES (14, 315, 80.0, 4, 8.584456298595185e-10);
INSERT INTO building(id, name, level) VALUES (316, "building_food_industrylevel", 4);
INSERT INTO demand(goods_id, building_id, max_demand, current_input, level) VALUES (7, 316, 160.00000000000003, 4, 3.5192025433489696e-10);
INSERT INTO demand(goods_id, building_id, max_demand, current_input, level) VALUES (42, 316, 160.00000000000003, 4, 0.0);
INSERT INTO supply(goods_id, building_id, max_supply, current_output, level) VALUES (11, 316, 140.0, 4, 1.539651112715174e-10);
INSERT INTO supply(goods_id, building_id, max_supply, current_output, level) VALUES (38, 316, 240.0, 4, 2.639401907511727e-10);
INSERT INTO building(id, name, level) VALUES (317, "building_logging_camplevel", 3);
INSERT INTO demand(goods_id, building_id, max_demand, current_input, level) VALUES (33, 317, 15.0, 3, 1.0915469624073794e-10);
INSERT INTO supply(goods_id, building_id, max_supply, current_output, level) VALUES (10, 317, 120.0, 3, 8.732375699259036e-10);
INSERT INTO supply(goods_id, building_id, max_supply, current_output, level) VALUES (26, 317, 30.0, 3, 2.183093924814759e-10);
INSERT INTO building(id, name, level) VALUES (318, "building_fishing_wharflevel", 2);
INSERT INTO demand(goods_id, building_id, max_demand, current_input, level) VALUES (18, 318, 10.0, 2, 1.648636471267612e-10);
INSERT INTO supply(goods_id, building_id, max_supply, current_output, level) VALUES (8, 318, 100.0, 2, 1.648636471267612e-09);
INSERT INTO building(id, name, level) VALUES (319, "building_wheat_farmlevel", 10);
INSERT INTO demand(goods_id, building_id, max_demand, current_input, level) VALUES (32, 319, 50.0, 10, 4.221810073355546e-11);
INSERT INTO demand(goods_id, building_id, max_demand, current_input, level) VALUES (33, 319, 10.0, 10, 7.276979749382529e-11);
INSERT INTO supply(goods_id, building_id, max_supply, current_output, level) VALUES (7, 319, 350.0, 10, 1.4212348087093867e-09);
INSERT INTO supply(goods_id, building_id, max_supply, current_output, level) VALUES (39, 319, 80.0, 10, 3.248536705621455e-10);
INSERT INTO building(id, name, level) VALUES (320, "building_naval_baselevel", 25);
INSERT INTO demand(goods_id, building_id, max_demand, current_input, level) VALUES (5, 320, 50.0, 25, 1.5178837637199842e-10);
INSERT INTO building(id, name, level) VALUES (321, "building_portlevel", 3);
INSERT INTO demand(goods_id, building_id, max_demand, current_input, level) VALUES (18, 321, 15.0, 3, 2.472954706901418e-10);
INSERT INTO building(id, name, level) VALUES (322, "building_government_administrationlevel", 4);
INSERT INTO demand(goods_id, building_id, max_demand, current_input, level) VALUES (14, 322, 80.0, 4, 8.584456298595185e-10);
INSERT INTO building(id, name, level) VALUES (323, "building_glassworkslevel", 4);
INSERT INTO demand(goods_id, building_id, max_demand, current_input, level) VALUES (10, 323, 80.00000000000001, 4, 5.436532236770379e-10);
INSERT INTO demand(goods_id, building_id, max_demand, current_input, level) VALUES (25, 323, 40.00000000000001, 4, 3.5393729673488257e-10);
INSERT INTO supply(goods_id, building_id, max_supply, current_output, level) VALUES (31, 323, 160.00000000000003, 4, 1.251527817146803e-09);
INSERT INTO building(id, name, level) VALUES (324, "building_wheat_farmlevel", 8);
INSERT INTO demand(goods_id, building_id, max_demand, current_input, level) VALUES (32, 324, 37.5103937007874, 8, 3.167235159630333e-11);
INSERT INTO supply(goods_id, building_id, max_supply, current_output, level) VALUES (7, 324, 262.5727952755905, 8, 2.217064944167223e-10);
INSERT INTO supply(goods_id, building_id, max_supply, current_output, level) VALUES (39, 324, 60.01663779527559, 8, 5.0675769202605134e-11);
INSERT INTO building(id, name, level) VALUES (325, "building_livestock_ranchlevel", 4);
INSERT INTO demand(goods_id, building_id, max_demand, current_input, level) VALUES (7, 325, 37.01959349593496, 4, 8.142465474039954e-11);
INSERT INTO demand(goods_id, building_id, max_demand, current_input, level) VALUES (33, 325, 37.01959349593496, 4, 2.693908322002919e-10);
INSERT INTO supply(goods_id, building_id, max_supply, current_output, level) VALUES (9, 325, 148.07839837398373, 4, 7.016310894482284e-10);
INSERT INTO supply(goods_id, building_id, max_supply, current_output, level) VALUES (32, 325, 18.50979674796748, 4, 8.770387173517286e-11);
INSERT INTO supply(goods_id, building_id, max_supply, current_output, level) VALUES (36, 325, 92.54899999999999, 4, 4.3851943572042796e-10);
INSERT INTO building(id, name, level) VALUES (326, "building_barrackslevel", 5);
INSERT INTO demand(goods_id, building_id, max_demand, current_input, level) VALUES (0, 326, 8.0, 5, 2.8306179128804295e-11);
INSERT INTO demand(goods_id, building_id, max_demand, current_input, level) VALUES (1, 326, 8.0, 5, 7.146012986881501e-11);
INSERT INTO demand(goods_id, building_id, max_demand, current_input, level) VALUES (2, 326, 8.0, 5, 1.2382724039236796e-10);
