
  
CREATE TABLE goods(    goods_name    VARCHAR(30),    code    INT,    base_price FLOAT,    current_price FLOAT,    pop_demand FLOAT, PRIMARY KEY (code));

CREATE TABLE building(    id INT,    name VARCHAR(80),    level INT, PRIMARY KEY (id));

CREATE TABLE supply(    goods_id INT,    building_id INT,    max_supply FLOAT,    current_output FLOAT,    level INT, PRIMARY KEY (goods_id, building_id));

CREATE TABLE demand(    goods_id INT,    building_id INT,    max_demand FLOAT,    current_input FLOAT,    level INT,   PRIMARY KEY (goods_id, building_id));
    
INSERT INTO goods(goods_name,code,base_price, current_price, pop_demand) VALUES ("ammunition", 0, 50, 12.5, 0);
INSERT INTO goods(goods_name,code,base_price, current_price, pop_demand) VALUES ("small_arms", 1, 60, 104.99997507034989, 17.55151782527673);
INSERT INTO goods(goods_name,code,base_price, current_price, pop_demand) VALUES ("artillery", 2, 70, 17.5, 0);
INSERT INTO goods(goods_name,code,base_price, current_price, pop_demand) VALUES ("tanks", 3, 80, 80, 0);
INSERT INTO goods(goods_name,code,base_price, current_price, pop_demand) VALUES ("aeroplanes", 4, 80, 80, 0);
INSERT INTO goods(goods_name,code,base_price, current_price, pop_demand) VALUES ("manowars", 5, 70, 17.499999999999993, 0);
INSERT INTO goods(goods_name,code,base_price, current_price, pop_demand) VALUES ("ironclads", 6, 80, 80, 0);
INSERT INTO goods(goods_name,code,base_price, current_price, pop_demand) VALUES ("grain", 7, 20, 34.99999943011783, 6287.115865768167);
INSERT INTO goods(goods_name,code,base_price, current_price, pop_demand) VALUES ("fish", 8, 20, 34.999994165096155, 340.54147330101944);
INSERT INTO goods(goods_name,code,base_price, current_price, pop_demand) VALUES ("fabric", 9, 20, 34.999999674477806, 96.34384548695732);
INSERT INTO goods(goods_name,code,base_price, current_price, pop_demand) VALUES ("wood", 10, 20, 34.99999955917169, 348.15884321478956);
INSERT INTO goods(goods_name,code,base_price, current_price, pop_demand) VALUES ("groceries", 11, 30, 52.49999662330695, 498.0495201981621);
INSERT INTO goods(goods_name,code,base_price, current_price, pop_demand) VALUES ("clothes", 12, 30, 52.49999958722484, 1605.3061160462548);
INSERT INTO goods(goods_name,code,base_price, current_price, pop_demand) VALUES ("furniture", 13, 30, 52.49999835012071, 1311.0409935123948);
INSERT INTO goods(goods_name,code,base_price, current_price, pop_demand) VALUES ("paper", 14, 30, 52.49999956915232, 64.16596175250085);
INSERT INTO goods(goods_name,code,base_price, current_price, pop_demand) VALUES ("services", 15, 30, 52.5, 906.8471496571648);
INSERT INTO goods(goods_name,code,base_price, current_price, pop_demand) VALUES ("transportation", 16, 30, 52.49999758213719, 650.3751733333347);
INSERT INTO goods(goods_name,code,base_price, current_price, pop_demand) VALUES ("electricity", 17, 30, 30, 0);
INSERT INTO goods(goods_name,code,base_price, current_price, pop_demand) VALUES ("clippers", 18, 60, 104.99999311470143, 76.46145203802327);
INSERT INTO goods(goods_name,code,base_price, current_price, pop_demand) VALUES ("steamers", 19, 70, 70, 0);
INSERT INTO goods(goods_name,code,base_price, current_price, pop_demand) VALUES ("silk", 20, 40, 70.0, 0);
INSERT INTO goods(goods_name,code,base_price, current_price, pop_demand) VALUES ("dye", 21, 40, 70.0, 0);
INSERT INTO goods(goods_name,code,base_price, current_price, pop_demand) VALUES ("sulfur", 22, 50, 87.5, 0);
INSERT INTO goods(goods_name,code,base_price, current_price, pop_demand) VALUES ("coal", 23, 30, 52.49998975358194, 643.1059806697531);
INSERT INTO goods(goods_name,code,base_price, current_price, pop_demand) VALUES ("iron", 24, 40, 69.99999481407906, 0);
INSERT INTO goods(goods_name,code,base_price, current_price, pop_demand) VALUES ("lead", 25, 40, 69.9999936930962, 0);
INSERT INTO goods(goods_name,code,base_price, current_price, pop_demand) VALUES ("hardwood", 26, 40, 69.99999959718741, 0);
INSERT INTO goods(goods_name,code,base_price, current_price, pop_demand) VALUES ("rubber", 27, 40, 40, 0);
INSERT INTO goods(goods_name,code,base_price, current_price, pop_demand) VALUES ("oil", 28, 40, 69.99998483093846, 14.039333271812266);
INSERT INTO goods(goods_name,code,base_price, current_price, pop_demand) VALUES ("engines", 29, 60, 104.9999891485733, 0);
INSERT INTO goods(goods_name,code,base_price, current_price, pop_demand) VALUES ("steel", 30, 50, 87.49998974460968, 0);
INSERT INTO goods(goods_name,code,base_price, current_price, pop_demand) VALUES ("glass", 31, 40, 69.99998546231951, 26.76500171398213);
INSERT INTO goods(goods_name,code,base_price, current_price, pop_demand) VALUES ("fertilizer", 32, 30, 52.49999828568026, 0);
INSERT INTO goods(goods_name,code,base_price, current_price, pop_demand) VALUES ("tools", 33, 40, 69.99999397862148, 0);
INSERT INTO goods(goods_name,code,base_price, current_price, pop_demand) VALUES ("explosives", 34, 50, 87.4999980996512, 0);
INSERT INTO goods(goods_name,code,base_price, current_price, pop_demand) VALUES ("porcelain", 35, 70, 122.49999498978863, 135.9078037130628);
INSERT INTO goods(goods_name,code,base_price, current_price, pop_demand) VALUES ("meat", 36, 30, 52.49999195137212, 285.6598267173346);
INSERT INTO goods(goods_name,code,base_price, current_price, pop_demand) VALUES ("fruit", 37, 30, 52.4999952805873, 421.0863097008726);
INSERT INTO goods(goods_name,code,base_price, current_price, pop_demand) VALUES ("liquor", 38, 30, 52.499999694488146, 1064.414604291476);
INSERT INTO goods(goods_name,code,base_price, current_price, pop_demand) VALUES ("wine", 39, 50, 50.029409821433866, 40.431709049157384);
INSERT INTO goods(goods_name,code,base_price, current_price, pop_demand) VALUES ("tea", 40, 50, 87.5, 438.68826352955637);
INSERT INTO goods(goods_name,code,base_price, current_price, pop_demand) VALUES ("coffee", 41, 50, 87.5, 121.43003929388175);
INSERT INTO goods(goods_name,code,base_price, current_price, pop_demand) VALUES ("sugar", 42, 30, 52.49999589775895, 102.4188321627238);
INSERT INTO goods(goods_name,code,base_price, current_price, pop_demand) VALUES ("tobacco", 43, 40, 70.0, 194.65354697856438);
INSERT INTO goods(goods_name,code,base_price, current_price, pop_demand) VALUES ("opium", 44, 50, 87.5, 773.172161350231);
INSERT INTO goods(goods_name,code,base_price, current_price, pop_demand) VALUES ("automobiles", 45, 100, 100, 0);
INSERT INTO goods(goods_name,code,base_price, current_price, pop_demand) VALUES ("telephones", 46, 70, 70, 0);
INSERT INTO goods(goods_name,code,base_price, current_price, pop_demand) VALUES ("radios", 47, 80, 80, 0);
INSERT INTO goods(goods_name,code,base_price, current_price, pop_demand) VALUES ("luxury_clothes", 48, 60, 104.99999918561603, 792.7955216595338);
INSERT INTO goods(goods_name,code,base_price, current_price, pop_demand) VALUES ("luxury_furniture", 49, 60, 104.99999252071716, 474.2991340085594);
INSERT INTO goods(goods_name,code,base_price, current_price, pop_demand) VALUES ("gold", 50, 100, 100, 0);
INSERT INTO goods(goods_name,code,base_price, current_price, pop_demand) VALUES ("fine_art", 51, 200, 349.9999932387972, 5.912940013034491);
INSERT INTO building(id, name, level) VALUES (16777269, "building_conscription_center", 7);
INSERT INTO building(id, name, level) VALUES (77, "building_government_administration", 10);
INSERT INTO demand(goods_id, building_id, max_demand, current_input, level) VALUES (14, 77, 199.99999999999997, 10, 4.442065171655878e-06);
INSERT INTO building(id, name, level) VALUES (78, "building_arts_academy", 3);
INSERT INTO demand(goods_id, building_id, max_demand, current_input, level) VALUES (14, 78, 30.0, 3, 6.66309775748382e-07);
INSERT INTO supply(goods_id, building_id, max_supply, current_output, level) VALUES (51, 78, 12.0, 3, 2.6652391029935275e-07);
INSERT INTO building(id, name, level) VALUES (79, "building_construction_sector", 3);
INSERT INTO demand(goods_id, building_id, max_demand, current_input, level) VALUES (9, 79, 60.0, 3, 1.5102689083148104e-06);
INSERT INTO demand(goods_id, building_id, max_demand, current_input, level) VALUES (10, 79, 120.0, 3, 4.090469376647992e-06);
INSERT INTO demand(goods_id, building_id, max_demand, current_input, level) VALUES (24, 79, 150.0, 3, 3.0075273317210365e-05);
INSERT INTO demand(goods_id, building_id, max_demand, current_input, level) VALUES (33, 79, 30.0, 3, 6.984086601410966e-06);
INSERT INTO building(id, name, level) VALUES (80, "building_university", 4);
INSERT INTO demand(goods_id, building_id, max_demand, current_input, level) VALUES (14, 80, 40.0, 4, 8.884130343311758e-07);
INSERT INTO building(id, name, level) VALUES (81, "building_paper_mills", 10);
INSERT INTO demand(goods_id, building_id, max_demand, current_input, level) VALUES (10, 81, 300.0, 10, 1.022617344161998e-05);
INSERT INTO demand(goods_id, building_id, max_demand, current_input, level) VALUES (22, 81, 100.0, 10, 0.0);
INSERT INTO supply(goods_id, building_id, max_supply, current_output, level) VALUES (14, 81, 700.0, 10, 1.1930535681889976e-05);
INSERT INTO building(id, name, level) VALUES (82, "building_textile_mills", 23);
INSERT INTO demand(goods_id, building_id, max_demand, current_input, level) VALUES (9, 82, 575.0, 23, 1.4473410371350266e-05);
INSERT INTO demand(goods_id, building_id, max_demand, current_input, level) VALUES (20, 82, 345.0, 23, 0.0);
INSERT INTO demand(goods_id, building_id, max_demand, current_input, level) VALUES (21, 82, 115.0, 23, 0.0);
INSERT INTO supply(goods_id, building_id, max_supply, current_output, level) VALUES (12, 82, 690.0, 23, 5.789364148540106e-06);
INSERT INTO supply(goods_id, building_id, max_supply, current_output, level) VALUES (48, 82, 690.0, 23, 5.789364148540106e-06);
INSERT INTO building(id, name, level) VALUES (83, "building_shipyards", 3);
INSERT INTO demand(goods_id, building_id, max_demand, current_input, level) VALUES (9, 83, 60.00000000000001, 3, 1.5102689083148104e-06);
INSERT INTO demand(goods_id, building_id, max_demand, current_input, level) VALUES (10, 83, 120.00000000000001, 3, 4.090469376647993e-06);
INSERT INTO supply(goods_id, building_id, max_supply, current_output, level) VALUES (18, 83, 105.0, 3, 3.1110656470589558e-06);
INSERT INTO building(id, name, level) VALUES (84, "building_military_shipyards", 2);
INSERT INTO demand(goods_id, building_id, max_demand, current_input, level) VALUES (9, 84, 18.697793103448276, 2, 4.7064492630401697e-07);
INSERT INTO demand(goods_id, building_id, max_demand, current_input, level) VALUES (10, 84, 37.39559482758621, 2, 1.2747127955314786e-06);
INSERT INTO demand(goods_id, building_id, max_demand, current_input, level) VALUES (24, 84, 18.697793103448276, 2, 3.7489415867657196e-06);
INSERT INTO demand(goods_id, building_id, max_demand, current_input, level) VALUES (26, 84, 37.39559482758621, 2, 5.823926877545522e-07);
INSERT INTO demand(goods_id, building_id, max_demand, current_input, level) VALUES (29, 84, 9.348896551724138, 2, 2.614859556917225e-06);
INSERT INTO supply(goods_id, building_id, max_supply, current_output, level) VALUES (5, 84, 84.14009482758621, 2, 9.340075209892683e-06);
INSERT INTO building(id, name, level) VALUES (85, "building_furniture_manufacturies", 15);
INSERT INTO demand(goods_id, building_id, max_demand, current_input, level) VALUES (9, 85, 150.0, 15, 3.775672270787026e-06);
INSERT INTO demand(goods_id, building_id, max_demand, current_input, level) VALUES (10, 85, 225.00000000000003, 15, 7.669630081214987e-06);
INSERT INTO demand(goods_id, building_id, max_demand, current_input, level) VALUES (26, 85, 225.00000000000003, 15, 3.5041120578220904e-06);
INSERT INTO demand(goods_id, building_id, max_demand, current_input, level) VALUES (33, 85, 75.0, 15, 1.7460216503527416e-05);
INSERT INTO supply(goods_id, building_id, max_supply, current_output, level) VALUES (13, 85, 600.0, 15, 4.614526670386657e-05);
INSERT INTO supply(goods_id, building_id, max_supply, current_output, level) VALUES (49, 85, 375.00000000000006, 15, 2.884079168991661e-05);
INSERT INTO building(id, name, level) VALUES (86, "building_rye_farm", 15);
INSERT INTO demand(goods_id, building_id, max_demand, current_input, level) VALUES (32, 86, 75.0, 15, 6.628026849004627e-06);
INSERT INTO demand(goods_id, building_id, max_demand, current_input, level) VALUES (33, 86, 15.000000000000002, 15, 3.4920433007054833e-06);
INSERT INTO supply(goods_id, building_id, max_supply, current_output, level) VALUES (7, 86, 375.0, 15, 6.0220608381330105e-05);
INSERT INTO supply(goods_id, building_id, max_supply, current_output, level) VALUES (37, 86, 150.0, 15, 2.408824335253204e-05);
INSERT INTO supply(goods_id, building_id, max_supply, current_output, level) VALUES (42, 86, 75.0, 15, 1.204412167626602e-05);
INSERT INTO building(id, name, level) VALUES (87, "building_livestock_ranch", 6);
INSERT INTO demand(goods_id, building_id, max_demand, current_input, level) VALUES (7, 87, 60.0, 6, 2.6439835298811865e-06);
INSERT INTO demand(goods_id, building_id, max_demand, current_input, level) VALUES (33, 87, 60.0, 6, 1.3968173202821931e-05);
INSERT INTO supply(goods_id, building_id, max_supply, current_output, level) VALUES (9, 87, 120.0, 6, 1.6612156732703116e-05);
INSERT INTO supply(goods_id, building_id, max_supply, current_output, level) VALUES (32, 87, 30.0, 6, 4.153039183175779e-06);
INSERT INTO supply(goods_id, building_id, max_supply, current_output, level) VALUES (36, 87, 150.0, 6, 2.0765195915878896e-05);
INSERT INTO building(id, name, level) VALUES (88, "building_fishing_wharf", 2);
INSERT INTO demand(goods_id, building_id, max_demand, current_input, level) VALUES (18, 88, 9.998, 2, 1.7743409810479988e-06);
INSERT INTO supply(goods_id, building_id, max_supply, current_output, level) VALUES (8, 88, 99.97999999999999, 2, 1.7743409810479987e-05);
INSERT INTO building(id, name, level) VALUES (89, "building_railway", 2);
INSERT INTO demand(goods_id, building_id, max_demand, current_input, level) VALUES (10, 89, 16.0, 2, 5.453959168863989e-07);
INSERT INTO demand(goods_id, building_id, max_demand, current_input, level) VALUES (23, 89, 4.0, 2, 2.1128235611288758e-06);
INSERT INTO demand(goods_id, building_id, max_demand, current_input, level) VALUES (29, 89, 10.0, 2, 2.7969713243163315e-06);
INSERT INTO supply(goods_id, building_id, max_supply, current_output, level) VALUES (16, 89, 60.0, 2, 1.683980535038504e-05);
INSERT INTO building(id, name, level) VALUES (90, "building_port", 8);
INSERT INTO demand(goods_id, building_id, max_demand, current_input, level) VALUES (18, 90, 40.0, 8, 7.098783680928182e-06);
INSERT INTO building(id, name, level) VALUES (91, "building_government_administration", 6);
INSERT INTO demand(goods_id, building_id, max_demand, current_input, level) VALUES (14, 91, 120.0, 6, 2.665239102993528e-06);
INSERT INTO building(id, name, level) VALUES (92, "building_textile_mills", 20);
INSERT INTO demand(goods_id, building_id, max_demand, current_input, level) VALUES (9, 92, 800.0, 20, 2.0136918777530803e-05);
INSERT INTO demand(goods_id, building_id, max_demand, current_input, level) VALUES (21, 92, 100.0, 20, 0.0);
INSERT INTO supply(goods_id, building_id, max_supply, current_output, level) VALUES (12, 92, 1200.0, 20, 1.5102689083148102e-05);
INSERT INTO building(id, name, level) VALUES (93, "building_construction_sector", 3);
INSERT INTO demand(goods_id, building_id, max_demand, current_input, level) VALUES (9, 93, 60.0, 3, 1.5102689083148104e-06);
INSERT INTO demand(goods_id, building_id, max_demand, current_input, level) VALUES (10, 93, 120.0, 3, 4.090469376647992e-06);
INSERT INTO demand(goods_id, building_id, max_demand, current_input, level) VALUES (24, 93, 150.0, 3, 3.0075273317210365e-05);
INSERT INTO demand(goods_id, building_id, max_demand, current_input, level) VALUES (33, 93, 30.0, 3, 6.984086601410966e-06);
INSERT INTO building(id, name, level) VALUES (94, "building_arms_industry", 1);
INSERT INTO demand(goods_id, building_id, max_demand, current_input, level) VALUES (24, 94, 10.0, 1, 2.0050182211473577e-06);
INSERT INTO demand(goods_id, building_id, max_demand, current_input, level) VALUES (26, 94, 10.0, 1, 1.5573831368098178e-07);
INSERT INTO supply(goods_id, building_id, max_supply, current_output, level) VALUES (1, 94, 30.0, 1, 3.2411348022425094e-06);
INSERT INTO building(id, name, level) VALUES (95, "building_munition_plants", 2);
INSERT INTO demand(goods_id, building_id, max_demand, current_input, level) VALUES (25, 95, 40.0, 2, 9.753682861140456e-06);
INSERT INTO demand(goods_id, building_id, max_demand, current_input, level) VALUES (34, 95, 40.0, 2, 2.3511250783568964e-06);
INSERT INTO supply(goods_id, building_id, max_supply, current_output, level) VALUES (0, 95, 100.0, 2, 1.5131009924371691e-05);
INSERT INTO building(id, name, level) VALUES (96, "building_coal_mine", 25);
INSERT INTO demand(goods_id, building_id, max_demand, current_input, level) VALUES (33, 96, 250.0, 25, 5.8200721678424714e-05);
INSERT INTO supply(goods_id, building_id, max_supply, current_output, level) VALUES (23, 96, 1000.0, 25, 0.00023280288671369886);
INSERT INTO building(id, name, level) VALUES (97, "building_iron_mine", 2);
INSERT INTO demand(goods_id, building_id, max_demand, current_input, level) VALUES (16, 97, 10.0, 2, 1.2464154493609716e-06);
INSERT INTO demand(goods_id, building_id, max_demand, current_input, level) VALUES (23, 97, 20.0, 2, 1.0564117805644379e-05);
INSERT INTO demand(goods_id, building_id, max_demand, current_input, level) VALUES (33, 97, 20.0, 2, 4.6560577342739774e-06);
INSERT INTO supply(goods_id, building_id, max_supply, current_output, level) VALUES (24, 97, 80.0, 2, 2.3617341918187066e-05);
INSERT INTO building(id, name, level) VALUES (98, "building_rye_farm", 10);
INSERT INTO demand(goods_id, building_id, max_demand, current_input, level) VALUES (32, 98, 49.99999999999999, 10, 4.418684566003084e-06);
INSERT INTO demand(goods_id, building_id, max_demand, current_input, level) VALUES (33, 98, 10.0, 10, 2.3280288671369887e-06);
INSERT INTO supply(goods_id, building_id, max_supply, current_output, level) VALUES (7, 98, 249.99999999999997, 10, 4.0147072254220063e-05);
INSERT INTO supply(goods_id, building_id, max_supply, current_output, level) VALUES (37, 98, 99.99999999999999, 10, 1.6058828901688025e-05);
INSERT INTO supply(goods_id, building_id, max_supply, current_output, level) VALUES (42, 98, 49.99999999999999, 10, 8.029414450844013e-06);
INSERT INTO building(id, name, level) VALUES (99, "building_livestock_ranch", 3);
INSERT INTO demand(goods_id, building_id, max_demand, current_input, level) VALUES (7, 99, 30.0, 3, 1.3219917649405932e-06);
INSERT INTO demand(goods_id, building_id, max_demand, current_input, level) VALUES (33, 99, 30.0, 3, 6.984086601410966e-06);
INSERT INTO supply(goods_id, building_id, max_supply, current_output, level) VALUES (9, 99, 60.0, 3, 8.306078366351558e-06);
INSERT INTO supply(goods_id, building_id, max_supply, current_output, level) VALUES (32, 99, 15.0, 3, 2.0765195915878895e-06);
INSERT INTO supply(goods_id, building_id, max_supply, current_output, level) VALUES (36, 99, 75.0, 3, 1.0382597957939448e-05);
INSERT INTO building(id, name, level) VALUES (100, "building_railway", 2);
INSERT INTO demand(goods_id, building_id, max_demand, current_input, level) VALUES (10, 100, 16.0, 2, 5.453959168863989e-07);
INSERT INTO demand(goods_id, building_id, max_demand, current_input, level) VALUES (23, 100, 4.0, 2, 2.1128235611288758e-06);
INSERT INTO demand(goods_id, building_id, max_demand, current_input, level) VALUES (29, 100, 10.0, 2, 2.7969713243163315e-06);
INSERT INTO supply(goods_id, building_id, max_supply, current_output, level) VALUES (16, 100, 60.0, 2, 1.683980535038504e-05);
INSERT INTO building(id, name, level) VALUES (101, "building_fishing_wharf", 3);
INSERT INTO demand(goods_id, building_id, max_demand, current_input, level) VALUES (18, 101, 9.645892156862745, 3, 1.71185254577826e-06);
INSERT INTO supply(goods_id, building_id, max_supply, current_output, level) VALUES (8, 101, 96.459, 3, 1.711853937696629e-05);
INSERT INTO building(id, name, level) VALUES (102, "building_port", 7);
INSERT INTO demand(goods_id, building_id, max_demand, current_input, level) VALUES (18, 102, 35.0, 7, 6.211435720812159e-06);
INSERT INTO building(id, name, level) VALUES (103, "building_paper_mills", 5);
INSERT INTO demand(goods_id, building_id, max_demand, current_input, level) VALUES (10, 103, 150.0, 5, 5.11308672080999e-06);
INSERT INTO demand(goods_id, building_id, max_demand, current_input, level) VALUES (22, 103, 50.0, 5, 0.0);
INSERT INTO supply(goods_id, building_id, max_supply, current_output, level) VALUES (14, 103, 350.0, 5, 5.965267840944988e-06);
INSERT INTO building(id, name, level) VALUES (104, "building_livestock_ranch", 2);
INSERT INTO demand(goods_id, building_id, max_demand, current_input, level) VALUES (7, 104, 20.0, 2, 8.813278432937288e-07);
INSERT INTO demand(goods_id, building_id, max_demand, current_input, level) VALUES (33, 104, 20.0, 2, 4.6560577342739774e-06);
INSERT INTO supply(goods_id, building_id, max_supply, current_output, level) VALUES (9, 104, 40.0, 2, 5.537385577567707e-06);
INSERT INTO supply(goods_id, building_id, max_supply, current_output, level) VALUES (32, 104, 10.0, 2, 1.3843463943919268e-06);
INSERT INTO supply(goods_id, building_id, max_supply, current_output, level) VALUES (36, 104, 50.0, 2, 6.9217319719596335e-06);
INSERT INTO building(id, name, level) VALUES (105, "building_coal_mine", 4);
INSERT INTO demand(goods_id, building_id, max_demand, current_input, level) VALUES (33, 105, 40.00000000000001, 4, 9.312115468547957e-06);
INSERT INTO supply(goods_id, building_id, max_supply, current_output, level) VALUES (23, 105, 160.00000000000003, 4, 3.7248461874191826e-05);
INSERT INTO building(id, name, level) VALUES (106, "building_logging_camp", 3);
INSERT INTO demand(goods_id, building_id, max_demand, current_input, level) VALUES (33, 106, 15.0, 3, 3.492043300705483e-06);
INSERT INTO supply(goods_id, building_id, max_supply, current_output, level) VALUES (10, 106, 180.0, 3, 4.1904519608465796e-05);
INSERT INTO building(id, name, level) VALUES (107, "building_port", 1);
INSERT INTO demand(goods_id, building_id, max_demand, current_input, level) VALUES (18, 107, 5.0, 1, 8.873479601160227e-07);
INSERT INTO building(id, name, level) VALUES (108, "building_government_administration", 4);
INSERT INTO demand(goods_id, building_id, max_demand, current_input, level) VALUES (14, 108, 80.0, 4, 1.7768260686623516e-06);
INSERT INTO building(id, name, level) VALUES (109, "building_tooling_workshops", 18);
INSERT INTO demand(goods_id, building_id, max_demand, current_input, level) VALUES (10, 109, 531.1547948717949, 18, 1.810560352235686e-05);
INSERT INTO demand(goods_id, building_id, max_demand, current_input, level) VALUES (30, 109, 354.10319658119664, 18, 0.00011232190502241925);
INSERT INTO supply(goods_id, building_id, max_supply, current_output, level) VALUES (33, 109, 1416.412794871795, 18, 0.0002487846162425463);
INSERT INTO building(id, name, level) VALUES (110, "building_construction_sector", 2);
INSERT INTO demand(goods_id, building_id, max_demand, current_input, level) VALUES (9, 110, 39.976, 2, 1.0062418313132142e-06);
INSERT INTO demand(goods_id, building_id, max_demand, current_input, level) VALUES (10, 110, 79.952, 2, 2.7253433966813354e-06);
INSERT INTO demand(goods_id, building_id, max_demand, current_input, level) VALUES (24, 110, 99.94, 2, 2.003815210214669e-05);
INSERT INTO demand(goods_id, building_id, max_demand, current_input, level) VALUES (33, 110, 19.988, 2, 4.653264099633413e-06);
INSERT INTO building(id, name, level) VALUES (111, "building_textile_mills", 8);
INSERT INTO demand(goods_id, building_id, max_demand, current_input, level) VALUES (9, 111, 200.0, 8, 5.034229694382701e-06);
INSERT INTO demand(goods_id, building_id, max_demand, current_input, level) VALUES (20, 111, 120.0, 8, 0.0);
INSERT INTO demand(goods_id, building_id, max_demand, current_input, level) VALUES (21, 111, 39.99999999999999, 8, 0.0);
INSERT INTO supply(goods_id, building_id, max_supply, current_output, level) VALUES (12, 111, 240.0, 8, 2.01369187775308e-06);
INSERT INTO supply(goods_id, building_id, max_supply, current_output, level) VALUES (48, 111, 240.0, 8, 2.01369187775308e-06);
INSERT INTO building(id, name, level) VALUES (112, "building_steel_mills", 8);
INSERT INTO demand(goods_id, building_id, max_demand, current_input, level) VALUES (23, 112, 218.9735981308411, 8, 0.00011566314434900177);
INSERT INTO demand(goods_id, building_id, max_demand, current_input, level) VALUES (24, 112, 291.96479439252334, 8, 5.853947326905512e-05);
INSERT INTO supply(goods_id, building_id, max_supply, current_output, level) VALUES (30, 112, 474.44279439252335, 8, 0.0001728650616824972);
INSERT INTO building(id, name, level) VALUES (113, "building_motor_industry", 3);
INSERT INTO demand(goods_id, building_id, max_demand, current_input, level) VALUES (30, 113, 90.0, 3, 2.854809431153984e-05);
INSERT INTO supply(goods_id, building_id, max_supply, current_output, level) VALUES (29, 113, 120.0, 3, 3.806412574871978e-05);
INSERT INTO building(id, name, level) VALUES (114, "building_coal_mine", 20);
INSERT INTO demand(goods_id, building_id, max_demand, current_input, level) VALUES (16, 114, 99.99499999999999, 20, 1.2463531285885036e-05);
INSERT INTO demand(goods_id, building_id, max_demand, current_input, level) VALUES (33, 114, 199.98999999999998, 20, 4.655824931387263e-05);
INSERT INTO supply(goods_id, building_id, max_supply, current_output, level) VALUES (23, 114, 799.9599999999999, 20, 0.0001429706237712854);
INSERT INTO building(id, name, level) VALUES (115, "building_iron_mine", 4);
INSERT INTO demand(goods_id, building_id, max_demand, current_input, level) VALUES (16, 115, 20.0, 4, 2.4928308987219433e-06);
INSERT INTO demand(goods_id, building_id, max_demand, current_input, level) VALUES (23, 115, 40.0, 4, 2.1128235611288758e-05);
INSERT INTO demand(goods_id, building_id, max_demand, current_input, level) VALUES (33, 115, 40.0, 4, 9.312115468547955e-06);
INSERT INTO supply(goods_id, building_id, max_supply, current_output, level) VALUES (24, 115, 160.0, 4, 4.723468383637413e-05);
INSERT INTO building(id, name, level) VALUES (116, "building_rye_farm", 8);
INSERT INTO demand(goods_id, building_id, max_demand, current_input, level) VALUES (32, 116, 39.99999999999999, 8, 3.5349476528024666e-06);
INSERT INTO demand(goods_id, building_id, max_demand, current_input, level) VALUES (33, 116, 8.0, 8, 1.862423093709591e-06);
INSERT INTO supply(goods_id, building_id, max_supply, current_output, level) VALUES (7, 116, 200.0, 8, 3.211765780337606e-05);
INSERT INTO supply(goods_id, building_id, max_supply, current_output, level) VALUES (37, 116, 79.99999999999999, 8, 1.284706312135042e-05);
INSERT INTO supply(goods_id, building_id, max_supply, current_output, level) VALUES (42, 116, 39.99999999999999, 8, 6.42353156067521e-06);
INSERT INTO building(id, name, level) VALUES (117, "building_livestock_ranch", 3);
INSERT INTO demand(goods_id, building_id, max_demand, current_input, level) VALUES (7, 117, 25.041, 3, 1.1034665261959132e-06);
INSERT INTO demand(goods_id, building_id, max_demand, current_input, level) VALUES (33, 117, 25.041, 3, 5.8296170861977335e-06);
INSERT INTO supply(goods_id, building_id, max_supply, current_output, level) VALUES (9, 117, 50.082, 3, 6.9330836123936476e-06);
INSERT INTO supply(goods_id, building_id, max_supply, current_output, level) VALUES (32, 117, 12.5205, 3, 1.7332709030984119e-06);
INSERT INTO supply(goods_id, building_id, max_supply, current_output, level) VALUES (36, 117, 62.6025, 3, 8.66635451549206e-06);
INSERT INTO building(id, name, level) VALUES (118, "building_railway", 4);
INSERT INTO demand(goods_id, building_id, max_demand, current_input, level) VALUES (10, 118, 31.995200000000004, 4, 1.090628214997732e-06);
INSERT INTO demand(goods_id, building_id, max_demand, current_input, level) VALUES (23, 118, 7.998800000000001, 4, 4.225013275189413e-06);
INSERT INTO demand(goods_id, building_id, max_demand, current_input, level) VALUES (29, 118, 19.997000000000003, 4, 5.593103557235369e-06);
INSERT INTO supply(goods_id, building_id, max_supply, current_output, level) VALUES (16, 118, 119.982, 4, 3.367455875916496e-05);
INSERT INTO building(id, name, level) VALUES (119, "building_port", 4);
INSERT INTO demand(goods_id, building_id, max_demand, current_input, level) VALUES (18, 119, 19.996, 4, 3.5486819620959976e-06);
INSERT INTO building(id, name, level) VALUES (120, "building_logging_camp", 3);
INSERT INTO demand(goods_id, building_id, max_demand, current_input, level) VALUES (33, 120, 15.0, 3, 3.492043300705483e-06);
INSERT INTO supply(goods_id, building_id, max_supply, current_output, level) VALUES (10, 120, 60.0, 3, 1.3968173202821931e-05);
INSERT INTO supply(goods_id, building_id, max_supply, current_output, level) VALUES (26, 120, 60.0, 3, 1.3968173202821931e-05);
INSERT INTO building(id, name, level) VALUES (121, "building_whaling_station", 2);
INSERT INTO demand(goods_id, building_id, max_demand, current_input, level) VALUES (18, 121, 10.0, 2, 1.7746959202320455e-06);
INSERT INTO supply(goods_id, building_id, max_supply, current_output, level) VALUES (28, 121, 40.0, 2, 7.098783680928181e-06);
INSERT INTO supply(goods_id, building_id, max_supply, current_output, level) VALUES (36, 121, 20.0, 2, 3.5493918404640905e-06);
INSERT INTO building(id, name, level) VALUES (122, "building_fishing_wharf", 4);
INSERT INTO demand(goods_id, building_id, max_demand, current_input, level) VALUES (18, 122, 20.0, 4, 3.549391840464091e-06);
INSERT INTO supply(goods_id, building_id, max_supply, current_output, level) VALUES (8, 122, 200.0, 4, 3.5493918404640905e-05);
INSERT INTO building(id, name, level) VALUES (123, "building_government_administration", 4);
INSERT INTO demand(goods_id, building_id, max_demand, current_input, level) VALUES (14, 123, 80.0, 4, 1.7768260686623516e-06);
INSERT INTO building(id, name, level) VALUES (124, "building_arms_industry", 2);
INSERT INTO demand(goods_id, building_id, max_demand, current_input, level) VALUES (24, 124, 20.0, 2, 4.010036442294715e-06);
INSERT INTO demand(goods_id, building_id, max_demand, current_input, level) VALUES (26, 124, 20.0, 2, 3.1147662736196357e-07);
INSERT INTO supply(goods_id, building_id, max_supply, current_output, level) VALUES (1, 124, 60.0, 2, 6.482269604485019e-06);
INSERT INTO building(id, name, level) VALUES (125, "building_textile_mills", 22);
INSERT INTO demand(goods_id, building_id, max_demand, current_input, level) VALUES (9, 125, 550.0, 22, 1.3844131659552426e-05);
INSERT INTO demand(goods_id, building_id, max_demand, current_input, level) VALUES (20, 125, 330.0, 22, 0.0);
INSERT INTO demand(goods_id, building_id, max_demand, current_input, level) VALUES (21, 125, 110.0, 22, 0.0);
INSERT INTO supply(goods_id, building_id, max_supply, current_output, level) VALUES (12, 125, 660.0, 22, 5.53765266382097e-06);
INSERT INTO supply(goods_id, building_id, max_supply, current_output, level) VALUES (48, 125, 660.0, 22, 5.53765266382097e-06);
INSERT INTO building(id, name, level) VALUES (126, "building_artillery_foundries", 2);
INSERT INTO demand(goods_id, building_id, max_demand, current_input, level) VALUES (24, 126, 30.0, 2, 6.015054663442073e-06);
INSERT INTO demand(goods_id, building_id, max_demand, current_input, level) VALUES (26, 126, 20.0, 2, 3.1147662736196357e-07);
INSERT INTO supply(goods_id, building_id, max_supply, current_output, level) VALUES (2, 126, 50.0, 2, 5.4018913370708485e-06);
INSERT INTO building(id, name, level) VALUES (127, "building_furniture_manufacturies", 5);
INSERT INTO demand(goods_id, building_id, max_demand, current_input, level) VALUES (9, 127, 50.0, 5, 1.2585574235956752e-06);
INSERT INTO demand(goods_id, building_id, max_demand, current_input, level) VALUES (10, 127, 25.0, 5, 8.521811201349984e-07);
INSERT INTO demand(goods_id, building_id, max_demand, current_input, level) VALUES (26, 127, 125.0, 5, 1.946728921012272e-06);
INSERT INTO demand(goods_id, building_id, max_demand, current_input, level) VALUES (33, 127, 75.0, 5, 1.7460216503527416e-05);
INSERT INTO supply(goods_id, building_id, max_supply, current_output, level) VALUES (13, 127, 50.0, 5, 3.8454388919888815e-06);
INSERT INTO supply(goods_id, building_id, max_supply, current_output, level) VALUES (49, 127, 275.0, 5, 2.1149913905938845e-05);
INSERT INTO building(id, name, level) VALUES (128, "building_chemical_plants", 1);
INSERT INTO demand(goods_id, building_id, max_demand, current_input, level) VALUES (22, 128, 30.0, 1, 0.0);
INSERT INTO demand(goods_id, building_id, max_demand, current_input, level) VALUES (24, 128, 10.0, 1, 2.0050182211473577e-06);
INSERT INTO supply(goods_id, building_id, max_supply, current_output, level) VALUES (32, 128, 90.0, 1, 9.02258199516311e-06);
INSERT INTO building(id, name, level) VALUES (129, "building_explosives_factory", 1);
INSERT INTO demand(goods_id, building_id, max_demand, current_input, level) VALUES (22, 129, 18.5332, 1, 0.0);
INSERT INTO demand(goods_id, building_id, max_demand, current_input, level) VALUES (32, 129, 18.5332, 1, 1.6378472959729674e-06);
INSERT INTO supply(goods_id, building_id, max_supply, current_output, level) VALUES (34, 129, 46.333, 1, 2.0473091199662092e-06);
INSERT INTO building(id, name, level) VALUES (130, "building_coal_mine", 8);
INSERT INTO demand(goods_id, building_id, max_demand, current_input, level) VALUES (16, 130, 40.0, 8, 4.9856617974438865e-06);
INSERT INTO demand(goods_id, building_id, max_demand, current_input, level) VALUES (33, 130, 80.0, 8, 1.862423093709591e-05);
INSERT INTO supply(goods_id, building_id, max_supply, current_output, level) VALUES (23, 130, 320.0, 8, 5.719110906396736e-05);
INSERT INTO building(id, name, level) VALUES (131, "building_iron_mine", 5);
INSERT INTO demand(goods_id, building_id, max_demand, current_input, level) VALUES (16, 131, 24.999999999999996, 5, 3.1160386234024287e-06);
INSERT INTO demand(goods_id, building_id, max_demand, current_input, level) VALUES (23, 131, 49.99999999999999, 5, 2.6410294514110944e-05);
INSERT INTO demand(goods_id, building_id, max_demand, current_input, level) VALUES (33, 131, 49.99999999999999, 5, 1.1640144335684941e-05);
INSERT INTO supply(goods_id, building_id, max_supply, current_output, level) VALUES (24, 131, 199.99999999999997, 5, 5.904335479546766e-05);
INSERT INTO building(id, name, level) VALUES (132, "building_rye_farm", 10);
INSERT INTO demand(goods_id, building_id, max_demand, current_input, level) VALUES (32, 132, 49.99999999999999, 10, 4.418684566003084e-06);
INSERT INTO demand(goods_id, building_id, max_demand, current_input, level) VALUES (33, 132, 10.0, 10, 2.3280288671369887e-06);
INSERT INTO supply(goods_id, building_id, max_supply, current_output, level) VALUES (7, 132, 249.99999999999997, 10, 4.0147072254220063e-05);
INSERT INTO supply(goods_id, building_id, max_supply, current_output, level) VALUES (37, 132, 99.99999999999999, 10, 1.6058828901688025e-05);
INSERT INTO supply(goods_id, building_id, max_supply, current_output, level) VALUES (42, 132, 49.99999999999999, 10, 8.029414450844013e-06);
INSERT INTO building(id, name, level) VALUES (133, "building_livestock_ranch", 5);
INSERT INTO demand(goods_id, building_id, max_demand, current_input, level) VALUES (7, 133, 50.0, 5, 2.2033196082343216e-06);
INSERT INTO demand(goods_id, building_id, max_demand, current_input, level) VALUES (33, 133, 50.0, 5, 1.1640144335684943e-05);
INSERT INTO supply(goods_id, building_id, max_supply, current_output, level) VALUES (9, 133, 100.0, 5, 1.3843463943919264e-05);
INSERT INTO supply(goods_id, building_id, max_supply, current_output, level) VALUES (32, 133, 25.0, 5, 3.460865985979816e-06);
INSERT INTO supply(goods_id, building_id, max_supply, current_output, level) VALUES (36, 133, 125.0, 5, 1.730432992989908e-05);
INSERT INTO building(id, name, level) VALUES (134, "building_railway", 2);
INSERT INTO demand(goods_id, building_id, max_demand, current_input, level) VALUES (10, 134, 16.0, 2, 5.453959168863989e-07);
INSERT INTO demand(goods_id, building_id, max_demand, current_input, level) VALUES (23, 134, 4.0, 2, 2.1128235611288758e-06);
INSERT INTO demand(goods_id, building_id, max_demand, current_input, level) VALUES (29, 134, 10.0, 2, 2.7969713243163315e-06);
INSERT INTO supply(goods_id, building_id, max_supply, current_output, level) VALUES (16, 134, 60.0, 2, 1.683980535038504e-05);
INSERT INTO building(id, name, level) VALUES (135, "building_port", 4);
INSERT INTO demand(goods_id, building_id, max_demand, current_input, level) VALUES (18, 135, 20.0, 4, 3.549391840464091e-06);
INSERT INTO building(id, name, level) VALUES (136, "building_government_administration", 4);
INSERT INTO demand(goods_id, building_id, max_demand, current_input, level) VALUES (14, 136, 80.0, 4, 1.7768260686623516e-06);
INSERT INTO building(id, name, level) VALUES (137, "building_university", 2);
INSERT INTO demand(goods_id, building_id, max_demand, current_input, level) VALUES (14, 137, 20.0, 2, 4.442065171655879e-07);
INSERT INTO building(id, name, level) VALUES (138, "building_furniture_manufacturies", 15);
INSERT INTO demand(goods_id, building_id, max_demand, current_input, level) VALUES (9, 138, 150.0, 15, 3.775672270787026e-06);
INSERT INTO demand(goods_id, building_id, max_demand, current_input, level) VALUES (10, 138, 225.00000000000003, 15, 7.669630081214987e-06);
INSERT INTO demand(goods_id, building_id, max_demand, current_input, level) VALUES (26, 138, 225.00000000000003, 15, 3.5041120578220904e-06);
INSERT INTO demand(goods_id, building_id, max_demand, current_input, level) VALUES (33, 138, 75.0, 15, 1.7460216503527416e-05);
INSERT INTO supply(goods_id, building_id, max_supply, current_output, level) VALUES (13, 138, 600.0, 15, 4.614526670386657e-05);
INSERT INTO supply(goods_id, building_id, max_supply, current_output, level) VALUES (49, 138, 375.00000000000006, 15, 2.884079168991661e-05);
INSERT INTO building(id, name, level) VALUES (139, "building_glassworks", 3);
INSERT INTO demand(goods_id, building_id, max_demand, current_input, level) VALUES (10, 139, 60.0, 3, 2.045234688323996e-06);
INSERT INTO demand(goods_id, building_id, max_demand, current_input, level) VALUES (21, 139, 15.0, 3, 0.0);
INSERT INTO demand(goods_id, building_id, max_demand, current_input, level) VALUES (25, 139, 30.0, 3, 7.315262145855343e-06);
INSERT INTO supply(goods_id, building_id, max_supply, current_output, level) VALUES (31, 139, 60.0, 3, 5.558586326678227e-06);
INSERT INTO supply(goods_id, building_id, max_supply, current_output, level) VALUES (35, 139, 60.0, 3, 5.558586326678227e-06);
INSERT INTO building(id, name, level) VALUES (140, "building_food_industry", 4);
INSERT INTO demand(goods_id, building_id, max_demand, current_input, level) VALUES (7, 140, 160.0, 4, 7.0506227463498306e-06);
INSERT INTO demand(goods_id, building_id, max_demand, current_input, level) VALUES (42, 140, 59.99999999999999, 4, 1.2688304600354774e-05);
INSERT INTO supply(goods_id, building_id, max_supply, current_output, level) VALUES (11, 140, 260.0, 4, 3.321995761551125e-05);
INSERT INTO building(id, name, level) VALUES (141, "building_iron_mine", 1);
INSERT INTO demand(goods_id, building_id, max_demand, current_input, level) VALUES (16, 141, 5.0, 1, 6.232077246804858e-07);
INSERT INTO demand(goods_id, building_id, max_demand, current_input, level) VALUES (23, 141, 10.0, 1, 5.2820589028221895e-06);
INSERT INTO demand(goods_id, building_id, max_demand, current_input, level) VALUES (33, 141, 10.0, 1, 2.3280288671369887e-06);
INSERT INTO supply(goods_id, building_id, max_supply, current_output, level) VALUES (24, 141, 40.0, 1, 1.1808670959093533e-05);
INSERT INTO building(id, name, level) VALUES (142, "building_shipyards", 4);
INSERT INTO demand(goods_id, building_id, max_demand, current_input, level) VALUES (9, 142, 68.0471946902655, 4, 1.7128260406458772e-06);
INSERT INTO demand(goods_id, building_id, max_demand, current_input, level) VALUES (10, 142, 136.0943982300885, 4, 4.639083069112614e-06);
INSERT INTO demand(goods_id, building_id, max_demand, current_input, level) VALUES (26, 142, 68.0471946902655, 4, 1.0597555351783406e-06);
INSERT INTO demand(goods_id, building_id, max_demand, current_input, level) VALUES (29, 142, 17.011796460176992, 4, 4.758150687422112e-06);
INSERT INTO supply(goods_id, building_id, max_supply, current_output, level) VALUES (18, 142, 238.1651946902655, 4, 2.1109138337917257e-05);
INSERT INTO building(id, name, level) VALUES (143, "building_military_shipyards", 2);
INSERT INTO demand(goods_id, building_id, max_demand, current_input, level) VALUES (9, 143, 19.993396396396395, 2, 5.032567491515141e-07);
INSERT INTO demand(goods_id, building_id, max_demand, current_input, level) VALUES (10, 143, 39.98679279279279, 2, 1.3630395949107298e-06);
INSERT INTO demand(goods_id, building_id, max_demand, current_input, level) VALUES (24, 143, 19.993396396396395, 2, 4.008712407739669e-06);
INSERT INTO demand(goods_id, building_id, max_demand, current_input, level) VALUES (26, 143, 39.98679279279279, 2, 6.227475679060386e-07);
INSERT INTO demand(goods_id, building_id, max_demand, current_input, level) VALUES (29, 143, 9.996693693693693, 2, 2.7960465599235166e-06);
INSERT INTO supply(goods_id, building_id, max_supply, current_output, level) VALUES (5, 143, 89.9702972972973, 2, 9.987264040230797e-06);
INSERT INTO building(id, name, level) VALUES (144, "building_rye_farm", 7);
INSERT INTO demand(goods_id, building_id, max_demand, current_input, level) VALUES (32, 144, 35.00000000000001, 7, 3.0930791962021597e-06);
INSERT INTO demand(goods_id, building_id, max_demand, current_input, level) VALUES (33, 144, 7.0, 7, 1.629620206995892e-06);
INSERT INTO supply(goods_id, building_id, max_supply, current_output, level) VALUES (7, 144, 175.0, 7, 2.8102950577954048e-05);
INSERT INTO supply(goods_id, building_id, max_supply, current_output, level) VALUES (37, 144, 70.00000000000001, 7, 1.1241180231181623e-05);
INSERT INTO supply(goods_id, building_id, max_supply, current_output, level) VALUES (42, 144, 35.00000000000001, 7, 5.620590115590811e-06);
INSERT INTO building(id, name, level) VALUES (145, "building_livestock_ranch", 3);
INSERT INTO demand(goods_id, building_id, max_demand, current_input, level) VALUES (7, 145, 30.0, 3, 1.3219917649405932e-06);
INSERT INTO demand(goods_id, building_id, max_demand, current_input, level) VALUES (33, 145, 30.0, 3, 6.984086601410966e-06);
INSERT INTO supply(goods_id, building_id, max_supply, current_output, level) VALUES (9, 145, 60.0, 3, 8.306078366351558e-06);
INSERT INTO supply(goods_id, building_id, max_supply, current_output, level) VALUES (32, 145, 15.0, 3, 2.0765195915878895e-06);
INSERT INTO supply(goods_id, building_id, max_supply, current_output, level) VALUES (36, 145, 75.0, 3, 1.0382597957939448e-05);
INSERT INTO building(id, name, level) VALUES (146, "building_fishing_wharf", 3);
INSERT INTO demand(goods_id, building_id, max_demand, current_input, level) VALUES (18, 146, 15.000000000000002, 3, 2.6620438803480683e-06);
INSERT INTO supply(goods_id, building_id, max_supply, current_output, level) VALUES (8, 146, 150.0, 3, 2.662043880348068e-05);
INSERT INTO building(id, name, level) VALUES (147, "building_railway", 1);
INSERT INTO demand(goods_id, building_id, max_demand, current_input, level) VALUES (10, 147, 8.0, 1, 2.7269795844319946e-07);
INSERT INTO demand(goods_id, building_id, max_demand, current_input, level) VALUES (23, 147, 2.0, 1, 1.0564117805644379e-06);
INSERT INTO demand(goods_id, building_id, max_demand, current_input, level) VALUES (29, 147, 5.0, 1, 1.3984856621581657e-06);
INSERT INTO supply(goods_id, building_id, max_supply, current_output, level) VALUES (16, 147, 30.0, 1, 8.41990267519252e-06);
INSERT INTO building(id, name, level) VALUES (148, "building_port", 7);
INSERT INTO demand(goods_id, building_id, max_demand, current_input, level) VALUES (18, 148, 35.0, 7, 6.211435720812159e-06);
INSERT INTO building(id, name, level) VALUES (149, "building_coal_mine", 1);
INSERT INTO demand(goods_id, building_id, max_demand, current_input, level) VALUES (16, 149, 5.0, 1, 6.232077246804858e-07);
INSERT INTO demand(goods_id, building_id, max_demand, current_input, level) VALUES (33, 149, 10.0, 1, 2.3280288671369887e-06);
INSERT INTO supply(goods_id, building_id, max_supply, current_output, level) VALUES (23, 149, 40.0, 1, 7.14888863299592e-06);
INSERT INTO building(id, name, level) VALUES (150, "building_government_administration", 6);
INSERT INTO demand(goods_id, building_id, max_demand, current_input, level) VALUES (14, 150, 120.0, 6, 2.665239102993528e-06);
INSERT INTO building(id, name, level) VALUES (151, "building_tooling_workshops", 6);
INSERT INTO demand(goods_id, building_id, max_demand, current_input, level) VALUES (10, 151, 180.0, 6, 6.135704064971989e-06);
INSERT INTO demand(goods_id, building_id, max_demand, current_input, level) VALUES (30, 151, 120.0, 6, 3.806412574871979e-05);
INSERT INTO supply(goods_id, building_id, max_supply, current_output, level) VALUES (33, 151, 480.0, 6, 8.430919025073556e-05);
INSERT INTO building(id, name, level) VALUES (152, "building_textile_mills", 4);
INSERT INTO demand(goods_id, building_id, max_demand, current_input, level) VALUES (9, 152, 100.0, 4, 2.5171148471913504e-06);
INSERT INTO demand(goods_id, building_id, max_demand, current_input, level) VALUES (20, 152, 59.99999999999999, 4, 0.0);
INSERT INTO demand(goods_id, building_id, max_demand, current_input, level) VALUES (21, 152, 20.0, 4, 0.0);
INSERT INTO supply(goods_id, building_id, max_supply, current_output, level) VALUES (12, 152, 119.99999999999999, 4, 1.00684593887654e-06);
INSERT INTO supply(goods_id, building_id, max_supply, current_output, level) VALUES (48, 152, 119.99999999999999, 4, 1.00684593887654e-06);
INSERT INTO building(id, name, level) VALUES (153, "building_shipyards", 6);
INSERT INTO demand(goods_id, building_id, max_demand, current_input, level) VALUES (9, 153, 120.00000000000001, 6, 3.020537816629621e-06);
INSERT INTO demand(goods_id, building_id, max_demand, current_input, level) VALUES (10, 153, 240.00000000000003, 6, 8.180938753295986e-06);
INSERT INTO demand(goods_id, building_id, max_demand, current_input, level) VALUES (26, 153, 120.00000000000001, 6, 1.8688597641717816e-06);
INSERT INTO demand(goods_id, building_id, max_demand, current_input, level) VALUES (29, 153, 30.000000000000004, 6, 8.390913972948996e-06);
INSERT INTO supply(goods_id, building_id, max_supply, current_output, level) VALUES (18, 153, 420.00000000000006, 6, 3.722558249308971e-05);
INSERT INTO building(id, name, level) VALUES (154, "building_military_shipyards", 2);
INSERT INTO demand(goods_id, building_id, max_demand, current_input, level) VALUES (9, 154, 19.928198198198196, 2, 5.016156356245659e-07);
INSERT INTO demand(goods_id, building_id, max_demand, current_input, level) VALUES (10, 154, 39.85639639639639, 2, 1.3585947410250236e-06);
INSERT INTO demand(goods_id, building_id, max_demand, current_input, level) VALUES (24, 154, 19.928198198198196, 2, 3.995640050202332e-06);
INSERT INTO demand(goods_id, building_id, max_demand, current_input, level) VALUES (26, 154, 39.85639639639639, 2, 6.207167964175533e-07);
INSERT INTO demand(goods_id, building_id, max_demand, current_input, level) VALUES (29, 154, 9.964099099099098, 2, 2.7869299452826367e-06);
INSERT INTO supply(goods_id, building_id, max_supply, current_output, level) VALUES (5, 154, 89.67689189189188, 2, 9.954694210602113e-06);
INSERT INTO building(id, name, level) VALUES (155, "building_wheat_farm", 3);
INSERT INTO demand(goods_id, building_id, max_demand, current_input, level) VALUES (32, 155, 15.0, 3, 1.325605369800925e-06);
INSERT INTO demand(goods_id, building_id, max_demand, current_input, level) VALUES (33, 155, 3.0, 3, 6.984086601410966e-07);
INSERT INTO supply(goods_id, building_id, max_supply, current_output, level) VALUES (7, 155, 120.0, 3, 1.9270594682025632e-05);
INSERT INTO building(id, name, level) VALUES (156, "building_vineyard_plantation", 2);
INSERT INTO supply(goods_id, building_id, max_supply, current_output, level) VALUES (39, 156, 40.0, 2, 40.4);
INSERT INTO building(id, name, level) VALUES (157, "building_livestock_ranch", 4);
INSERT INTO demand(goods_id, building_id, max_demand, current_input, level) VALUES (7, 157, 40.0, 4, 1.7626556865874576e-06);
INSERT INTO demand(goods_id, building_id, max_demand, current_input, level) VALUES (33, 157, 40.0, 4, 9.312115468547955e-06);
INSERT INTO supply(goods_id, building_id, max_supply, current_output, level) VALUES (9, 157, 80.0, 4, 1.1074771155135414e-05);
INSERT INTO supply(goods_id, building_id, max_supply, current_output, level) VALUES (32, 157, 20.0, 4, 2.7686927887838536e-06);
INSERT INTO supply(goods_id, building_id, max_supply, current_output, level) VALUES (36, 157, 100.0, 4, 1.3843463943919267e-05);
INSERT INTO building(id, name, level) VALUES (158, "building_lead_mine", 2);
INSERT INTO demand(goods_id, building_id, max_demand, current_input, level) VALUES (16, 158, 9.98749504950495, 2, 1.2448568130119193e-06);
INSERT INTO demand(goods_id, building_id, max_demand, current_input, level) VALUES (23, 158, 19.974999999999998, 2, 1.0550912658387323e-05);
INSERT INTO demand(goods_id, building_id, max_demand, current_input, level) VALUES (33, 158, 19.974999999999998, 2, 4.6502376621061345e-06);
INSERT INTO supply(goods_id, building_id, max_supply, current_output, level) VALUES (25, 158, 79.89999999999999, 2, 2.358782024078933e-05);
INSERT INTO building(id, name, level) VALUES (159, "building_fishing_wharf", 2);
INSERT INTO demand(goods_id, building_id, max_demand, current_input, level) VALUES (18, 159, 10.0, 2, 1.7746959202320455e-06);
INSERT INTO supply(goods_id, building_id, max_supply, current_output, level) VALUES (8, 159, 100.0, 2, 1.7746959202320453e-05);
INSERT INTO building(id, name, level) VALUES (160, "building_port", 7);
INSERT INTO demand(goods_id, building_id, max_demand, current_input, level) VALUES (18, 160, 35.0, 7, 6.211435720812159e-06);
INSERT INTO building(id, name, level) VALUES (161, "building_government_administration", 3);
INSERT INTO demand(goods_id, building_id, max_demand, current_input, level) VALUES (14, 161, 60.0, 3, 1.332619551496764e-06);
INSERT INTO building(id, name, level) VALUES (162, "building_construction_sector", 1);
INSERT INTO demand(goods_id, building_id, max_demand, current_input, level) VALUES (9, 162, 15.684, 1, 3.947842926334914e-07);
INSERT INTO demand(goods_id, building_id, max_demand, current_input, level) VALUES (10, 162, 31.368, 1, 1.0692486950557852e-06);
INSERT INTO demand(goods_id, building_id, max_demand, current_input, level) VALUES (24, 162, 39.21, 1, 7.86167644511879e-06);
INSERT INTO demand(goods_id, building_id, max_demand, current_input, level) VALUES (33, 162, 7.842, 1, 1.8256402376088266e-06);
INSERT INTO building(id, name, level) VALUES (163, "building_food_industry", 5);
INSERT INTO demand(goods_id, building_id, max_demand, current_input, level) VALUES (7, 163, 200.0, 5, 8.813278432937287e-06);
INSERT INTO demand(goods_id, building_id, max_demand, current_input, level) VALUES (42, 163, 75.0, 5, 1.5860380750443466e-05);
INSERT INTO supply(goods_id, building_id, max_supply, current_output, level) VALUES (11, 163, 325.0, 5, 4.152494701938905e-05);
INSERT INTO building(id, name, level) VALUES (164, "building_glassworks", 4);
INSERT INTO demand(goods_id, building_id, max_demand, current_input, level) VALUES (10, 164, 80.0, 4, 2.726979584431995e-06);
INSERT INTO demand(goods_id, building_id, max_demand, current_input, level) VALUES (21, 164, 20.0, 4, 0.0);
INSERT INTO demand(goods_id, building_id, max_demand, current_input, level) VALUES (25, 164, 40.0, 4, 9.753682861140456e-06);
INSERT INTO supply(goods_id, building_id, max_supply, current_output, level) VALUES (31, 164, 80.0, 4, 7.4114484355709675e-06);
INSERT INTO supply(goods_id, building_id, max_supply, current_output, level) VALUES (35, 164, 80.0, 4, 7.4114484355709675e-06);
INSERT INTO building(id, name, level) VALUES (165, "building_logging_camp", 2);
INSERT INTO demand(goods_id, building_id, max_demand, current_input, level) VALUES (16, 165, 10.0, 2, 1.2464154493609716e-06);
INSERT INTO demand(goods_id, building_id, max_demand, current_input, level) VALUES (33, 165, 10.0, 2, 2.3280288671369887e-06);
INSERT INTO supply(goods_id, building_id, max_supply, current_output, level) VALUES (10, 165, 120.0, 2, 2.144666589898776e-05);
INSERT INTO building(id, name, level) VALUES (166, "building_iron_mine", 1);
INSERT INTO demand(goods_id, building_id, max_demand, current_input, level) VALUES (16, 166, 5.0, 1, 6.232077246804858e-07);
INSERT INTO demand(goods_id, building_id, max_demand, current_input, level) VALUES (23, 166, 10.0, 1, 5.2820589028221895e-06);
INSERT INTO demand(goods_id, building_id, max_demand, current_input, level) VALUES (33, 166, 10.0, 1, 2.3280288671369887e-06);
INSERT INTO supply(goods_id, building_id, max_supply, current_output, level) VALUES (24, 166, 40.0, 1, 1.1808670959093533e-05);
INSERT INTO building(id, name, level) VALUES (167, "building_rye_farm", 5);
INSERT INTO demand(goods_id, building_id, max_demand, current_input, level) VALUES (32, 167, 25.0, 5, 2.209342283001542e-06);
INSERT INTO demand(goods_id, building_id, max_demand, current_input, level) VALUES (33, 167, 5.0, 5, 1.1640144335684944e-06);
INSERT INTO supply(goods_id, building_id, max_supply, current_output, level) VALUES (7, 167, 125.0, 5, 2.0073536127110035e-05);
INSERT INTO supply(goods_id, building_id, max_supply, current_output, level) VALUES (37, 167, 50.0, 5, 8.029414450844014e-06);
INSERT INTO supply(goods_id, building_id, max_supply, current_output, level) VALUES (42, 167, 25.0, 5, 4.014707225422007e-06);
INSERT INTO building(id, name, level) VALUES (168, "building_livestock_ranch", 1);
INSERT INTO demand(goods_id, building_id, max_demand, current_input, level) VALUES (7, 168, 10.0, 1, 4.406639216468644e-07);
INSERT INTO demand(goods_id, building_id, max_demand, current_input, level) VALUES (33, 168, 10.0, 1, 2.3280288671369887e-06);
INSERT INTO supply(goods_id, building_id, max_supply, current_output, level) VALUES (9, 168, 20.0, 1, 2.7686927887838536e-06);
INSERT INTO supply(goods_id, building_id, max_supply, current_output, level) VALUES (32, 168, 5.0, 1, 6.921731971959634e-07);
INSERT INTO supply(goods_id, building_id, max_supply, current_output, level) VALUES (36, 168, 25.0, 1, 3.4608659859798167e-06);
INSERT INTO building(id, name, level) VALUES (169, "building_fishing_wharf", 2);
INSERT INTO demand(goods_id, building_id, max_demand, current_input, level) VALUES (18, 169, 9.999, 2, 1.7745184506400225e-06);
INSERT INTO supply(goods_id, building_id, max_supply, current_output, level) VALUES (8, 169, 99.99, 2, 1.7745184506400223e-05);
INSERT INTO building(id, name, level) VALUES (170, "building_railway", 1);
INSERT INTO demand(goods_id, building_id, max_demand, current_input, level) VALUES (10, 170, 6.837275, 1, 2.3306386672684084e-07);
INSERT INTO demand(goods_id, building_id, max_demand, current_input, level) VALUES (23, 170, 1.7093166666666668, 1, 9.028711316909017e-07);
INSERT INTO demand(goods_id, building_id, max_demand, current_input, level) VALUES (29, 170, 4.2733, 1, 1.195229756020098e-06);
INSERT INTO supply(goods_id, building_id, max_supply, current_output, level) VALUES (16, 170, 25.6398, 1, 7.1961540203800394e-06);
INSERT INTO building(id, name, level) VALUES (171, "building_port", 4);
INSERT INTO demand(goods_id, building_id, max_demand, current_input, level) VALUES (18, 171, 19.996, 4, 3.5486819620959976e-06);
INSERT INTO building(id, name, level) VALUES (172, "building_coal_mine", 1);
INSERT INTO demand(goods_id, building_id, max_demand, current_input, level) VALUES (16, 172, 5.0, 1, 6.232077246804858e-07);
INSERT INTO demand(goods_id, building_id, max_demand, current_input, level) VALUES (33, 172, 10.0, 1, 2.3280288671369887e-06);
INSERT INTO supply(goods_id, building_id, max_supply, current_output, level) VALUES (23, 172, 40.0, 1, 7.14888863299592e-06);
INSERT INTO building(id, name, level) VALUES (173, "building_livestock_ranch", 2);
INSERT INTO demand(goods_id, building_id, max_demand, current_input, level) VALUES (7, 173, 19.96259405940594, 2, 8.79679498446222e-07);
INSERT INTO demand(goods_id, building_id, max_demand, current_input, level) VALUES (33, 173, 19.96259405940594, 2, 4.647349523323439e-06);
INSERT INTO supply(goods_id, building_id, max_supply, current_output, level) VALUES (9, 173, 39.925198019801975, 2, 5.5270303924096555e-06);
INSERT INTO supply(goods_id, building_id, max_supply, current_output, level) VALUES (32, 173, 9.98129702970297, 2, 1.3817572554424154e-06);
INSERT INTO supply(goods_id, building_id, max_supply, current_output, level) VALUES (36, 173, 49.906495049504954, 2, 6.908787647852072e-06);
INSERT INTO building(id, name, level) VALUES (174, "building_rye_farm", 3);
INSERT INTO demand(goods_id, building_id, max_demand, current_input, level) VALUES (32, 174, 15.0, 3, 1.325605369800925e-06);
INSERT INTO demand(goods_id, building_id, max_demand, current_input, level) VALUES (33, 174, 3.0, 3, 6.984086601410966e-07);
INSERT INTO supply(goods_id, building_id, max_supply, current_output, level) VALUES (7, 174, 75.0, 3, 1.2044121676266019e-05);
INSERT INTO supply(goods_id, building_id, max_supply, current_output, level) VALUES (38, 174, 45.0, 3, 7.226473005759611e-06);
INSERT INTO building(id, name, level) VALUES (175, "building_logging_camp", 2);
INSERT INTO demand(goods_id, building_id, max_demand, current_input, level) VALUES (33, 175, 10.0, 2, 2.3280288671369887e-06);
INSERT INTO supply(goods_id, building_id, max_supply, current_output, level) VALUES (10, 175, 120.0, 2, 2.7936346405643866e-05);
INSERT INTO building(id, name, level) VALUES (176, "building_port", 2);
INSERT INTO demand(goods_id, building_id, max_demand, current_input, level) VALUES (18, 176, 10.0, 2, 1.7746959202320455e-06);
INSERT INTO building(id, name, level) VALUES (177, "building_rye_farm", 3);
INSERT INTO demand(goods_id, building_id, max_demand, current_input, level) VALUES (32, 177, 15.0, 3, 1.325605369800925e-06);
INSERT INTO demand(goods_id, building_id, max_demand, current_input, level) VALUES (33, 177, 2.9999999999999996, 3, 6.984086601410964e-07);
INSERT INTO supply(goods_id, building_id, max_supply, current_output, level) VALUES (7, 177, 74.99999999999999, 3, 1.2044121676266017e-05);
INSERT INTO supply(goods_id, building_id, max_supply, current_output, level) VALUES (38, 177, 44.99999999999999, 3, 7.22647300575961e-06);
INSERT INTO building(id, name, level) VALUES (178, "building_port", 2);
INSERT INTO demand(goods_id, building_id, max_demand, current_input, level) VALUES (18, 178, 10.0, 2, 1.7746959202320455e-06);
