
  
CREATE TABLE goods(    goods_name    VARCHAR(30),    code    INT,    base_price FLOAT,    current_price FLOAT,    pop_demand FLOAT, PRIMARY KEY (code));

CREATE TABLE building(    id INT,    name VARCHAR(80),    level INT, PRIMARY KEY (id));

CREATE TABLE supply(    goods_id INT,    building_id INT,    max_supply FLOAT,    current_output FLOAT,    level INT, PRIMARY KEY (goods_id, building_id));

CREATE TABLE demand(    goods_id INT,    building_id INT,    max_demand FLOAT,    current_input FLOAT,    level INT,   PRIMARY KEY (goods_id, building_id));
    
INSERT INTO goods(goods_name,code,base_price, current_price, pop_demand) VALUES ("ammunition", 0, 50, 87.49999999799513, 0);
INSERT INTO goods(goods_name,code,base_price, current_price, pop_demand) VALUES ("small_arms", 1, 60, 104.99999999322006, 0);
INSERT INTO goods(goods_name,code,base_price, current_price, pop_demand) VALUES ("artillery", 2, 70, 122.49999999525403, 0);
INSERT INTO goods(goods_name,code,base_price, current_price, pop_demand) VALUES ("tanks", 3, 80, 80, 0);
INSERT INTO goods(goods_name,code,base_price, current_price, pop_demand) VALUES ("aeroplanes", 4, 80, 80, 0);
INSERT INTO goods(goods_name,code,base_price, current_price, pop_demand) VALUES ("manowars", 5, 70, 122.49999999963964, 0);
INSERT INTO goods(goods_name,code,base_price, current_price, pop_demand) VALUES ("ironclads", 6, 80, 80, 0);
INSERT INTO goods(goods_name,code,base_price, current_price, pop_demand) VALUES ("grain", 7, 20, 34.9999999997126, 9046.380047154382);
INSERT INTO goods(goods_name,code,base_price, current_price, pop_demand) VALUES ("fish", 8, 20, 34.99999999891871, 716.3790429886083);
INSERT INTO goods(goods_name,code,base_price, current_price, pop_demand) VALUES ("fabric", 9, 20, 34.99999999987473, 828.0450132338487);
INSERT INTO goods(goods_name,code,base_price, current_price, pop_demand) VALUES ("wood", 10, 20, 34.9999999999101, 630.2867381375303);
INSERT INTO goods(goods_name,code,base_price, current_price, pop_demand) VALUES ("groceries", 11, 30, 52.499999998876966, 201.49850290986245);
INSERT INTO goods(goods_name,code,base_price, current_price, pop_demand) VALUES ("clothes", 12, 30, 52.49999999961571, 4426.346606719059);
INSERT INTO goods(goods_name,code,base_price, current_price, pop_demand) VALUES ("furniture", 13, 30, 52.49999999954439, 3854.4095821741394);
INSERT INTO goods(goods_name,code,base_price, current_price, pop_demand) VALUES ("paper", 14, 30, 52.49999999873658, 393.3288909103887);
INSERT INTO goods(goods_name,code,base_price, current_price, pop_demand) VALUES ("services", 15, 30, 52.5, 1117.9015918268556);
INSERT INTO goods(goods_name,code,base_price, current_price, pop_demand) VALUES ("transportation", 16, 30, 52.49999998908489, 341.62368589284785);
INSERT INTO goods(goods_name,code,base_price, current_price, pop_demand) VALUES ("electricity", 17, 30, 30, 0);
INSERT INTO goods(goods_name,code,base_price, current_price, pop_demand) VALUES ("clippers", 18, 60, 104.99999999756854, 0);
INSERT INTO goods(goods_name,code,base_price, current_price, pop_demand) VALUES ("steamers", 19, 70, 70, 0);
INSERT INTO goods(goods_name,code,base_price, current_price, pop_demand) VALUES ("silk", 20, 40, 70.0, 0);
INSERT INTO goods(goods_name,code,base_price, current_price, pop_demand) VALUES ("dye", 21, 40, 70.0, 0);
INSERT INTO goods(goods_name,code,base_price, current_price, pop_demand) VALUES ("sulfur", 22, 50, 87.49999999546849, 0);
INSERT INTO goods(goods_name,code,base_price, current_price, pop_demand) VALUES ("coal", 23, 30, 52.49999999784354, 100.01926459395678);
INSERT INTO goods(goods_name,code,base_price, current_price, pop_demand) VALUES ("iron", 24, 40, 69.9999999951922, 0);
INSERT INTO goods(goods_name,code,base_price, current_price, pop_demand) VALUES ("lead", 25, 40, 69.99999999835751, 0);
INSERT INTO goods(goods_name,code,base_price, current_price, pop_demand) VALUES ("hardwood", 26, 40, 69.9999999999209, 0);
INSERT INTO goods(goods_name,code,base_price, current_price, pop_demand) VALUES ("rubber", 27, 40, 40, 0);
INSERT INTO goods(goods_name,code,base_price, current_price, pop_demand) VALUES ("oil", 28, 40, 69.99999998966791, 6.65616774384414);
INSERT INTO goods(goods_name,code,base_price, current_price, pop_demand) VALUES ("engines", 29, 60, 104.9999999936295, 0);
INSERT INTO goods(goods_name,code,base_price, current_price, pop_demand) VALUES ("steel", 30, 50, 87.49999999576694, 0);
INSERT INTO goods(goods_name,code,base_price, current_price, pop_demand) VALUES ("glass", 31, 40, 69.99999999892626, 143.87322163515634);
INSERT INTO goods(goods_name,code,base_price, current_price, pop_demand) VALUES ("fertilizer", 32, 30, 52.499999997178655, 0);
INSERT INTO goods(goods_name,code,base_price, current_price, pop_demand) VALUES ("tools", 33, 40, 69.9999999986678, 0);
INSERT INTO goods(goods_name,code,base_price, current_price, pop_demand) VALUES ("explosives", 34, 50, 87.49999999449028, 0);
INSERT INTO goods(goods_name,code,base_price, current_price, pop_demand) VALUES ("porcelain", 35, 70, 122.49999999884884, 603.5769800514589);
INSERT INTO goods(goods_name,code,base_price, current_price, pop_demand) VALUES ("meat", 36, 30, 52.49999999933039, 877.119353593836);
INSERT INTO goods(goods_name,code,base_price, current_price, pop_demand) VALUES ("fruit", 37, 30, 52.5, 777.3620892228545);
INSERT INTO goods(goods_name,code,base_price, current_price, pop_demand) VALUES ("liquor", 38, 30, 52.49999999963272, 1303.4961030509955);
INSERT INTO goods(goods_name,code,base_price, current_price, pop_demand) VALUES ("wine", 39, 50, 87.49999999647373, 42.589179348158325);
INSERT INTO goods(goods_name,code,base_price, current_price, pop_demand) VALUES ("tea", 40, 50, 87.5, 1148.9261404777492);
INSERT INTO goods(goods_name,code,base_price, current_price, pop_demand) VALUES ("coffee", 41, 50, 87.5, 574.288826174091);
INSERT INTO goods(goods_name,code,base_price, current_price, pop_demand) VALUES ("sugar", 42, 30, 52.5, 124.84844734432288);
INSERT INTO goods(goods_name,code,base_price, current_price, pop_demand) VALUES ("tobacco", 43, 40, 70.0, 431.23110985227356);
INSERT INTO goods(goods_name,code,base_price, current_price, pop_demand) VALUES ("opium", 44, 50, 87.5, 1143.9274977875862);
INSERT INTO goods(goods_name,code,base_price, current_price, pop_demand) VALUES ("automobiles", 45, 100, 100, 0);
INSERT INTO goods(goods_name,code,base_price, current_price, pop_demand) VALUES ("telephones", 46, 70, 70, 0);
INSERT INTO goods(goods_name,code,base_price, current_price, pop_demand) VALUES ("radios", 47, 80, 80, 0);
INSERT INTO goods(goods_name,code,base_price, current_price, pop_demand) VALUES ("luxury_clothes", 48, 60, 104.99999999948477, 926.7259340379752);
INSERT INTO goods(goods_name,code,base_price, current_price, pop_demand) VALUES ("luxury_furniture", 49, 60, 104.99999999961085, 1115.4071450686554);
INSERT INTO goods(goods_name,code,base_price, current_price, pop_demand) VALUES ("gold", 50, 100, 100, 0);
INSERT INTO goods(goods_name,code,base_price, current_price, pop_demand) VALUES ("fine_art", 51, 200, 350.0, 1.0779669791666666);
INSERT INTO building(id, name, level) VALUES (85, "building_government_administrationlevel", 15);
INSERT INTO demand(goods_id, building_id, max_demand, current_input, level) VALUES (14, 85, 300.0, 15, 2.1174978357718004e-08);
INSERT INTO building(id, name, level) VALUES (86, "building_construction_sectorlevel", 3);
INSERT INTO demand(goods_id, building_id, max_demand, current_input, level) VALUES (9, 86, 37.68956521739131, 3, 3.9565334655712054e-10);
INSERT INTO demand(goods_id, building_id, max_demand, current_input, level) VALUES (10, 86, 75.37913043478262, 3, 5.679010807961833e-10);
INSERT INTO demand(goods_id, building_id, max_demand, current_input, level) VALUES (24, 86, 94.22391304347828, 3, 1.8981105009052254e-08);
INSERT INTO demand(goods_id, building_id, max_demand, current_input, level) VALUES (33, 86, 18.844782608695656, 3, 1.0518944359473087e-09);
INSERT INTO building(id, name, level) VALUES (87, "building_universitylevel", 10);
INSERT INTO demand(goods_id, building_id, max_demand, current_input, level) VALUES (14, 87, 49.99999999999999, 10, 3.5291630596196667e-09);
INSERT INTO building(id, name, level) VALUES (88, "building_paper_millslevel", 10);
INSERT INTO demand(goods_id, building_id, max_demand, current_input, level) VALUES (10, 88, 300.0, 10, 2.2601789547872e-09);
INSERT INTO demand(goods_id, building_id, max_demand, current_input, level) VALUES (21, 88, 100.0, 10, 0.0);
INSERT INTO demand(goods_id, building_id, max_demand, current_input, level) VALUES (22, 88, 100.0, 10, 1.5189656676901683e-08);
INSERT INTO supply(goods_id, building_id, max_supply, current_output, level) VALUES (14, 88, 1000.0000000000001, 10, 5.314349887276917e-08);
INSERT INTO building(id, name, level) VALUES (89, "building_textile_millslevel", 10);
INSERT INTO demand(goods_id, building_id, max_demand, current_input, level) VALUES (9, 89, 500.00000000000006, 10, 5.248844663967522e-09);
INSERT INTO demand(goods_id, building_id, max_demand, current_input, level) VALUES (20, 89, 100.0, 10, 0.0);
INSERT INTO demand(goods_id, building_id, max_demand, current_input, level) VALUES (21, 89, 100.0, 10, 0.0);
INSERT INTO demand(goods_id, building_id, max_demand, current_input, level) VALUES (33, 89, 50.0, 10, 2.7909434080229907e-09);
INSERT INTO supply(goods_id, building_id, max_supply, current_output, level) VALUES (12, 89, 800.0, 10, 1.3263311497678974e-08);
INSERT INTO supply(goods_id, building_id, max_supply, current_output, level) VALUES (48, 89, 200.0, 10, 3.3158278744197434e-09);
INSERT INTO building(id, name, level) VALUES (90, "building_shipyardslevel", 5);
INSERT INTO demand(goods_id, building_id, max_demand, current_input, level) VALUES (9, 90, 70.782, 5, 7.430474460098981e-10);
INSERT INTO demand(goods_id, building_id, max_demand, current_input, level) VALUES (10, 90, 141.564, 5, 1.0665332451849838e-09);
INSERT INTO demand(goods_id, building_id, max_demand, current_input, level) VALUES (26, 90, 70.782, 5, 2.3458735961862263e-10);
INSERT INTO demand(goods_id, building_id, max_demand, current_input, level) VALUES (29, 90, 35.391, 5, 6.297814334288245e-09);
INSERT INTO supply(goods_id, building_id, max_supply, current_output, level) VALUES (18, 90, 247.737, 5, 1.2343213834697815e-08);
INSERT INTO building(id, name, level) VALUES (91, "building_furniture_manufacturieslevel", 15);
INSERT INTO demand(goods_id, building_id, max_demand, current_input, level) VALUES (9, 91, 150.0, 15, 1.5746533991902563e-09);
INSERT INTO demand(goods_id, building_id, max_demand, current_input, level) VALUES (10, 91, 600.0, 15, 4.5203579095744e-09);
INSERT INTO demand(goods_id, building_id, max_demand, current_input, level) VALUES (26, 91, 150.0, 15, 4.971335077109067e-10);
INSERT INTO demand(goods_id, building_id, max_demand, current_input, level) VALUES (33, 91, 150.0, 15, 8.372830224068973e-09);
INSERT INTO supply(goods_id, building_id, max_supply, current_output, level) VALUES (13, 91, 1350.0, 15, 2.6043089868818402e-08);
INSERT INTO supply(goods_id, building_id, max_supply, current_output, level) VALUES (49, 91, 300.0, 15, 5.787353304181867e-09);
INSERT INTO building(id, name, level) VALUES (92, "building_naval_baselevel", 25);
INSERT INTO demand(goods_id, building_id, max_demand, current_input, level) VALUES (5, 92, 50.0, 25, 4.3138903998114526e-10);
INSERT INTO building(id, name, level) VALUES (93, "building_barrackslevel", 25);
INSERT INTO demand(goods_id, building_id, max_demand, current_input, level) VALUES (0, 93, 40.0, 25, 2.6881316118118968e-09);
INSERT INTO demand(goods_id, building_id, max_demand, current_input, level) VALUES (1, 93, 40.0, 25, 7.575454409055968e-09);
INSERT INTO demand(goods_id, building_id, max_demand, current_input, level) VALUES (2, 93, 40.0, 25, 4.545272537068229e-09);
INSERT INTO building(id, name, level) VALUES (94, "building_rye_farmlevel", 8);
INSERT INTO demand(goods_id, building_id, max_demand, current_input, level) VALUES (32, 94, 39.3751968503937, 8, 6.206269154567334e-09);
INSERT INTO demand(goods_id, building_id, max_demand, current_input, level) VALUES (33, 94, 7.87503937007874, 8, 4.395757843568557e-10);
INSERT INTO supply(goods_id, building_id, max_supply, current_output, level) VALUES (7, 94, 393.752, 8, 4.202074374298034e-08);
INSERT INTO building(id, name, level) VALUES (95, "building_livestock_ranchlevel", 5);
INSERT INTO demand(goods_id, building_id, max_demand, current_input, level) VALUES (7, 95, 46.2745, 5, 1.1144595757152804e-09);
INSERT INTO demand(goods_id, building_id, max_demand, current_input, level) VALUES (33, 95, 46.2745, 5, 2.5829902146911976e-09);
INSERT INTO supply(goods_id, building_id, max_supply, current_output, level) VALUES (9, 95, 185.098, 5, 7.394899580812956e-09);
INSERT INTO supply(goods_id, building_id, max_supply, current_output, level) VALUES (32, 95, 23.13725, 5, 9.243624476016195e-10);
INSERT INTO supply(goods_id, building_id, max_supply, current_output, level) VALUES (36, 95, 115.68625, 5, 4.621812238008098e-09);
INSERT INTO building(id, name, level) VALUES (96, "building_fishing_wharflevel", 2);
INSERT INTO demand(goods_id, building_id, max_demand, current_input, level) VALUES (18, 96, 9.782594059405941, 2, 6.644246796097562e-10);
INSERT INTO supply(goods_id, building_id, max_supply, current_output, level) VALUES (8, 96, 97.826, 2, 6.644250830893732e-09);
INSERT INTO building(id, name, level) VALUES (97, "building_railwaylevel", 3);
INSERT INTO demand(goods_id, building_id, max_demand, current_input, level) VALUES (10, 97, 15.0, 3, 1.1300894773935998e-10);
INSERT INTO demand(goods_id, building_id, max_demand, current_input, level) VALUES (23, 97, 30.0, 3, 3.6142235314056923e-09);
INSERT INTO demand(goods_id, building_id, max_demand, current_input, level) VALUES (29, 97, 30.0, 3, 5.3384880344903325e-09);
INSERT INTO supply(goods_id, building_id, max_supply, current_output, level) VALUES (16, 97, 195.0, 3, 1.988724716631195e-08);
INSERT INTO building(id, name, level) VALUES (98, "building_portlevel", 6);
INSERT INTO demand(goods_id, building_id, max_demand, current_input, level) VALUES (18, 98, 30.0, 6, 2.037572065982581e-09);
INSERT INTO building(id, name, level) VALUES (99, "building_government_administrationlevel", 4);
INSERT INTO demand(goods_id, building_id, max_demand, current_input, level) VALUES (14, 99, 80.0, 4, 5.646660895391467e-09);
INSERT INTO building(id, name, level) VALUES (100, "building_textile_millslevel", 15);
INSERT INTO demand(goods_id, building_id, max_demand, current_input, level) VALUES (9, 100, 900.0, 15, 9.447920395141539e-09);
INSERT INTO demand(goods_id, building_id, max_demand, current_input, level) VALUES (21, 100, 150.0, 15, 0.0);
INSERT INTO demand(goods_id, building_id, max_demand, current_input, level) VALUES (33, 100, 75.0, 15, 4.186415112034486e-09);
INSERT INTO supply(goods_id, building_id, max_supply, current_output, level) VALUES (12, 100, 1500.0, 15, 3.315827874419743e-08);
INSERT INTO building(id, name, level) VALUES (101, "building_construction_sectorlevel", 3);
INSERT INTO demand(goods_id, building_id, max_demand, current_input, level) VALUES (9, 101, 37.68956521739131, 3, 3.9565334655712054e-10);
INSERT INTO demand(goods_id, building_id, max_demand, current_input, level) VALUES (10, 101, 75.37913043478262, 3, 5.679010807961833e-10);
INSERT INTO demand(goods_id, building_id, max_demand, current_input, level) VALUES (24, 101, 94.22391304347828, 3, 1.8981105009052254e-08);
INSERT INTO demand(goods_id, building_id, max_demand, current_input, level) VALUES (33, 101, 18.844782608695656, 3, 1.0518944359473087e-09);
INSERT INTO building(id, name, level) VALUES (102, "building_arms_industrylevel", 6);
INSERT INTO demand(goods_id, building_id, max_demand, current_input, level) VALUES (24, 102, 58.95000000000001, 6, 1.187528838637081e-08);
INSERT INTO demand(goods_id, building_id, max_demand, current_input, level) VALUES (26, 102, 58.95000000000001, 6, 1.9537346853038635e-10);
INSERT INTO demand(goods_id, building_id, max_demand, current_input, level) VALUES (30, 102, 58.95000000000001, 6, 8.36454549638311e-09);
INSERT INTO demand(goods_id, building_id, max_demand, current_input, level) VALUES (33, 102, 29.475000000000005, 6, 1.6452611390295532e-09);
INSERT INTO supply(goods_id, building_id, max_supply, current_output, level) VALUES (1, 102, 147.375, 6, 1.482858101833963e-08);
INSERT INTO supply(goods_id, building_id, max_supply, current_output, level) VALUES (2, 102, 88.42500000000001, 6, 8.89714861100378e-09);
INSERT INTO building(id, name, level) VALUES (103, "building_munition_plantslevel", 2);
INSERT INTO demand(goods_id, building_id, max_demand, current_input, level) VALUES (25, 103, 38.73719819819819, 2, 2.6659153324416663e-09);
INSERT INTO demand(goods_id, building_id, max_demand, current_input, level) VALUES (34, 103, 38.73719819819819, 2, 7.154214858133624e-09);
INSERT INTO supply(goods_id, building_id, max_supply, current_output, level) VALUES (0, 103, 96.84299999999999, 2, 1.227516330917962e-08);
INSERT INTO building(id, name, level) VALUES (104, "building_coal_minelevel", 17);
INSERT INTO demand(goods_id, building_id, max_demand, current_input, level) VALUES (33, 104, 255.0, 17, 1.4233811380917252e-08);
INSERT INTO supply(goods_id, building_id, max_supply, current_output, level) VALUES (23, 104, 1020.0, 17, 5.693524552366901e-08);
INSERT INTO building(id, name, level) VALUES (105, "building_iron_minelevel", 11);
INSERT INTO demand(goods_id, building_id, max_demand, current_input, level) VALUES (23, 105, 165.0, 11, 1.987822942273131e-08);
INSERT INTO demand(goods_id, building_id, max_demand, current_input, level) VALUES (33, 105, 165.0, 11, 9.210113246475868e-09);
INSERT INTO supply(goods_id, building_id, max_supply, current_output, level) VALUES (24, 105, 660.0, 11, 5.817668533841435e-08);
INSERT INTO building(id, name, level) VALUES (106, "building_rye_farmlevel", 5);
INSERT INTO demand(goods_id, building_id, max_demand, current_input, level) VALUES (32, 106, 24.625500000000002, 5, 3.881440431815131e-09);
INSERT INTO demand(goods_id, building_id, max_demand, current_input, level) VALUES (33, 106, 4.925096491228071, 5, 2.7491331172140286e-10);
INSERT INTO supply(goods_id, building_id, max_supply, current_output, level) VALUES (7, 106, 246.25500000000002, 5, 2.628003984850267e-08);
INSERT INTO building(id, name, level) VALUES (107, "building_livestock_ranchlevel", 3);
INSERT INTO demand(goods_id, building_id, max_demand, current_input, level) VALUES (7, 107, 27.762598214285713, 3, 6.6862512672523e-10);
INSERT INTO demand(goods_id, building_id, max_demand, current_input, level) VALUES (33, 107, 27.762598214285713, 3, 1.5496768095150313e-09);
INSERT INTO supply(goods_id, building_id, max_supply, current_output, level) VALUES (9, 107, 111.05039285714285, 3, 4.436603872480522e-09);
INSERT INTO supply(goods_id, building_id, max_supply, current_output, level) VALUES (32, 107, 13.881294642857142, 3, 5.545753057061957e-10);
INSERT INTO supply(goods_id, building_id, max_supply, current_output, level) VALUES (36, 107, 69.4065, 3, 2.772877598654196e-09);
INSERT INTO building(id, name, level) VALUES (108, "building_barrackslevel", 18);
INSERT INTO demand(goods_id, building_id, max_demand, current_input, level) VALUES (0, 108, 18.0, 18, 1.2096592253153534e-09);
INSERT INTO demand(goods_id, building_id, max_demand, current_input, level) VALUES (1, 108, 18.0, 18, 3.4089544840751855e-09);
INSERT INTO demand(goods_id, building_id, max_demand, current_input, level) VALUES (2, 108, 18.0, 18, 2.045372641680703e-09);
INSERT INTO building(id, name, level) VALUES (109, "building_naval_baselevel", 10);
INSERT INTO demand(goods_id, building_id, max_demand, current_input, level) VALUES (5, 109, 20.0, 10, 1.725556159924581e-10);
INSERT INTO building(id, name, level) VALUES (110, "building_railwaylevel", 5);
INSERT INTO demand(goods_id, building_id, max_demand, current_input, level) VALUES (10, 110, 25.0, 5, 1.8834824623226666e-10);
INSERT INTO demand(goods_id, building_id, max_demand, current_input, level) VALUES (23, 110, 50.0, 5, 6.023705885676154e-09);
INSERT INTO demand(goods_id, building_id, max_demand, current_input, level) VALUES (29, 110, 50.0, 5, 8.897480057483887e-09);
INSERT INTO supply(goods_id, building_id, max_supply, current_output, level) VALUES (16, 110, 325.0, 5, 3.3145411943853245e-08);
INSERT INTO building(id, name, level) VALUES (111, "building_fishing_wharflevel", 3);
INSERT INTO demand(goods_id, building_id, max_demand, current_input, level) VALUES (18, 111, 12.75, 3, 8.659681280425969e-10);
INSERT INTO supply(goods_id, building_id, max_supply, current_output, level) VALUES (8, 111, 127.50000000000001, 3, 8.65968128042597e-09);
INSERT INTO building(id, name, level) VALUES (112, "building_portlevel", 5);
INSERT INTO demand(goods_id, building_id, max_demand, current_input, level) VALUES (18, 112, 25.0, 5, 1.6979767216521506e-09);
INSERT INTO building(id, name, level) VALUES (113, "building_paper_millslevel", 5);
INSERT INTO demand(goods_id, building_id, max_demand, current_input, level) VALUES (10, 113, 150.0, 5, 1.1300894773936e-09);
INSERT INTO demand(goods_id, building_id, max_demand, current_input, level) VALUES (21, 113, 50.00000000000001, 5, 0.0);
INSERT INTO demand(goods_id, building_id, max_demand, current_input, level) VALUES (22, 113, 50.00000000000001, 5, 7.594828338450842e-09);
INSERT INTO supply(goods_id, building_id, max_supply, current_output, level) VALUES (14, 113, 500.00000000000006, 5, 2.6571749436384586e-08);
INSERT INTO building(id, name, level) VALUES (114, "building_barrackslevel", 17);
INSERT INTO demand(goods_id, building_id, max_demand, current_input, level) VALUES (0, 114, 27.2, 17, 1.8279294960320898e-09);
INSERT INTO demand(goods_id, building_id, max_demand, current_input, level) VALUES (1, 114, 27.2, 17, 5.151308998158058e-09);
INSERT INTO demand(goods_id, building_id, max_demand, current_input, level) VALUES (2, 114, 27.2, 17, 3.090785325206395e-09);
INSERT INTO building(id, name, level) VALUES (115, "building_livestock_ranchlevel", 2);
INSERT INTO demand(goods_id, building_id, max_demand, current_input, level) VALUES (7, 115, 18.51159459459459, 2, 4.4582705070190203e-10);
INSERT INTO demand(goods_id, building_id, max_demand, current_input, level) VALUES (33, 115, 18.51159459459459, 2, 1.0332962581155558e-09);
INSERT INTO supply(goods_id, building_id, max_supply, current_output, level) VALUES (9, 115, 74.04639639639639, 2, 2.9582473374775606e-09);
INSERT INTO supply(goods_id, building_id, max_supply, current_output, level) VALUES (32, 115, 9.255792792792793, 2, 3.697806472437033e-10);
INSERT INTO supply(goods_id, building_id, max_supply, current_output, level) VALUES (36, 115, 46.278999999999996, 2, 1.848904675903806e-09);
INSERT INTO building(id, name, level) VALUES (116, "building_coal_minelevel", 4);
INSERT INTO demand(goods_id, building_id, max_demand, current_input, level) VALUES (33, 116, 60.0, 4, 3.349132089627589e-09);
INSERT INTO supply(goods_id, building_id, max_supply, current_output, level) VALUES (23, 116, 240.0, 4, 1.3396528358510355e-08);
INSERT INTO building(id, name, level) VALUES (117, "building_logging_camplevel", 3);
INSERT INTO demand(goods_id, building_id, max_demand, current_input, level) VALUES (33, 117, 15.0, 3, 8.372830224068972e-10);
INSERT INTO supply(goods_id, building_id, max_supply, current_output, level) VALUES (10, 117, 179.99999999999997, 3, 1.0047396268882764e-08);
INSERT INTO building(id, name, level) VALUES (118, "building_railwaylevel", 1);
INSERT INTO demand(goods_id, building_id, max_demand, current_input, level) VALUES (10, 118, 5.0, 1, 3.7669649246453334e-11);
INSERT INTO demand(goods_id, building_id, max_demand, current_input, level) VALUES (23, 118, 10.0, 1, 1.2047411771352308e-09);
INSERT INTO demand(goods_id, building_id, max_demand, current_input, level) VALUES (29, 118, 10.0, 1, 1.7794960114967774e-09);
INSERT INTO supply(goods_id, building_id, max_supply, current_output, level) VALUES (16, 118, 65.0, 1, 6.629082388770649e-09);
INSERT INTO building(id, name, level) VALUES (119, "building_portlevel", 1);
INSERT INTO demand(goods_id, building_id, max_demand, current_input, level) VALUES (18, 119, 5.0, 1, 3.3959534433043016e-10);
INSERT INTO building(id, name, level) VALUES (120, "building_government_administrationlevel", 5);
INSERT INTO demand(goods_id, building_id, max_demand, current_input, level) VALUES (14, 120, 100.0, 5, 7.058326119239334e-09);
INSERT INTO building(id, name, level) VALUES (121, "building_tooling_workshopslevel", 14);
INSERT INTO demand(goods_id, building_id, max_demand, current_input, level) VALUES (10, 121, 420.0, 14, 3.1642505367020797e-09);
INSERT INTO demand(goods_id, building_id, max_demand, current_input, level) VALUES (30, 121, 280.0, 14, 3.9729817455254795e-08);
INSERT INTO supply(goods_id, building_id, max_supply, current_output, level) VALUES (33, 121, 1120.0, 14, 8.367863562611237e-08);
INSERT INTO building(id, name, level) VALUES (122, "building_construction_sectorlevel", 2);
INSERT INTO demand(goods_id, building_id, max_demand, current_input, level) VALUES (9, 122, 25.12626086956522, 2, 2.6376768058134663e-10);
INSERT INTO demand(goods_id, building_id, max_demand, current_input, level) VALUES (10, 122, 50.25252173913044, 2, 3.785989735325629e-10);
INSERT INTO demand(goods_id, building_id, max_demand, current_input, level) VALUES (24, 122, 62.81565217391305, 2, 1.2654011615660353e-08);
INSERT INTO demand(goods_id, building_id, max_demand, current_input, level) VALUES (33, 122, 12.56313043478261, 2, 7.012597214217906e-10);
INSERT INTO building(id, name, level) VALUES (123, "building_steel_millslevel", 10);
INSERT INTO demand(goods_id, building_id, max_demand, current_input, level) VALUES (23, 123, 300.0, 10, 3.6142235314056926e-08);
INSERT INTO demand(goods_id, building_id, max_demand, current_input, level) VALUES (24, 123, 400.0, 10, 8.05787167862311e-08);
INSERT INTO supply(goods_id, building_id, max_supply, current_output, level) VALUES (30, 123, 650.0, 10, 1.0462429564570777e-07);
INSERT INTO building(id, name, level) VALUES (124, "building_motor_industrylevel", 8);
INSERT INTO demand(goods_id, building_id, max_demand, current_input, level) VALUES (30, 124, 240.00000000000003, 8, 3.405412924736126e-08);
INSERT INTO supply(goods_id, building_id, max_supply, current_output, level) VALUES (29, 124, 320.0, 8, 4.540550566314835e-08);
INSERT INTO building(id, name, level) VALUES (125, "building_barrackslevel", 19);
INSERT INTO demand(goods_id, building_id, max_demand, current_input, level) VALUES (0, 125, 19.0, 19, 1.276862515610651e-09);
INSERT INTO demand(goods_id, building_id, max_demand, current_input, level) VALUES (1, 125, 19.0, 19, 3.5983408443015847e-09);
INSERT INTO demand(goods_id, building_id, max_demand, current_input, level) VALUES (2, 125, 19.0, 19, 2.1590044551074088e-09);
INSERT INTO building(id, name, level) VALUES (126, "building_naval_baselevel", 15);
INSERT INTO demand(goods_id, building_id, max_demand, current_input, level) VALUES (5, 126, 30.0, 15, 2.588334239886872e-10);
INSERT INTO building(id, name, level) VALUES (127, "building_coal_minelevel", 10);
INSERT INTO demand(goods_id, building_id, max_demand, current_input, level) VALUES (33, 127, 150.0, 10, 8.372830224068973e-09);
INSERT INTO supply(goods_id, building_id, max_supply, current_output, level) VALUES (23, 127, 600.0, 10, 3.349132089627589e-08);
INSERT INTO building(id, name, level) VALUES (128, "building_iron_minelevel", 5);
INSERT INTO demand(goods_id, building_id, max_demand, current_input, level) VALUES (23, 128, 75.0, 5, 9.035558828514232e-09);
INSERT INTO demand(goods_id, building_id, max_demand, current_input, level) VALUES (33, 128, 75.0, 5, 4.186415112034486e-09);
INSERT INTO supply(goods_id, building_id, max_supply, current_output, level) VALUES (24, 128, 300.0, 5, 2.6443947881097437e-08);
INSERT INTO building(id, name, level) VALUES (129, "building_rye_farmlevel", 4);
INSERT INTO demand(goods_id, building_id, max_demand, current_input, level) VALUES (32, 129, 18.767592920353984, 4, 2.9581244632153397e-09);
INSERT INTO demand(goods_id, building_id, max_demand, current_input, level) VALUES (33, 129, 3.7535132743362833, 4, 2.095168625987128e-10);
INSERT INTO supply(goods_id, building_id, max_supply, current_output, level) VALUES (7, 129, 187.67600000000002, 4, 2.0028558845942566e-08);
INSERT INTO building(id, name, level) VALUES (130, "building_livestock_ranchlevel", 3);
INSERT INTO demand(goods_id, building_id, max_demand, current_input, level) VALUES (7, 130, 27.762598214285713, 3, 6.6862512672523e-10);
INSERT INTO demand(goods_id, building_id, max_demand, current_input, level) VALUES (33, 130, 27.762598214285713, 3, 1.5496768095150313e-09);
INSERT INTO supply(goods_id, building_id, max_supply, current_output, level) VALUES (9, 130, 111.05039285714285, 3, 4.436603872480522e-09);
INSERT INTO supply(goods_id, building_id, max_supply, current_output, level) VALUES (32, 130, 13.881294642857142, 3, 5.545753057061957e-10);
INSERT INTO supply(goods_id, building_id, max_supply, current_output, level) VALUES (36, 130, 69.4065, 3, 2.772877598654196e-09);
INSERT INTO building(id, name, level) VALUES (131, "building_railwaylevel", 6);
INSERT INTO demand(goods_id, building_id, max_demand, current_input, level) VALUES (10, 131, 30.0, 6, 2.2601789547871997e-10);
INSERT INTO demand(goods_id, building_id, max_demand, current_input, level) VALUES (23, 131, 60.0, 6, 7.2284470628113846e-09);
INSERT INTO demand(goods_id, building_id, max_demand, current_input, level) VALUES (29, 131, 60.0, 6, 1.0676976068980665e-08);
INSERT INTO supply(goods_id, building_id, max_supply, current_output, level) VALUES (16, 131, 390.0, 6, 3.97744943326239e-08);
INSERT INTO building(id, name, level) VALUES (132, "building_portlevel", 4);
INSERT INTO demand(goods_id, building_id, max_demand, current_input, level) VALUES (18, 132, 20.0, 4, 1.3583813773217207e-09);
INSERT INTO building(id, name, level) VALUES (133, "building_barrackslevel", 10);
INSERT INTO demand(goods_id, building_id, max_demand, current_input, level) VALUES (0, 133, 10.0, 10, 6.720329029529742e-10);
INSERT INTO demand(goods_id, building_id, max_demand, current_input, level) VALUES (1, 133, 10.0, 10, 1.893863602263992e-09);
INSERT INTO demand(goods_id, building_id, max_demand, current_input, level) VALUES (2, 133, 10.0, 10, 1.1363181342670573e-09);
INSERT INTO building(id, name, level) VALUES (134, "building_logging_camplevel", 3);
INSERT INTO demand(goods_id, building_id, max_demand, current_input, level) VALUES (33, 134, 15.0, 3, 8.372830224068972e-10);
INSERT INTO supply(goods_id, building_id, max_supply, current_output, level) VALUES (10, 134, 120.0, 3, 6.698264179255178e-09);
INSERT INTO supply(goods_id, building_id, max_supply, current_output, level) VALUES (26, 134, 30.0, 3, 1.6745660448137944e-09);
INSERT INTO building(id, name, level) VALUES (135, "building_whaling_stationlevel", 2);
INSERT INTO demand(goods_id, building_id, max_demand, current_input, level) VALUES (18, 135, 8.438, 2, 5.73101103092034e-10);
INSERT INTO supply(goods_id, building_id, max_supply, current_output, level) VALUES (28, 135, 33.752, 2, 2.292404412368136e-09);
INSERT INTO supply(goods_id, building_id, max_supply, current_output, level) VALUES (36, 135, 16.876, 2, 1.146202206184068e-09);
INSERT INTO building(id, name, level) VALUES (136, "building_fishing_wharflevel", 4);
INSERT INTO demand(goods_id, building_id, max_demand, current_input, level) VALUES (18, 136, 20.0, 4, 1.3583813773217207e-09);
INSERT INTO supply(goods_id, building_id, max_supply, current_output, level) VALUES (8, 136, 200.0, 4, 1.3583813773217207e-08);
INSERT INTO building(id, name, level) VALUES (137, "building_government_administrationlevel", 6);
INSERT INTO demand(goods_id, building_id, max_demand, current_input, level) VALUES (14, 137, 120.0, 6, 8.469991343087202e-09);
INSERT INTO building(id, name, level) VALUES (138, "building_arms_industrylevel", 8);
INSERT INTO demand(goods_id, building_id, max_demand, current_input, level) VALUES (24, 138, 78.57119672131148, 8, 1.5827915520404517e-08);
INSERT INTO demand(goods_id, building_id, max_demand, current_input, level) VALUES (26, 138, 78.57119672131148, 8, 2.604024975407284e-10);
INSERT INTO demand(goods_id, building_id, max_demand, current_input, level) VALUES (30, 138, 78.57119672131148, 8, 1.1148640367780783e-08);
INSERT INTO demand(goods_id, building_id, max_demand, current_input, level) VALUES (33, 138, 39.28559836065574, 8, 2.1928776354982186e-09);
INSERT INTO supply(goods_id, building_id, max_supply, current_output, level) VALUES (1, 138, 196.428, 8, 1.9764196860189427e-08);
INSERT INTO supply(goods_id, building_id, max_supply, current_output, level) VALUES (2, 138, 117.85679508196722, 8, 1.1858517621270925e-08);
INSERT INTO building(id, name, level) VALUES (139, "building_textile_millslevel", 17);
INSERT INTO demand(goods_id, building_id, max_demand, current_input, level) VALUES (9, 139, 850.0, 17, 8.923035928744786e-09);
INSERT INTO demand(goods_id, building_id, max_demand, current_input, level) VALUES (20, 139, 170.0, 17, 0.0);
INSERT INTO demand(goods_id, building_id, max_demand, current_input, level) VALUES (21, 139, 170.0, 17, 0.0);
INSERT INTO demand(goods_id, building_id, max_demand, current_input, level) VALUES (33, 139, 85.0, 17, 4.7446037936390836e-09);
INSERT INTO supply(goods_id, building_id, max_supply, current_output, level) VALUES (12, 139, 1360.0, 17, 2.2547629546054247e-08);
INSERT INTO supply(goods_id, building_id, max_supply, current_output, level) VALUES (48, 139, 340.0, 17, 5.636907386513562e-09);
INSERT INTO building(id, name, level) VALUES (140, "building_furniture_manufacturieslevel", 5);
INSERT INTO demand(goods_id, building_id, max_demand, current_input, level) VALUES (9, 140, 50.00000000000001, 5, 5.248844663967521e-10);
INSERT INTO demand(goods_id, building_id, max_demand, current_input, level) VALUES (10, 140, 150.0, 5, 1.1300894773936e-09);
INSERT INTO demand(goods_id, building_id, max_demand, current_input, level) VALUES (26, 140, 100.00000000000001, 5, 3.314223384739378e-10);
INSERT INTO demand(goods_id, building_id, max_demand, current_input, level) VALUES (33, 140, 100.00000000000001, 5, 5.5818868160459815e-09);
INSERT INTO supply(goods_id, building_id, max_supply, current_output, level) VALUES (13, 140, 450.00000000000006, 5, 8.681029956272802e-09);
INSERT INTO supply(goods_id, building_id, max_supply, current_output, level) VALUES (49, 140, 200.00000000000003, 5, 3.8582355361212456e-09);
INSERT INTO building(id, name, level) VALUES (141, "building_chemical_plantslevel", 2);
INSERT INTO demand(goods_id, building_id, max_demand, current_input, level) VALUES (22, 141, 59.99999999999999, 2, 9.113794006141007e-09);
INSERT INTO demand(goods_id, building_id, max_demand, current_input, level) VALUES (23, 141, 29.999999999999996, 2, 3.614223531405692e-09);
INSERT INTO demand(goods_id, building_id, max_demand, current_input, level) VALUES (24, 141, 19.999999999999996, 2, 4.028935839311554e-09);
INSERT INTO supply(goods_id, building_id, max_supply, current_output, level) VALUES (32, 141, 150.0, 2, 2.3690873822405877e-08);
INSERT INTO supply(goods_id, building_id, max_supply, current_output, level) VALUES (34, 141, 39.99999999999999, 2, 6.317566352641566e-09);
INSERT INTO building(id, name, level) VALUES (142, "building_coal_minelevel", 8);
INSERT INTO demand(goods_id, building_id, max_demand, current_input, level) VALUES (33, 142, 120.0, 8, 6.698264179255178e-09);
INSERT INTO supply(goods_id, building_id, max_supply, current_output, level) VALUES (23, 142, 480.0, 8, 2.679305671702071e-08);
INSERT INTO building(id, name, level) VALUES (143, "building_iron_minelevel", 9);
INSERT INTO demand(goods_id, building_id, max_demand, current_input, level) VALUES (23, 143, 135.0, 9, 1.6264005891325618e-08);
INSERT INTO demand(goods_id, building_id, max_demand, current_input, level) VALUES (33, 143, 135.0, 9, 7.535547201662074e-09);
INSERT INTO supply(goods_id, building_id, max_supply, current_output, level) VALUES (24, 143, 540.0, 9, 4.759910618597538e-08);
INSERT INTO building(id, name, level) VALUES (144, "building_rye_farmlevel", 10);
INSERT INTO demand(goods_id, building_id, max_demand, current_input, level) VALUES (32, 144, 49.22849579831933, 10, 7.75933377957962e-09);
INSERT INTO demand(goods_id, building_id, max_demand, current_input, level) VALUES (33, 144, 9.845697478991596, 10, 5.495756895276035e-10);
INSERT INTO supply(goods_id, building_id, max_supply, current_output, level) VALUES (7, 144, 492.285, 10, 5.2536067965402274e-08);
INSERT INTO building(id, name, level) VALUES (145, "building_livestock_ranchlevel", 5);
INSERT INTO demand(goods_id, building_id, max_demand, current_input, level) VALUES (7, 145, 46.276, 5, 1.114495701213418e-09);
INSERT INTO demand(goods_id, building_id, max_demand, current_input, level) VALUES (33, 145, 46.276, 5, 2.5830739429934385e-09);
INSERT INTO supply(goods_id, building_id, max_supply, current_output, level) VALUES (9, 145, 185.104, 5, 7.395139288413713e-09);
INSERT INTO supply(goods_id, building_id, max_supply, current_output, level) VALUES (32, 145, 23.138, 5, 9.243924110517142e-10);
INSERT INTO supply(goods_id, building_id, max_supply, current_output, level) VALUES (36, 145, 115.69, 5, 4.62196205525857e-09);
INSERT INTO building(id, name, level) VALUES (146, "building_railwaylevel", 6);
INSERT INTO demand(goods_id, building_id, max_demand, current_input, level) VALUES (10, 146, 30.0, 6, 2.2601789547871997e-10);
INSERT INTO demand(goods_id, building_id, max_demand, current_input, level) VALUES (23, 146, 60.0, 6, 7.2284470628113846e-09);
INSERT INTO demand(goods_id, building_id, max_demand, current_input, level) VALUES (29, 146, 60.0, 6, 1.0676976068980665e-08);
INSERT INTO supply(goods_id, building_id, max_supply, current_output, level) VALUES (16, 146, 390.0, 6, 3.97744943326239e-08);
INSERT INTO building(id, name, level) VALUES (147, "building_barrackslevel", 28);
INSERT INTO demand(goods_id, building_id, max_demand, current_input, level) VALUES (0, 147, 44.8, 28, 3.010707405229324e-09);
INSERT INTO demand(goods_id, building_id, max_demand, current_input, level) VALUES (1, 147, 44.8, 28, 8.484508938142683e-09);
INSERT INTO demand(goods_id, building_id, max_demand, current_input, level) VALUES (2, 147, 44.8, 28, 5.090705241516416e-09);
INSERT INTO building(id, name, level) VALUES (148, "building_portlevel", 4);
INSERT INTO demand(goods_id, building_id, max_demand, current_input, level) VALUES (18, 148, 20.0, 4, 1.3583813773217207e-09);
INSERT INTO building(id, name, level) VALUES (149, "building_government_administrationlevel", 4);
INSERT INTO demand(goods_id, building_id, max_demand, current_input, level) VALUES (14, 149, 80.0, 4, 5.646660895391467e-09);
INSERT INTO building(id, name, level) VALUES (150, "building_universitylevel", 8);
INSERT INTO demand(goods_id, building_id, max_demand, current_input, level) VALUES (14, 150, 39.99999999999999, 8, 2.8233304476957335e-09);
INSERT INTO building(id, name, level) VALUES (151, "building_furniture_manufacturieslevel", 16);
INSERT INTO demand(goods_id, building_id, max_demand, current_input, level) VALUES (9, 151, 160.0, 16, 1.6796302924696066e-09);
INSERT INTO demand(goods_id, building_id, max_demand, current_input, level) VALUES (10, 151, 800.0, 16, 6.027143879432533e-09);
INSERT INTO demand(goods_id, building_id, max_demand, current_input, level) VALUES (33, 151, 160.0, 16, 8.931018905673569e-09);
INSERT INTO supply(goods_id, building_id, max_supply, current_output, level) VALUES (13, 151, 1760.0, 16, 4.332561923810883e-08);
INSERT INTO building(id, name, level) VALUES (152, "building_glassworkslevel", 6);
INSERT INTO demand(goods_id, building_id, max_demand, current_input, level) VALUES (10, 152, 120.00000000000001, 6, 9.040715819148801e-10);
INSERT INTO demand(goods_id, building_id, max_demand, current_input, level) VALUES (21, 152, 180.0, 6, 0.0);
INSERT INTO demand(goods_id, building_id, max_demand, current_input, level) VALUES (25, 152, 60.00000000000001, 6, 4.129233072771383e-09);
INSERT INTO supply(goods_id, building_id, max_supply, current_output, level) VALUES (31, 152, 120.00000000000001, 6, 3.0541792424858823e-09);
INSERT INTO supply(goods_id, building_id, max_supply, current_output, level) VALUES (35, 152, 240.00000000000003, 6, 6.1083584849717646e-09);
INSERT INTO building(id, name, level) VALUES (153, "building_food_industrylevel", 4);
INSERT INTO demand(goods_id, building_id, max_demand, current_input, level) VALUES (7, 153, 290.368, 4, 6.993125762164789e-09);
INSERT INTO demand(goods_id, building_id, max_demand, current_input, level) VALUES (31, 153, 36.296, 4, 1.632948588842252e-09);
INSERT INTO demand(goods_id, building_id, max_demand, current_input, level) VALUES (42, 153, 199.62800000000004, 4, 0.0);
INSERT INTO supply(goods_id, building_id, max_supply, current_output, level) VALUES (11, 153, 290.368, 4, 6.6855714909676015e-09);
INSERT INTO supply(goods_id, building_id, max_supply, current_output, level) VALUES (38, 153, 362.96000000000004, 4, 8.356964363709502e-09);
INSERT INTO building(id, name, level) VALUES (154, "building_iron_minelevel", 2);
INSERT INTO demand(goods_id, building_id, max_demand, current_input, level) VALUES (23, 154, 30.0, 2, 3.6142235314056923e-09);
INSERT INTO demand(goods_id, building_id, max_demand, current_input, level) VALUES (33, 154, 30.0, 2, 1.6745660448137944e-09);
INSERT INTO supply(goods_id, building_id, max_supply, current_output, level) VALUES (24, 154, 120.0, 2, 1.0577579152438973e-08);
INSERT INTO building(id, name, level) VALUES (155, "building_shipyardslevel", 2);
INSERT INTO demand(goods_id, building_id, max_demand, current_input, level) VALUES (9, 155, 29.756396694214878, 2, 3.123734080146611e-10);
INSERT INTO demand(goods_id, building_id, max_demand, current_input, level) VALUES (10, 155, 59.512793388429756, 2, 4.483652105237591e-10);
INSERT INTO demand(goods_id, building_id, max_demand, current_input, level) VALUES (26, 155, 29.756396694214878, 2, 9.861934576954848e-11);
INSERT INTO demand(goods_id, building_id, max_demand, current_input, level) VALUES (29, 155, 14.878198347107439, 2, 2.6475694616935632e-09);
INSERT INTO supply(goods_id, building_id, max_supply, current_output, level) VALUES (5, 155, 37.19549586776859, 2, 1.8532232132603795e-09);
INSERT INTO supply(goods_id, building_id, max_supply, current_output, level) VALUES (18, 155, 66.95189256198347, 2, 3.3358017838686833e-09);
INSERT INTO building(id, name, level) VALUES (156, "building_barrackslevel", 16);
INSERT INTO demand(goods_id, building_id, max_demand, current_input, level) VALUES (0, 156, 25.6, 16, 1.720404231559614e-09);
INSERT INTO demand(goods_id, building_id, max_demand, current_input, level) VALUES (1, 156, 25.6, 16, 4.848290821795819e-09);
INSERT INTO demand(goods_id, building_id, max_demand, current_input, level) VALUES (2, 156, 25.6, 16, 2.9089744237236664e-09);
INSERT INTO building(id, name, level) VALUES (157, "building_naval_baselevel", 25);
INSERT INTO demand(goods_id, building_id, max_demand, current_input, level) VALUES (5, 157, 50.0, 25, 4.3138903998114526e-10);
INSERT INTO building(id, name, level) VALUES (158, "building_rye_farmlevel", 2);
INSERT INTO demand(goods_id, building_id, max_demand, current_input, level) VALUES (32, 158, 9.382198347107439, 2, 1.4788103390295383e-09);
INSERT INTO demand(goods_id, building_id, max_demand, current_input, level) VALUES (33, 158, 1.8764380165289258, 2, 1.0474064625590281e-10);
INSERT INTO supply(goods_id, building_id, max_supply, current_output, level) VALUES (7, 158, 93.822, 2, 1.0012571922057286e-08);
INSERT INTO building(id, name, level) VALUES (159, "building_livestock_ranchlevel", 3);
INSERT INTO demand(goods_id, building_id, max_demand, current_input, level) VALUES (7, 159, 27.76259836065574, 3, 6.686251302503569e-10);
INSERT INTO demand(goods_id, building_id, max_demand, current_input, level) VALUES (33, 159, 27.76259836065574, 3, 1.5496768176852404e-09);
INSERT INTO supply(goods_id, building_id, max_supply, current_output, level) VALUES (9, 159, 111.05039344262296, 3, 4.436603895871195e-09);
INSERT INTO supply(goods_id, building_id, max_supply, current_output, level) VALUES (32, 159, 13.881295081967213, 3, 5.545753232491993e-10);
INSERT INTO supply(goods_id, building_id, max_supply, current_output, level) VALUES (36, 159, 69.4065, 3, 2.772877598654196e-09);
INSERT INTO building(id, name, level) VALUES (160, "building_fishing_wharflevel", 3);
INSERT INTO demand(goods_id, building_id, max_demand, current_input, level) VALUES (18, 160, 15.0, 3, 1.0187860329912905e-09);
INSERT INTO supply(goods_id, building_id, max_supply, current_output, level) VALUES (8, 160, 150.0, 3, 1.0187860329912904e-08);
INSERT INTO building(id, name, level) VALUES (161, "building_railwaylevel", 2);
INSERT INTO demand(goods_id, building_id, max_demand, current_input, level) VALUES (10, 161, 10.0, 2, 7.533929849290667e-11);
INSERT INTO demand(goods_id, building_id, max_demand, current_input, level) VALUES (23, 161, 20.0, 2, 2.4094823542704615e-09);
INSERT INTO demand(goods_id, building_id, max_demand, current_input, level) VALUES (29, 161, 20.0, 2, 3.558992022993555e-09);
INSERT INTO supply(goods_id, building_id, max_supply, current_output, level) VALUES (16, 161, 130.0, 2, 1.3258164777541299e-08);
INSERT INTO building(id, name, level) VALUES (162, "building_portlevel", 5);
INSERT INTO demand(goods_id, building_id, max_demand, current_input, level) VALUES (18, 162, 25.0, 5, 1.6979767216521506e-09);
INSERT INTO building(id, name, level) VALUES (163, "building_government_administrationlevel", 6);
INSERT INTO demand(goods_id, building_id, max_demand, current_input, level) VALUES (14, 163, 120.0, 6, 8.469991343087202e-09);
INSERT INTO building(id, name, level) VALUES (164, "building_tooling_workshopslevel", 6);
INSERT INTO demand(goods_id, building_id, max_demand, current_input, level) VALUES (10, 164, 180.0, 6, 1.35610737287232e-09);
INSERT INTO demand(goods_id, building_id, max_demand, current_input, level) VALUES (30, 164, 120.00000000000001, 6, 1.702706462368063e-08);
INSERT INTO supply(goods_id, building_id, max_supply, current_output, level) VALUES (33, 164, 480.00000000000006, 6, 3.586227241119103e-08);
INSERT INTO building(id, name, level) VALUES (165, "building_textile_millslevel", 5);
INSERT INTO demand(goods_id, building_id, max_demand, current_input, level) VALUES (9, 165, 250.00000000000003, 5, 2.624422331983761e-09);
INSERT INTO demand(goods_id, building_id, max_demand, current_input, level) VALUES (20, 165, 50.00000000000001, 5, 0.0);
INSERT INTO demand(goods_id, building_id, max_demand, current_input, level) VALUES (21, 165, 50.00000000000001, 5, 0.0);
INSERT INTO demand(goods_id, building_id, max_demand, current_input, level) VALUES (33, 165, 25.000000000000004, 5, 1.3954717040114954e-09);
INSERT INTO supply(goods_id, building_id, max_supply, current_output, level) VALUES (12, 165, 400.00000000000006, 5, 6.631655748839485e-09);
INSERT INTO supply(goods_id, building_id, max_supply, current_output, level) VALUES (48, 165, 100.00000000000001, 5, 1.6579139372098713e-09);
INSERT INTO building(id, name, level) VALUES (166, "building_shipyardslevel", 4);
INSERT INTO demand(goods_id, building_id, max_demand, current_input, level) VALUES (9, 166, 22.316, 4, 2.342664350421984e-10);
INSERT INTO demand(goods_id, building_id, max_demand, current_input, level) VALUES (10, 166, 44.632, 4, 3.36254357033541e-10);
INSERT INTO supply(goods_id, building_id, max_supply, current_output, level) VALUES (18, 166, 39.053, 4, 3.5209441186409775e-10);
INSERT INTO building(id, name, level) VALUES (167, "building_barrackslevel", 14);
INSERT INTO demand(goods_id, building_id, max_demand, current_input, level) VALUES (0, 167, 14.0, 14, 9.408460641341639e-10);
INSERT INTO demand(goods_id, building_id, max_demand, current_input, level) VALUES (1, 167, 14.0, 14, 2.651409043169589e-09);
INSERT INTO demand(goods_id, building_id, max_demand, current_input, level) VALUES (2, 167, 14.0, 14, 1.59084538797388e-09);
INSERT INTO building(id, name, level) VALUES (168, "building_naval_baselevel", 25);
INSERT INTO demand(goods_id, building_id, max_demand, current_input, level) VALUES (5, 168, 50.0, 25, 4.3138903998114526e-10);
INSERT INTO building(id, name, level) VALUES (169, "building_wheat_farmlevel", 5);
INSERT INTO demand(goods_id, building_id, max_demand, current_input, level) VALUES (32, 169, 23.454245614035088, 5, 3.696828784148078e-09);
INSERT INTO demand(goods_id, building_id, max_demand, current_input, level) VALUES (33, 169, 4.690842105263158, 5, 2.61837497035218e-10);
INSERT INTO supply(goods_id, building_id, max_supply, current_output, level) VALUES (7, 169, 164.17974561403508, 5, 1.752106660597297e-08);
INSERT INTO supply(goods_id, building_id, max_supply, current_output, level) VALUES (39, 169, 37.52679824561404, 5, 4.004815143982689e-09);
INSERT INTO building(id, name, level) VALUES (170, "building_livestock_ranchlevel", 3);
INSERT INTO demand(goods_id, building_id, max_demand, current_input, level) VALUES (7, 170, 27.764696428571426, 3, 6.686756594160774e-10);
INSERT INTO demand(goods_id, building_id, max_demand, current_input, level) VALUES (33, 170, 27.764696428571426, 3, 1.5497939294616177e-09);
INSERT INTO supply(goods_id, building_id, max_supply, current_output, level) VALUES (9, 170, 111.05879464285714, 3, 4.4369395344631295e-09);
INSERT INTO supply(goods_id, building_id, max_supply, current_output, level) VALUES (32, 170, 13.882348214285713, 3, 5.546173972194238e-10);
INSERT INTO supply(goods_id, building_id, max_supply, current_output, level) VALUES (36, 170, 69.41174999999998, 3, 2.773087342804858e-09);
INSERT INTO building(id, name, level) VALUES (171, "building_sulfur_minelevel", 6);
INSERT INTO demand(goods_id, building_id, max_demand, current_input, level) VALUES (23, 171, 90.0, 6, 1.0842670594217077e-08);
INSERT INTO demand(goods_id, building_id, max_demand, current_input, level) VALUES (33, 171, 90.0, 6, 5.0236981344413834e-09);
INSERT INTO supply(goods_id, building_id, max_supply, current_output, level) VALUES (22, 171, 360.0, 6, 3.173273745731692e-08);
INSERT INTO building(id, name, level) VALUES (172, "building_railwaylevel", 1);
INSERT INTO demand(goods_id, building_id, max_demand, current_input, level) VALUES (10, 172, 5.0, 1, 3.7669649246453334e-11);
INSERT INTO demand(goods_id, building_id, max_demand, current_input, level) VALUES (23, 172, 10.0, 1, 1.2047411771352308e-09);
INSERT INTO demand(goods_id, building_id, max_demand, current_input, level) VALUES (29, 172, 10.0, 1, 1.7794960114967774e-09);
INSERT INTO supply(goods_id, building_id, max_supply, current_output, level) VALUES (16, 172, 65.0, 1, 6.629082388770649e-09);
INSERT INTO building(id, name, level) VALUES (173, "building_fishing_wharflevel", 2);
INSERT INTO demand(goods_id, building_id, max_demand, current_input, level) VALUES (18, 173, 10.0, 2, 6.791906886608603e-10);
INSERT INTO supply(goods_id, building_id, max_supply, current_output, level) VALUES (8, 173, 100.0, 2, 6.791906886608603e-09);
INSERT INTO building(id, name, level) VALUES (174, "building_portlevel", 5);
INSERT INTO demand(goods_id, building_id, max_demand, current_input, level) VALUES (18, 174, 25.0, 5, 1.6979767216521506e-09);
INSERT INTO building(id, name, level) VALUES (175, "building_government_administrationlevel", 3);
INSERT INTO demand(goods_id, building_id, max_demand, current_input, level) VALUES (14, 175, 60.0, 3, 4.234995671543601e-09);
INSERT INTO building(id, name, level) VALUES (176, "building_construction_sectorlevel", 2);
INSERT INTO demand(goods_id, building_id, max_demand, current_input, level) VALUES (9, 176, 25.12626086956522, 2, 2.6376768058134663e-10);
INSERT INTO demand(goods_id, building_id, max_demand, current_input, level) VALUES (10, 176, 50.25252173913044, 2, 3.785989735325629e-10);
INSERT INTO demand(goods_id, building_id, max_demand, current_input, level) VALUES (24, 176, 62.81565217391305, 2, 1.2654011615660353e-08);
INSERT INTO demand(goods_id, building_id, max_demand, current_input, level) VALUES (33, 176, 12.56313043478261, 2, 7.012597214217906e-10);
INSERT INTO building(id, name, level) VALUES (177, "building_food_industrylevel", 4);
INSERT INTO demand(goods_id, building_id, max_demand, current_input, level) VALUES (7, 177, 160.00000000000003, 4, 3.853386468021154e-09);
INSERT INTO demand(goods_id, building_id, max_demand, current_input, level) VALUES (42, 177, 160.00000000000003, 4, 0.0);
INSERT INTO supply(goods_id, building_id, max_supply, current_output, level) VALUES (11, 177, 140.0, 4, 1.6858565797592547e-09);
INSERT INTO supply(goods_id, building_id, max_supply, current_output, level) VALUES (38, 177, 240.0, 4, 2.8900398510158655e-09);
INSERT INTO building(id, name, level) VALUES (178, "building_glassworkslevel", 7);
INSERT INTO demand(goods_id, building_id, max_demand, current_input, level) VALUES (10, 178, 140.00000000000003, 7, 1.0547501789006936e-09);
INSERT INTO demand(goods_id, building_id, max_demand, current_input, level) VALUES (21, 178, 210.0, 7, 0.0);
INSERT INTO demand(goods_id, building_id, max_demand, current_input, level) VALUES (25, 178, 70.00000000000001, 7, 4.817438584899947e-09);
INSERT INTO supply(goods_id, building_id, max_supply, current_output, level) VALUES (31, 178, 140.00000000000003, 7, 3.5632091162335294e-09);
INSERT INTO supply(goods_id, building_id, max_supply, current_output, level) VALUES (35, 178, 280.00000000000006, 7, 7.126418232467059e-09);
INSERT INTO building(id, name, level) VALUES (179, "building_logging_camplevel", 2);
INSERT INTO demand(goods_id, building_id, max_demand, current_input, level) VALUES (33, 179, 9.999999999999998, 2, 5.58188681604598e-10);
INSERT INTO supply(goods_id, building_id, max_supply, current_output, level) VALUES (10, 179, 119.99999999999999, 2, 6.698264179255176e-09);
INSERT INTO building(id, name, level) VALUES (180, "building_iron_minelevel", 4);
INSERT INTO demand(goods_id, building_id, max_demand, current_input, level) VALUES (23, 180, 59.99999999999999, 4, 7.228447062811384e-09);
INSERT INTO demand(goods_id, building_id, max_demand, current_input, level) VALUES (33, 180, 59.99999999999999, 4, 3.349132089627588e-09);
INSERT INTO supply(goods_id, building_id, max_supply, current_output, level) VALUES (24, 180, 239.99999999999997, 4, 2.1155158304877943e-08);
INSERT INTO building(id, name, level) VALUES (181, "building_rye_farmlevel", 2);
INSERT INTO demand(goods_id, building_id, max_demand, current_input, level) VALUES (32, 181, 9.843297297297296, 2, 1.5514881773814267e-09);
INSERT INTO demand(goods_id, building_id, max_demand, current_input, level) VALUES (33, 181, 1.9686576576576575, 2, 1.0988824224587242e-10);
INSERT INTO supply(goods_id, building_id, max_supply, current_output, level) VALUES (7, 181, 98.43299999999999, 2, 1.050465234170946e-08);
INSERT INTO building(id, name, level) VALUES (182, "building_livestock_ranchlevel", 1);
INSERT INTO demand(goods_id, building_id, max_demand, current_input, level) VALUES (7, 182, 9.2549, 1, 2.2289191514305607e-10);
INSERT INTO demand(goods_id, building_id, max_demand, current_input, level) VALUES (33, 182, 9.2549, 1, 5.165980429382394e-10);
INSERT INTO supply(goods_id, building_id, max_supply, current_output, level) VALUES (9, 182, 37.0196, 1, 1.4789799161625911e-09);
INSERT INTO supply(goods_id, building_id, max_supply, current_output, level) VALUES (32, 182, 4.6274454545454535, 1, 1.8487230792365662e-10);
INSERT INTO supply(goods_id, building_id, max_supply, current_output, level) VALUES (36, 182, 23.137245454545454, 1, 9.243622660049522e-10);
INSERT INTO building(id, name, level) VALUES (183, "building_fishing_wharflevel", 2);
INSERT INTO demand(goods_id, building_id, max_demand, current_input, level) VALUES (18, 183, 8.5, 2, 5.773120853617312e-10);
INSERT INTO supply(goods_id, building_id, max_supply, current_output, level) VALUES (8, 183, 85.0, 2, 5.7731208536173116e-09);
INSERT INTO building(id, name, level) VALUES (184, "building_naval_baselevel", 15);
INSERT INTO demand(goods_id, building_id, max_demand, current_input, level) VALUES (5, 184, 30.0, 15, 2.588334239886872e-10);
INSERT INTO building(id, name, level) VALUES (185, "building_barrackslevel", 15);
INSERT INTO demand(goods_id, building_id, max_demand, current_input, level) VALUES (0, 185, 15.0, 15, 1.0080493544294612e-09);
INSERT INTO demand(goods_id, building_id, max_demand, current_input, level) VALUES (1, 185, 15.0, 15, 2.8407954033959877e-09);
INSERT INTO demand(goods_id, building_id, max_demand, current_input, level) VALUES (2, 185, 15.0, 15, 1.7044772014005858e-09);
INSERT INTO building(id, name, level) VALUES (186, "building_railwaylevel", 1);
INSERT INTO demand(goods_id, building_id, max_demand, current_input, level) VALUES (10, 186, 5.0, 1, 3.7669649246453334e-11);
INSERT INTO demand(goods_id, building_id, max_demand, current_input, level) VALUES (23, 186, 10.0, 1, 1.2047411771352308e-09);
INSERT INTO demand(goods_id, building_id, max_demand, current_input, level) VALUES (29, 186, 10.0, 1, 1.7794960114967774e-09);
INSERT INTO supply(goods_id, building_id, max_supply, current_output, level) VALUES (16, 186, 65.0, 1, 6.629082388770649e-09);
INSERT INTO building(id, name, level) VALUES (187, "building_portlevel", 3);
INSERT INTO demand(goods_id, building_id, max_demand, current_input, level) VALUES (18, 187, 15.0, 3, 1.0187860329912905e-09);
INSERT INTO building(id, name, level) VALUES (188, "building_livestock_ranchlevel", 2);
INSERT INTO demand(goods_id, building_id, max_demand, current_input, level) VALUES (7, 188, 18.50779279279279, 2, 4.4573548937929486e-10);
INSERT INTO demand(goods_id, building_id, max_demand, current_input, level) VALUES (33, 188, 18.50779279279279, 2, 1.0330840458420091e-09);
INSERT INTO supply(goods_id, building_id, max_supply, current_output, level) VALUES (9, 188, 74.03119819819818, 2, 2.957640150206575e-09);
INSERT INTO supply(goods_id, building_id, max_supply, current_output, level) VALUES (32, 188, 9.253891891891891, 2, 3.6970470384466474e-10);
INSERT INTO supply(goods_id, building_id, max_supply, current_output, level) VALUES (36, 188, 46.26949549549549, 2, 1.8485249589086135e-09);
INSERT INTO building(id, name, level) VALUES (189, "building_barrackslevel", 6);
INSERT INTO demand(goods_id, building_id, max_demand, current_input, level) VALUES (0, 189, 6.0, 6, 4.032197417717845e-10);
INSERT INTO demand(goods_id, building_id, max_demand, current_input, level) VALUES (1, 189, 6.0, 6, 1.1363181613583953e-09);
INSERT INTO demand(goods_id, building_id, max_demand, current_input, level) VALUES (2, 189, 6.0, 6, 6.817908805602342e-10);
INSERT INTO building(id, name, level) VALUES (190, "building_logging_camplevel", 2);
INSERT INTO demand(goods_id, building_id, max_demand, current_input, level) VALUES (33, 190, 9.999999999999998, 2, 5.58188681604598e-10);
INSERT INTO supply(goods_id, building_id, max_supply, current_output, level) VALUES (10, 190, 119.99999999999999, 2, 6.698264179255176e-09);
INSERT INTO building(id, name, level) VALUES (191, "building_portlevel", 2);
INSERT INTO demand(goods_id, building_id, max_demand, current_input, level) VALUES (18, 191, 10.0, 2, 6.791906886608603e-10);
INSERT INTO building(id, name, level) VALUES (192, "building_rye_farmlevel", 1);
INSERT INTO demand(goods_id, building_id, max_demand, current_input, level) VALUES (33, 192, 1.0, 1, 5.581886816045981e-11);
INSERT INTO supply(goods_id, building_id, max_supply, current_output, level) VALUES (7, 192, 10.0, 1, 5.581886816045981e-10);
INSERT INTO supply(goods_id, building_id, max_supply, current_output, level) VALUES (38, 192, 15.0, 1, 8.372830224068972e-10);
INSERT INTO building(id, name, level) VALUES (193, "building_barrackslevel", 3);
INSERT INTO demand(goods_id, building_id, max_demand, current_input, level) VALUES (0, 193, 3.0, 3, 2.0160987088589224e-10);
INSERT INTO demand(goods_id, building_id, max_demand, current_input, level) VALUES (1, 193, 3.0, 3, 5.681590806791977e-10);
INSERT INTO demand(goods_id, building_id, max_demand, current_input, level) VALUES (2, 193, 3.0, 3, 3.408954402801171e-10);
INSERT INTO building(id, name, level) VALUES (194, "building_naval_baselevel", 5);
INSERT INTO demand(goods_id, building_id, max_demand, current_input, level) VALUES (5, 194, 10.0, 5, 8.627780799622905e-11);
INSERT INTO building(id, name, level) VALUES (195, "building_portlevel", 2);
INSERT INTO demand(goods_id, building_id, max_demand, current_input, level) VALUES (18, 195, 10.0, 2, 6.791906886608603e-10);
INSERT INTO building(id, name, level) VALUES (196, "building_universitylevel", 1);
INSERT INTO demand(goods_id, building_id, max_demand, current_input, level) VALUES (14, 196, 5.0, 1, 3.529163059619667e-10);
INSERT INTO building(id, name, level) VALUES (197, "building_lead_minelevel", 3);
INSERT INTO demand(goods_id, building_id, max_demand, current_input, level) VALUES (23, 197, 30.0, 3, 3.6142235314056923e-09);
INSERT INTO demand(goods_id, building_id, max_demand, current_input, level) VALUES (33, 197, 30.0, 3, 1.6745660448137944e-09);
INSERT INTO supply(goods_id, building_id, max_supply, current_output, level) VALUES (25, 197, 120.0, 3, 1.0577579152438973e-08);
INSERT INTO building(id, name, level) VALUES (198, "building_food_industrylevel", 4);
INSERT INTO demand(goods_id, building_id, max_demand, current_input, level) VALUES (7, 198, 160.00000000000003, 4, 3.853386468021154e-09);
INSERT INTO demand(goods_id, building_id, max_demand, current_input, level) VALUES (42, 198, 160.00000000000003, 4, 0.0);
INSERT INTO supply(goods_id, building_id, max_supply, current_output, level) VALUES (11, 198, 140.0, 4, 1.6858565797592547e-09);
INSERT INTO supply(goods_id, building_id, max_supply, current_output, level) VALUES (38, 198, 240.0, 4, 2.8900398510158655e-09);
INSERT INTO building(id, name, level) VALUES (199, "building_rye_farmlevel", 2);
INSERT INTO demand(goods_id, building_id, max_demand, current_input, level) VALUES (32, 199, 9.845495495495495, 2, 1.551834654625082e-09);
INSERT INTO demand(goods_id, building_id, max_demand, current_input, level) VALUES (33, 199, 1.969099099099099, 2, 1.099128830074928e-10);
INSERT INTO supply(goods_id, building_id, max_supply, current_output, level) VALUES (7, 199, 59.072999999999986, 2, 6.3042000932797215e-09);
INSERT INTO supply(goods_id, building_id, max_supply, current_output, level) VALUES (38, 199, 29.536495495495494, 2, 3.152099565924514e-09);
INSERT INTO building(id, name, level) VALUES (200, "building_naval_baselevel", 15);
INSERT INTO demand(goods_id, building_id, max_demand, current_input, level) VALUES (5, 200, 30.0, 15, 2.588334239886872e-10);
INSERT INTO building(id, name, level) VALUES (201, "building_barrackslevel", 5);
INSERT INTO demand(goods_id, building_id, max_demand, current_input, level) VALUES (0, 201, 5.0, 5, 3.360164514764871e-10);
INSERT INTO demand(goods_id, building_id, max_demand, current_input, level) VALUES (1, 201, 5.0, 5, 9.46931801131996e-10);
INSERT INTO demand(goods_id, building_id, max_demand, current_input, level) VALUES (2, 201, 5.0, 5, 5.681590671335287e-10);
INSERT INTO building(id, name, level) VALUES (202, "building_portlevel", 3);
INSERT INTO demand(goods_id, building_id, max_demand, current_input, level) VALUES (18, 202, 15.0, 3, 1.0187860329912905e-09);
INSERT INTO building(id, name, level) VALUES (203, "building_rye_farmlevel", 2);
INSERT INTO demand(goods_id, building_id, max_demand, current_input, level) VALUES (32, 203, 9.843297297297296, 2, 1.5514881773814267e-09);
INSERT INTO demand(goods_id, building_id, max_demand, current_input, level) VALUES (33, 203, 1.9686576576576575, 2, 1.0988824224587242e-10);
INSERT INTO supply(goods_id, building_id, max_supply, current_output, level) VALUES (7, 203, 59.05979279279279, 2, 6.30279063588112e-09);
INSERT INTO supply(goods_id, building_id, max_supply, current_output, level) VALUES (38, 203, 29.52989189189189, 2, 3.1513948372252126e-09);
INSERT INTO building(id, name, level) VALUES (204, "building_barrackslevel", 2);
INSERT INTO demand(goods_id, building_id, max_demand, current_input, level) VALUES (0, 204, 2.0, 2, 1.3440658059059483e-10);
INSERT INTO demand(goods_id, building_id, max_demand, current_input, level) VALUES (1, 204, 2.0, 2, 3.787727204527984e-10);
INSERT INTO demand(goods_id, building_id, max_demand, current_input, level) VALUES (2, 204, 2.0, 2, 2.2726362685341143e-10);
INSERT INTO building(id, name, level) VALUES (205, "building_portlevel", 1);
INSERT INTO demand(goods_id, building_id, max_demand, current_input, level) VALUES (18, 205, 5.0, 1, 3.3959534433043016e-10);
