
  
CREATE TABLE goods(    goods_name    VARCHAR(30),    code    INT,    base_price FLOAT,    current_price FLOAT,    pop_demand FLOAT, PRIMARY KEY (code));

CREATE TABLE building(    id INT,    name VARCHAR(80),    level INT, PRIMARY KEY (id));

CREATE TABLE supply(    goods_id INT,    building_id INT,    max_supply FLOAT,    current_output FLOAT,    level INT, PRIMARY KEY (goods_id, building_id));

CREATE TABLE demand(    goods_id INT,    building_id INT,    max_demand FLOAT,    current_input FLOAT,    level INT,   PRIMARY KEY (goods_id, building_id));
    
INSERT INTO goods(goods_name,code,base_price, current_price, pop_demand) VALUES ("ammunition", 0, 50, 84.06834504130782, 0);
INSERT INTO goods(goods_name,code,base_price, current_price, pop_demand) VALUES ("small_arms", 1, 60, 97.27241372380122, 0);
INSERT INTO goods(goods_name,code,base_price, current_price, pop_demand) VALUES ("artillery", 2, 70, 116.47216795535006, 0);
INSERT INTO goods(goods_name,code,base_price, current_price, pop_demand) VALUES ("tanks", 3, 80, 80, 0);
INSERT INTO goods(goods_name,code,base_price, current_price, pop_demand) VALUES ("aeroplanes", 4, 80, 80, 0);
INSERT INTO goods(goods_name,code,base_price, current_price, pop_demand) VALUES ("manowars", 5, 70, 119.70052232484062, 0);
INSERT INTO goods(goods_name,code,base_price, current_price, pop_demand) VALUES ("ironclads", 6, 80, 80, 0);
INSERT INTO goods(goods_name,code,base_price, current_price, pop_demand) VALUES ("grain", 7, 20, 29.886578918545442, 9046.380047154382);
INSERT INTO goods(goods_name,code,base_price, current_price, pop_demand) VALUES ("fish", 8, 20, 31.552195859633816, 716.3790429886083);
INSERT INTO goods(goods_name,code,base_price, current_price, pop_demand) VALUES ("fabric", 9, 20, 32.50987849154854, 828.0450132338487);
INSERT INTO goods(goods_name,code,base_price, current_price, pop_demand) VALUES ("wood", 10, 20, 33.65971954873183, 630.2867381375303);
INSERT INTO goods(goods_name,code,base_price, current_price, pop_demand) VALUES ("groceries", 11, 30, 33.26821316339641, 201.49850290986245);
INSERT INTO goods(goods_name,code,base_price, current_price, pop_demand) VALUES ("clothes", 12, 30, 47.55214800164474, 4426.346606719059);
INSERT INTO goods(goods_name,code,base_price, current_price, pop_demand) VALUES ("furniture", 13, 30, 46.34481719985914, 3854.4095821741394);
INSERT INTO goods(goods_name,code,base_price, current_price, pop_demand) VALUES ("paper", 14, 30, 50.05809024985312, 393.3288909103887);
INSERT INTO goods(goods_name,code,base_price, current_price, pop_demand) VALUES ("services", 15, 30, 30.051474774933016, 1117.9015918268556);
INSERT INTO goods(goods_name,code,base_price, current_price, pop_demand) VALUES ("transportation", 16, 30, 40.530278299465614, 341.62368589284785);
INSERT INTO goods(goods_name,code,base_price, current_price, pop_demand) VALUES ("electricity", 17, 30, 30, 0);
INSERT INTO goods(goods_name,code,base_price, current_price, pop_demand) VALUES ("clippers", 18, 60, 97.22626579722349, 0);
INSERT INTO goods(goods_name,code,base_price, current_price, pop_demand) VALUES ("steamers", 19, 70, 70, 0);
INSERT INTO goods(goods_name,code,base_price, current_price, pop_demand) VALUES ("silk", 20, 40, 70.0, 0);
INSERT INTO goods(goods_name,code,base_price, current_price, pop_demand) VALUES ("dye", 21, 40, 70.0, 0);
INSERT INTO goods(goods_name,code,base_price, current_price, pop_demand) VALUES ("sulfur", 22, 50, 83.04015261378935, 0);
INSERT INTO goods(goods_name,code,base_price, current_price, pop_demand) VALUES ("coal", 23, 30, 49.7459852574253, 100.01926459395678);
INSERT INTO goods(goods_name,code,base_price, current_price, pop_demand) VALUES ("iron", 24, 40, 66.3871732547674, 0);
INSERT INTO goods(goods_name,code,base_price, current_price, pop_demand) VALUES ("lead", 25, 40, 68.3148840535665, 0);
INSERT INTO goods(goods_name,code,base_price, current_price, pop_demand) VALUES ("hardwood", 26, 40, 69.8558146373172, 0);
INSERT INTO goods(goods_name,code,base_price, current_price, pop_demand) VALUES ("rubber", 27, 40, 40, 0);
INSERT INTO goods(goods_name,code,base_price, current_price, pop_demand) VALUES ("oil", 28, 40, 43.720706408398435, 6.65616774384414);
INSERT INTO goods(goods_name,code,base_price, current_price, pop_demand) VALUES ("engines", 29, 60, 101.24452016066607, 0);
INSERT INTO goods(goods_name,code,base_price, current_price, pop_demand) VALUES ("steel", 30, 50, 83.93874451084767, 0);
INSERT INTO goods(goods_name,code,base_price, current_price, pop_demand) VALUES ("glass", 31, 40, 69.3817059792792, 143.87322163515634);
INSERT INTO goods(goods_name,code,base_price, current_price, pop_demand) VALUES ("fertilizer", 32, 30, 45.93499543315185, 0);
INSERT INTO goods(goods_name,code,base_price, current_price, pop_demand) VALUES ("tools", 33, 40, 65.54820192843862, 0);
INSERT INTO goods(goods_name,code,base_price, current_price, pop_demand) VALUES ("explosives", 34, 50, 81.44078346560364, 0);
INSERT INTO goods(goods_name,code,base_price, current_price, pop_demand) VALUES ("porcelain", 35, 70, 120.03950162722799, 603.5769800514589);
INSERT INTO goods(goods_name,code,base_price, current_price, pop_demand) VALUES ("meat", 36, 30, 48.50461481522716, 877.119353593836);
INSERT INTO goods(goods_name,code,base_price, current_price, pop_demand) VALUES ("fruit", 37, 30, 49.92886120546713, 777.3620892228545);
INSERT INTO goods(goods_name,code,base_price, current_price, pop_demand) VALUES ("liquor", 38, 30, 32.853520001340506, 1303.4961030509955);
INSERT INTO goods(goods_name,code,base_price, current_price, pop_demand) VALUES ("wine", 39, 50, 80.22781040617572, 42.589179348158325);
INSERT INTO goods(goods_name,code,base_price, current_price, pop_demand) VALUES ("tea", 40, 50, 85.5595253937969, 1148.9261404777492);
INSERT INTO goods(goods_name,code,base_price, current_price, pop_demand) VALUES ("coffee", 41, 50, 79.16179406292612, 574.288826174091);
INSERT INTO goods(goods_name,code,base_price, current_price, pop_demand) VALUES ("sugar", 42, 30, 43.99417894090567, 124.84844734432288);
INSERT INTO goods(goods_name,code,base_price, current_price, pop_demand) VALUES ("tobacco", 43, 40, 66.89324478361742, 431.23110985227356);
INSERT INTO goods(goods_name,code,base_price, current_price, pop_demand) VALUES ("opium", 44, 50, 87.5, 1143.9274977875862);
INSERT INTO goods(goods_name,code,base_price, current_price, pop_demand) VALUES ("automobiles", 45, 100, 100, 0);
INSERT INTO goods(goods_name,code,base_price, current_price, pop_demand) VALUES ("telephones", 46, 70, 70, 0);
INSERT INTO goods(goods_name,code,base_price, current_price, pop_demand) VALUES ("radios", 47, 80, 80, 0);
INSERT INTO goods(goods_name,code,base_price, current_price, pop_demand) VALUES ("luxury_clothes", 48, 60, 102.55732542002818, 926.7259340379752);
INSERT INTO goods(goods_name,code,base_price, current_price, pop_demand) VALUES ("luxury_furniture", 49, 60, 102.60343552027201, 1115.4071450686554);
INSERT INTO goods(goods_name,code,base_price, current_price, pop_demand) VALUES ("gold", 50, 100, 100, 0);
INSERT INTO goods(goods_name,code,base_price, current_price, pop_demand) VALUES ("fine_art", 51, 200, 350.0, 1.0779669791666666);
INSERT INTO building(id, name, level) VALUES (85, "building_government_administrationlevel", 15);
INSERT INTO demand(goods_id, building_id, max_demand, current_input, level) VALUES (14, 85, 300.0, 15, 32.558797186497515);
INSERT INTO building(id, name, level) VALUES (86, "building_construction_sectorlevel", 3);
INSERT INTO demand(goods_id, building_id, max_demand, current_input, level) VALUES (9, 86, 37.68956521739131, 3, 6.256773147122738);
INSERT INTO demand(goods_id, building_id, max_demand, current_input, level) VALUES (10, 86, 75.37913043478262, 3, 6.735278345602393);
INSERT INTO demand(goods_id, building_id, max_demand, current_input, level) VALUES (24, 86, 94.22391304347828, 3, 11.347156014394164);
INSERT INTO demand(goods_id, building_id, max_demand, current_input, level) VALUES (33, 86, 18.844782608695656, 3, 2.7964389422265956);
INSERT INTO building(id, name, level) VALUES (87, "building_universitylevel", 10);
INSERT INTO demand(goods_id, building_id, max_demand, current_input, level) VALUES (14, 87, 49.99999999999999, 10, 5.426466197749585);
INSERT INTO building(id, name, level) VALUES (88, "building_paper_millslevel", 10);
INSERT INTO demand(goods_id, building_id, max_demand, current_input, level) VALUES (10, 88, 300.0, 10, 26.80560908604417);
INSERT INTO demand(goods_id, building_id, max_demand, current_input, level) VALUES (21, 88, 100.0, 10, 0.0);
INSERT INTO demand(goods_id, building_id, max_demand, current_input, level) VALUES (22, 88, 100.0, 10, 11.89292661993811);
INSERT INTO supply(goods_id, building_id, max_supply, current_output, level) VALUES (14, 88, 1000.0000000000001, 10, 69.42709882873169);
INSERT INTO building(id, name, level) VALUES (89, "building_textile_millslevel", 10);
INSERT INTO demand(goods_id, building_id, max_demand, current_input, level) VALUES (9, 89, 500.00000000000006, 10, 83.00405047171571);
INSERT INTO demand(goods_id, building_id, max_demand, current_input, level) VALUES (20, 89, 100.0, 10, 0.0);
INSERT INTO demand(goods_id, building_id, max_demand, current_input, level) VALUES (21, 89, 100.0, 10, 0.0);
INSERT INTO demand(goods_id, building_id, max_demand, current_input, level) VALUES (33, 89, 50.0, 10, 7.419663575572951);
INSERT INTO supply(goods_id, building_id, max_supply, current_output, level) VALUES (12, 89, 800.0, 10, 62.88027449097808);
INSERT INTO supply(goods_id, building_id, max_supply, current_output, level) VALUES (48, 89, 200.0, 10, 15.72006862274452);
INSERT INTO building(id, name, level) VALUES (90, "building_shipyardslevel", 5);
INSERT INTO demand(goods_id, building_id, max_demand, current_input, level) VALUES (9, 90, 70.782, 5, 11.75038540097796);
INSERT INTO demand(goods_id, building_id, max_demand, current_input, level) VALUES (10, 90, 141.564, 5, 12.649030815522522);
INSERT INTO demand(goods_id, building_id, max_demand, current_input, level) VALUES (26, 90, 70.782, 5, 0.34019095145853634);
INSERT INTO demand(goods_id, building_id, max_demand, current_input, level) VALUES (29, 90, 35.391, 5, 2.9535597971641407);
INSERT INTO supply(goods_id, building_id, max_supply, current_output, level) VALUES (18, 90, 247.737, 5, 21.281934935210284);
INSERT INTO building(id, name, level) VALUES (91, "building_furniture_manufacturieslevel", 15);
INSERT INTO demand(goods_id, building_id, max_demand, current_input, level) VALUES (9, 91, 150.0, 15, 24.90121514151471);
INSERT INTO demand(goods_id, building_id, max_demand, current_input, level) VALUES (10, 91, 600.0, 15, 53.61121817208834);
INSERT INTO demand(goods_id, building_id, max_demand, current_input, level) VALUES (26, 91, 150.0, 15, 0.7209268277073332);
INSERT INTO demand(goods_id, building_id, max_demand, current_input, level) VALUES (33, 91, 150.0, 15, 22.258990726718853);
INSERT INTO supply(goods_id, building_id, max_supply, current_output, level) VALUES (13, 91, 1350.0, 15, 137.88885878766672);
INSERT INTO supply(goods_id, building_id, max_supply, current_output, level) VALUES (49, 91, 300.0, 15, 30.641968619481492);
INSERT INTO building(id, name, level) VALUES (92, "building_naval_baselevel", 25);
INSERT INTO demand(goods_id, building_id, max_demand, current_input, level) VALUES (5, 92, 50.0, 25, 2.666169243330838);
INSERT INTO building(id, name, level) VALUES (93, "building_barrackslevel", 25);
INSERT INTO demand(goods_id, building_id, max_demand, current_input, level) VALUES (0, 93, 40.0, 25, 3.6604320619068926);
INSERT INTO demand(goods_id, building_id, max_demand, current_input, level) VALUES (1, 93, 40.0, 25, 6.868965745827311);
INSERT INTO demand(goods_id, building_id, max_demand, current_input, level) VALUES (2, 93, 40.0, 25, 4.592634051024442);
INSERT INTO building(id, name, level) VALUES (94, "building_rye_farmlevel", 8);
INSERT INTO demand(goods_id, building_id, max_demand, current_input, level) VALUES (32, 94, 39.3751968503937, 8, 11.488815626959862);
INSERT INTO demand(goods_id, building_id, max_demand, current_input, level) VALUES (33, 94, 7.87503937007874, 8, 1.1686028554075236);
INSERT INTO supply(goods_id, building_id, max_supply, current_output, level) VALUES (7, 94, 393.752, 8, 86.65915645181823);
INSERT INTO building(id, name, level) VALUES (95, "building_livestock_ranchlevel", 5);
INSERT INTO demand(goods_id, building_id, max_demand, current_input, level) VALUES (7, 95, 46.2745, 5, 15.774733626200389);
INSERT INTO demand(goods_id, building_id, max_demand, current_input, level) VALUES (33, 95, 46.2745, 5, 6.866824442557012);
INSERT INTO supply(goods_id, building_id, max_supply, current_output, level) VALUES (9, 95, 185.098, 5, 45.2831161375148);
INSERT INTO supply(goods_id, building_id, max_supply, current_output, level) VALUES (32, 95, 23.13725, 5, 5.66038951718935);
INSERT INTO supply(goods_id, building_id, max_supply, current_output, level) VALUES (36, 95, 115.68625, 5, 28.30194758594675);
INSERT INTO building(id, name, level) VALUES (96, "building_fishing_wharflevel", 2);
INSERT INTO demand(goods_id, building_id, max_demand, current_input, level) VALUES (18, 96, 9.782594059405941, 2, 1.6899397069209672);
INSERT INTO supply(goods_id, building_id, max_supply, current_output, level) VALUES (8, 96, 97.826, 2, 16.899407331565158);
INSERT INTO building(id, name, level) VALUES (97, "building_railwaylevel", 3);
INSERT INTO demand(goods_id, building_id, max_demand, current_input, level) VALUES (10, 97, 15.0, 3, 1.3402804543022087);
INSERT INTO demand(goods_id, building_id, max_demand, current_input, level) VALUES (23, 97, 30.0, 3, 3.6720197295688126);
INSERT INTO demand(goods_id, building_id, max_demand, current_input, level) VALUES (29, 97, 30.0, 3, 2.503653299282988);
INSERT INTO supply(goods_id, building_id, max_supply, current_output, level) VALUES (16, 97, 195.0, 3, 19.188506864488474);
INSERT INTO building(id, name, level) VALUES (98, "building_portlevel", 6);
INSERT INTO demand(goods_id, building_id, max_demand, current_input, level) VALUES (18, 98, 30.0, 6, 5.182489521670669);
INSERT INTO building(id, name, level) VALUES (99, "building_government_administrationlevel", 4);
INSERT INTO demand(goods_id, building_id, max_demand, current_input, level) VALUES (14, 99, 80.0, 4, 8.682345916399337);
INSERT INTO building(id, name, level) VALUES (100, "building_textile_millslevel", 15);
INSERT INTO demand(goods_id, building_id, max_demand, current_input, level) VALUES (9, 100, 900.0, 15, 149.40729084908824);
INSERT INTO demand(goods_id, building_id, max_demand, current_input, level) VALUES (21, 100, 150.0, 15, 0.0);
INSERT INTO demand(goods_id, building_id, max_demand, current_input, level) VALUES (33, 100, 75.0, 15, 11.129495363359426);
INSERT INTO supply(goods_id, building_id, max_supply, current_output, level) VALUES (12, 100, 1500.0, 15, 157.2006862274452);
INSERT INTO building(id, name, level) VALUES (101, "building_construction_sectorlevel", 3);
INSERT INTO demand(goods_id, building_id, max_demand, current_input, level) VALUES (9, 101, 37.68956521739131, 3, 6.256773147122738);
INSERT INTO demand(goods_id, building_id, max_demand, current_input, level) VALUES (10, 101, 75.37913043478262, 3, 6.735278345602393);
INSERT INTO demand(goods_id, building_id, max_demand, current_input, level) VALUES (24, 101, 94.22391304347828, 3, 11.347156014394164);
INSERT INTO demand(goods_id, building_id, max_demand, current_input, level) VALUES (33, 101, 18.844782608695656, 3, 2.7964389422265956);
INSERT INTO building(id, name, level) VALUES (102, "building_arms_industrylevel", 6);
INSERT INTO demand(goods_id, building_id, max_demand, current_input, level) VALUES (24, 102, 58.95000000000001, 6, 7.099204707618914);
INSERT INTO demand(goods_id, building_id, max_demand, current_input, level) VALUES (26, 102, 58.95000000000001, 6, 0.283324243288982);
INSERT INTO demand(goods_id, building_id, max_demand, current_input, level) VALUES (30, 102, 58.95000000000001, 6, 5.5982937655123655);
INSERT INTO demand(goods_id, building_id, max_demand, current_input, level) VALUES (33, 102, 29.475000000000005, 6, 4.3738916778002555);
INSERT INTO supply(goods_id, building_id, max_supply, current_output, level) VALUES (1, 102, 147.375, 6, 13.580378795012981);
INSERT INTO supply(goods_id, building_id, max_supply, current_output, level) VALUES (2, 102, 88.42500000000001, 6, 8.14822727700779);
INSERT INTO building(id, name, level) VALUES (103, "building_munition_plantslevel", 2);
INSERT INTO demand(goods_id, building_id, max_demand, current_input, level) VALUES (25, 103, 38.73719819819819, 2, 2.1758890604313543);
INSERT INTO demand(goods_id, building_id, max_demand, current_input, level) VALUES (34, 103, 38.73719819819819, 2, 6.2591220723285454);
INSERT INTO supply(goods_id, building_id, max_supply, current_output, level) VALUES (0, 103, 96.84299999999999, 2, 10.543764406377003);
INSERT INTO building(id, name, level) VALUES (104, "building_coal_minelevel", 17);
INSERT INTO demand(goods_id, building_id, max_demand, current_input, level) VALUES (33, 104, 255.0, 17, 37.84028423542205);
INSERT INTO supply(goods_id, building_id, max_supply, current_output, level) VALUES (23, 104, 1020.0, 17, 151.3611369416882);
INSERT INTO building(id, name, level) VALUES (105, "building_iron_minelevel", 11);
INSERT INTO demand(goods_id, building_id, max_demand, current_input, level) VALUES (23, 105, 165.0, 11, 20.196108512628467);
INSERT INTO demand(goods_id, building_id, max_demand, current_input, level) VALUES (33, 105, 165.0, 11, 24.48488979939074);
INSERT INTO supply(goods_id, building_id, max_supply, current_output, level) VALUES (24, 105, 660.0, 11, 89.36199662403841);
INSERT INTO building(id, name, level) VALUES (106, "building_rye_farmlevel", 5);
INSERT INTO demand(goods_id, building_id, max_demand, current_input, level) VALUES (32, 106, 24.625500000000002, 5, 7.1851787889886145);
INSERT INTO demand(goods_id, building_id, max_demand, current_input, level) VALUES (33, 106, 4.925096491228071, 5, 0.7308511808429412);
INSERT INTO supply(goods_id, building_id, max_supply, current_output, level) VALUES (7, 106, 246.25500000000002, 5, 54.197186482970245);
INSERT INTO building(id, name, level) VALUES (107, "building_livestock_ranchlevel", 3);
INSERT INTO demand(goods_id, building_id, max_demand, current_input, level) VALUES (7, 107, 27.762598214285713, 3, 9.46412368802653);
INSERT INTO demand(goods_id, building_id, max_demand, current_input, level) VALUES (33, 107, 27.762598214285713, 3, 4.119782774676048);
INSERT INTO supply(goods_id, building_id, max_supply, current_output, level) VALUES (9, 107, 111.05039285714285, 3, 27.167812925405155);
INSERT INTO supply(goods_id, building_id, max_supply, current_output, level) VALUES (32, 107, 13.881294642857142, 3, 3.395975523514905);
INSERT INTO supply(goods_id, building_id, max_supply, current_output, level) VALUES (36, 107, 69.4065, 3, 16.97988417053896);
INSERT INTO building(id, name, level) VALUES (108, "building_barrackslevel", 18);
INSERT INTO demand(goods_id, building_id, max_demand, current_input, level) VALUES (0, 108, 18.0, 18, 1.6471944278581014);
INSERT INTO demand(goods_id, building_id, max_demand, current_input, level) VALUES (1, 108, 18.0, 18, 3.0910345856222903);
INSERT INTO demand(goods_id, building_id, max_demand, current_input, level) VALUES (2, 108, 18.0, 18, 2.066685322960999);
INSERT INTO building(id, name, level) VALUES (109, "building_naval_baselevel", 10);
INSERT INTO demand(goods_id, building_id, max_demand, current_input, level) VALUES (5, 109, 20.0, 10, 1.0664676973323353);
INSERT INTO building(id, name, level) VALUES (110, "building_railwaylevel", 5);
INSERT INTO demand(goods_id, building_id, max_demand, current_input, level) VALUES (10, 110, 25.0, 5, 2.2338007571703473);
INSERT INTO demand(goods_id, building_id, max_demand, current_input, level) VALUES (23, 110, 50.0, 5, 6.120032882614687);
INSERT INTO demand(goods_id, building_id, max_demand, current_input, level) VALUES (29, 110, 50.0, 5, 4.172755498804979);
INSERT INTO supply(goods_id, building_id, max_supply, current_output, level) VALUES (16, 110, 325.0, 5, 31.980844774147446);
INSERT INTO building(id, name, level) VALUES (111, "building_fishing_wharflevel", 3);
INSERT INTO demand(goods_id, building_id, max_demand, current_input, level) VALUES (18, 111, 12.75, 3, 2.2025580467100343);
INSERT INTO supply(goods_id, building_id, max_supply, current_output, level) VALUES (8, 111, 127.50000000000001, 3, 22.025580467100344);
INSERT INTO building(id, name, level) VALUES (112, "building_portlevel", 5);
INSERT INTO demand(goods_id, building_id, max_demand, current_input, level) VALUES (18, 112, 25.0, 5, 4.31874126805889);
INSERT INTO building(id, name, level) VALUES (113, "building_paper_millslevel", 5);
INSERT INTO demand(goods_id, building_id, max_demand, current_input, level) VALUES (10, 113, 150.0, 5, 13.402804543022086);
INSERT INTO demand(goods_id, building_id, max_demand, current_input, level) VALUES (21, 113, 50.00000000000001, 5, 0.0);
INSERT INTO demand(goods_id, building_id, max_demand, current_input, level) VALUES (22, 113, 50.00000000000001, 5, 5.946463309969056);
INSERT INTO supply(goods_id, building_id, max_supply, current_output, level) VALUES (14, 113, 500.00000000000006, 5, 34.71354941436584);
INSERT INTO building(id, name, level) VALUES (114, "building_barrackslevel", 17);
INSERT INTO demand(goods_id, building_id, max_demand, current_input, level) VALUES (0, 114, 27.2, 17, 2.489093802096687);
INSERT INTO demand(goods_id, building_id, max_demand, current_input, level) VALUES (1, 114, 27.2, 17, 4.670896707162571);
INSERT INTO demand(goods_id, building_id, max_demand, current_input, level) VALUES (2, 114, 27.2, 17, 3.1229911546966203);
INSERT INTO building(id, name, level) VALUES (115, "building_livestock_ranchlevel", 2);
INSERT INTO demand(goods_id, building_id, max_demand, current_input, level) VALUES (7, 115, 18.51159459459459, 2, 6.310505218337111);
INSERT INTO demand(goods_id, building_id, max_demand, current_input, level) VALUES (33, 115, 18.51159459459459, 2, 2.7469960827857323);
INSERT INTO supply(goods_id, building_id, max_supply, current_output, level) VALUES (9, 115, 74.04639639639639, 2, 18.11500701024579);
INSERT INTO supply(goods_id, building_id, max_supply, current_output, level) VALUES (32, 115, 9.255792792792793, 2, 2.2643742232806865);
INSERT INTO supply(goods_id, building_id, max_supply, current_output, level) VALUES (36, 115, 46.278999999999996, 2, 11.32187993240363);
INSERT INTO building(id, name, level) VALUES (116, "building_coal_minelevel", 4);
INSERT INTO demand(goods_id, building_id, max_demand, current_input, level) VALUES (33, 116, 60.0, 4, 8.903596290687542);
INSERT INTO supply(goods_id, building_id, max_supply, current_output, level) VALUES (23, 116, 240.0, 4, 35.61438516275017);
INSERT INTO building(id, name, level) VALUES (117, "building_logging_camplevel", 3);
INSERT INTO demand(goods_id, building_id, max_demand, current_input, level) VALUES (33, 117, 15.0, 3, 2.2258990726718855);
INSERT INTO supply(goods_id, building_id, max_supply, current_output, level) VALUES (10, 117, 179.99999999999997, 3, 26.710788872062622);
INSERT INTO building(id, name, level) VALUES (118, "building_railwaylevel", 1);
INSERT INTO demand(goods_id, building_id, max_demand, current_input, level) VALUES (10, 118, 5.0, 1, 0.4467601514340695);
INSERT INTO demand(goods_id, building_id, max_demand, current_input, level) VALUES (23, 118, 10.0, 1, 1.2240065765229375);
INSERT INTO demand(goods_id, building_id, max_demand, current_input, level) VALUES (29, 118, 10.0, 1, 0.834551099760996);
INSERT INTO supply(goods_id, building_id, max_supply, current_output, level) VALUES (16, 118, 65.0, 1, 6.3961689548294896);
INSERT INTO building(id, name, level) VALUES (119, "building_portlevel", 1);
INSERT INTO demand(goods_id, building_id, max_demand, current_input, level) VALUES (18, 119, 5.0, 1, 0.8637482536117781);
INSERT INTO building(id, name, level) VALUES (120, "building_government_administrationlevel", 5);
INSERT INTO demand(goods_id, building_id, max_demand, current_input, level) VALUES (14, 120, 100.0, 5, 10.85293239549917);
INSERT INTO building(id, name, level) VALUES (121, "building_tooling_workshopslevel", 14);
INSERT INTO demand(goods_id, building_id, max_demand, current_input, level) VALUES (10, 121, 420.0, 14, 37.52785272046184);
INSERT INTO demand(goods_id, building_id, max_demand, current_input, level) VALUES (30, 121, 280.0, 14, 26.590708300991725);
INSERT INTO supply(goods_id, building_id, max_supply, current_output, level) VALUES (33, 121, 1120.0, 14, 103.21855356259923);
INSERT INTO building(id, name, level) VALUES (122, "building_construction_sectorlevel", 2);
INSERT INTO demand(goods_id, building_id, max_demand, current_input, level) VALUES (9, 122, 25.12626086956522, 2, 4.171162850765773);
INSERT INTO demand(goods_id, building_id, max_demand, current_input, level) VALUES (10, 122, 50.25252173913044, 2, 4.490164844423556);
INSERT INTO demand(goods_id, building_id, max_demand, current_input, level) VALUES (24, 122, 62.81565217391305, 2, 7.564735769723422);
INSERT INTO demand(goods_id, building_id, max_demand, current_input, level) VALUES (33, 122, 12.56313043478261, 2, 1.86428402564257);
INSERT INTO building(id, name, level) VALUES (123, "building_steel_millslevel", 10);
INSERT INTO demand(goods_id, building_id, max_demand, current_input, level) VALUES (23, 123, 300.0, 10, 36.72019729568813);
INSERT INTO demand(goods_id, building_id, max_demand, current_input, level) VALUES (24, 123, 400.0, 10, 48.171024309543085);
INSERT INTO supply(goods_id, building_id, max_supply, current_output, level) VALUES (30, 123, 650.0, 10, 78.91917098849923);
INSERT INTO building(id, name, level) VALUES (124, "building_motor_industrylevel", 8);
INSERT INTO demand(goods_id, building_id, max_demand, current_input, level) VALUES (30, 124, 240.00000000000003, 8, 22.792035686564336);
INSERT INTO supply(goods_id, building_id, max_supply, current_output, level) VALUES (29, 124, 320.0, 8, 30.389380915419114);
INSERT INTO building(id, name, level) VALUES (125, "building_barrackslevel", 19);
INSERT INTO demand(goods_id, building_id, max_demand, current_input, level) VALUES (0, 125, 19.0, 19, 1.738705229405774);
INSERT INTO demand(goods_id, building_id, max_demand, current_input, level) VALUES (1, 125, 19.0, 19, 3.2627587292679725);
INSERT INTO demand(goods_id, building_id, max_demand, current_input, level) VALUES (2, 125, 19.0, 19, 2.18150117423661);
INSERT INTO building(id, name, level) VALUES (126, "building_naval_baselevel", 15);
INSERT INTO demand(goods_id, building_id, max_demand, current_input, level) VALUES (5, 126, 30.0, 15, 1.599701545998503);
INSERT INTO building(id, name, level) VALUES (127, "building_coal_minelevel", 10);
INSERT INTO demand(goods_id, building_id, max_demand, current_input, level) VALUES (33, 127, 150.0, 10, 22.258990726718853);
INSERT INTO supply(goods_id, building_id, max_supply, current_output, level) VALUES (23, 127, 600.0, 10, 89.0359629068754);
INSERT INTO building(id, name, level) VALUES (128, "building_iron_minelevel", 5);
INSERT INTO demand(goods_id, building_id, max_demand, current_input, level) VALUES (23, 128, 75.0, 5, 9.180049323922033);
INSERT INTO demand(goods_id, building_id, max_demand, current_input, level) VALUES (33, 128, 75.0, 5, 11.129495363359426);
INSERT INTO supply(goods_id, building_id, max_supply, current_output, level) VALUES (24, 128, 300.0, 5, 40.61908937456292);
INSERT INTO building(id, name, level) VALUES (129, "building_rye_farmlevel", 4);
INSERT INTO demand(goods_id, building_id, max_demand, current_input, level) VALUES (32, 129, 18.767592920353984, 4, 5.47597046036427);
INSERT INTO demand(goods_id, building_id, max_demand, current_input, level) VALUES (33, 129, 3.7535132743362833, 4, 0.5569961144404496);
INSERT INTO supply(goods_id, building_id, max_supply, current_output, level) VALUES (7, 129, 187.67600000000002, 4, 41.30479044233792);
INSERT INTO building(id, name, level) VALUES (130, "building_livestock_ranchlevel", 3);
INSERT INTO demand(goods_id, building_id, max_demand, current_input, level) VALUES (7, 130, 27.762598214285713, 3, 9.46412368802653);
INSERT INTO demand(goods_id, building_id, max_demand, current_input, level) VALUES (33, 130, 27.762598214285713, 3, 4.119782774676048);
INSERT INTO supply(goods_id, building_id, max_supply, current_output, level) VALUES (9, 130, 111.05039285714285, 3, 27.167812925405155);
INSERT INTO supply(goods_id, building_id, max_supply, current_output, level) VALUES (32, 130, 13.881294642857142, 3, 3.395975523514905);
INSERT INTO supply(goods_id, building_id, max_supply, current_output, level) VALUES (36, 130, 69.4065, 3, 16.97988417053896);
INSERT INTO building(id, name, level) VALUES (131, "building_railwaylevel", 6);
INSERT INTO demand(goods_id, building_id, max_demand, current_input, level) VALUES (10, 131, 30.0, 6, 2.6805609086044173);
INSERT INTO demand(goods_id, building_id, max_demand, current_input, level) VALUES (23, 131, 60.0, 6, 7.344039459137625);
INSERT INTO demand(goods_id, building_id, max_demand, current_input, level) VALUES (29, 131, 60.0, 6, 5.007306598565976);
INSERT INTO supply(goods_id, building_id, max_supply, current_output, level) VALUES (16, 131, 390.0, 6, 38.37701372897695);
INSERT INTO building(id, name, level) VALUES (132, "building_portlevel", 4);
INSERT INTO demand(goods_id, building_id, max_demand, current_input, level) VALUES (18, 132, 20.0, 4, 3.4549930144471124);
INSERT INTO building(id, name, level) VALUES (133, "building_barrackslevel", 10);
INSERT INTO demand(goods_id, building_id, max_demand, current_input, level) VALUES (0, 133, 10.0, 10, 0.9151080154767232);
INSERT INTO demand(goods_id, building_id, max_demand, current_input, level) VALUES (1, 133, 10.0, 10, 1.7172414364568278);
INSERT INTO demand(goods_id, building_id, max_demand, current_input, level) VALUES (2, 133, 10.0, 10, 1.1481585127561105);
INSERT INTO building(id, name, level) VALUES (134, "building_logging_camplevel", 3);
INSERT INTO demand(goods_id, building_id, max_demand, current_input, level) VALUES (33, 134, 15.0, 3, 2.2258990726718855);
INSERT INTO supply(goods_id, building_id, max_supply, current_output, level) VALUES (10, 134, 120.0, 3, 17.807192581375084);
INSERT INTO supply(goods_id, building_id, max_supply, current_output, level) VALUES (26, 134, 30.0, 3, 4.451798145343771);
INSERT INTO building(id, name, level) VALUES (135, "building_whaling_stationlevel", 2);
INSERT INTO demand(goods_id, building_id, max_demand, current_input, level) VALUES (18, 135, 8.438, 2, 1.4576615527952366);
INSERT INTO supply(goods_id, building_id, max_supply, current_output, level) VALUES (28, 135, 33.752, 2, 5.830646211180946);
INSERT INTO supply(goods_id, building_id, max_supply, current_output, level) VALUES (36, 135, 16.876, 2, 2.915323105590473);
INSERT INTO building(id, name, level) VALUES (136, "building_fishing_wharflevel", 4);
INSERT INTO demand(goods_id, building_id, max_demand, current_input, level) VALUES (18, 136, 20.0, 4, 3.4549930144471124);
INSERT INTO supply(goods_id, building_id, max_supply, current_output, level) VALUES (8, 136, 200.0, 4, 34.549930144471126);
INSERT INTO building(id, name, level) VALUES (137, "building_government_administrationlevel", 6);
INSERT INTO demand(goods_id, building_id, max_demand, current_input, level) VALUES (14, 137, 120.0, 6, 13.023518874599006);
INSERT INTO building(id, name, level) VALUES (138, "building_arms_industrylevel", 8);
INSERT INTO demand(goods_id, building_id, max_demand, current_input, level) VALUES (24, 138, 78.57119672131148, 8, 9.46213756823047);
INSERT INTO demand(goods_id, building_id, max_demand, current_input, level) VALUES (26, 138, 78.57119672131148, 8, 0.37762722400975934);
INSERT INTO demand(goods_id, building_id, max_demand, current_input, level) VALUES (30, 138, 78.57119672131148, 8, 7.461656331700825);
INSERT INTO demand(goods_id, building_id, max_demand, current_input, level) VALUES (33, 138, 39.28559836065574, 8, 5.829718464022917);
INSERT INTO supply(goods_id, building_id, max_supply, current_output, level) VALUES (1, 138, 196.428, 8, 18.100537037807023);
INSERT INTO supply(goods_id, building_id, max_supply, current_output, level) VALUES (2, 138, 117.85679508196722, 8, 10.860321769495082);
INSERT INTO building(id, name, level) VALUES (139, "building_textile_millslevel", 17);
INSERT INTO demand(goods_id, building_id, max_demand, current_input, level) VALUES (9, 139, 850.0, 17, 141.1068858019167);
INSERT INTO demand(goods_id, building_id, max_demand, current_input, level) VALUES (20, 139, 170.0, 17, 0.0);
INSERT INTO demand(goods_id, building_id, max_demand, current_input, level) VALUES (21, 139, 170.0, 17, 0.0);
INSERT INTO demand(goods_id, building_id, max_demand, current_input, level) VALUES (33, 139, 85.0, 17, 12.613428078474017);
INSERT INTO supply(goods_id, building_id, max_supply, current_output, level) VALUES (12, 139, 1360.0, 17, 106.89646663466274);
INSERT INTO supply(goods_id, building_id, max_supply, current_output, level) VALUES (48, 139, 340.0, 17, 26.724116658665686);
INSERT INTO building(id, name, level) VALUES (140, "building_furniture_manufacturieslevel", 5);
INSERT INTO demand(goods_id, building_id, max_demand, current_input, level) VALUES (9, 140, 50.00000000000001, 5, 8.300405047171571);
INSERT INTO demand(goods_id, building_id, max_demand, current_input, level) VALUES (10, 140, 150.0, 5, 13.402804543022086);
INSERT INTO demand(goods_id, building_id, max_demand, current_input, level) VALUES (26, 140, 100.00000000000001, 5, 0.4806178851382222);
INSERT INTO demand(goods_id, building_id, max_demand, current_input, level) VALUES (33, 140, 100.00000000000001, 5, 14.839327151145904);
INSERT INTO supply(goods_id, building_id, max_supply, current_output, level) VALUES (13, 140, 450.00000000000006, 5, 45.96295292922225);
INSERT INTO supply(goods_id, building_id, max_supply, current_output, level) VALUES (49, 140, 200.00000000000003, 5, 20.42797907965433);
INSERT INTO building(id, name, level) VALUES (141, "building_chemical_plantslevel", 2);
INSERT INTO demand(goods_id, building_id, max_demand, current_input, level) VALUES (22, 141, 59.99999999999999, 2, 7.135755971962865);
INSERT INTO demand(goods_id, building_id, max_demand, current_input, level) VALUES (23, 141, 29.999999999999996, 2, 3.672019729568812);
INSERT INTO demand(goods_id, building_id, max_demand, current_input, level) VALUES (24, 141, 19.999999999999996, 2, 2.408551215477154);
INSERT INTO supply(goods_id, building_id, max_supply, current_output, level) VALUES (32, 141, 150.0, 2, 18.08787423127663);
INSERT INTO supply(goods_id, building_id, max_supply, current_output, level) VALUES (34, 141, 39.99999999999999, 2, 4.823433128340434);
INSERT INTO building(id, name, level) VALUES (142, "building_coal_minelevel", 8);
INSERT INTO demand(goods_id, building_id, max_demand, current_input, level) VALUES (33, 142, 120.0, 8, 17.807192581375084);
INSERT INTO supply(goods_id, building_id, max_supply, current_output, level) VALUES (23, 142, 480.0, 8, 71.22877032550034);
INSERT INTO building(id, name, level) VALUES (143, "building_iron_minelevel", 9);
INSERT INTO demand(goods_id, building_id, max_demand, current_input, level) VALUES (23, 143, 135.0, 9, 16.524088783059657);
INSERT INTO demand(goods_id, building_id, max_demand, current_input, level) VALUES (33, 143, 135.0, 9, 20.033091654046967);
INSERT INTO supply(goods_id, building_id, max_supply, current_output, level) VALUES (24, 143, 540.0, 9, 73.11436087421325);
INSERT INTO building(id, name, level) VALUES (144, "building_rye_farmlevel", 10);
INSERT INTO demand(goods_id, building_id, max_demand, current_input, level) VALUES (32, 144, 49.22849579831933, 10, 14.363791347339106);
INSERT INTO demand(goods_id, building_id, max_demand, current_input, level) VALUES (33, 144, 9.845697478991596, 10, 1.4610352592196876);
INSERT INTO supply(goods_id, building_id, max_supply, current_output, level) VALUES (7, 144, 492.285, 10, 108.34485369949445);
INSERT INTO building(id, name, level) VALUES (145, "building_livestock_ranchlevel", 5);
INSERT INTO demand(goods_id, building_id, max_demand, current_input, level) VALUES (7, 145, 46.276, 5, 15.775244968309744);
INSERT INTO demand(goods_id, building_id, max_demand, current_input, level) VALUES (33, 145, 46.276, 5, 6.867047032464279);
INSERT INTO supply(goods_id, building_id, max_supply, current_output, level) VALUES (9, 145, 185.104, 5, 45.28458400154805);
INSERT INTO supply(goods_id, building_id, max_supply, current_output, level) VALUES (32, 145, 23.138, 5, 5.660573000193506);
INSERT INTO supply(goods_id, building_id, max_supply, current_output, level) VALUES (36, 145, 115.69, 5, 28.302865000967525);
INSERT INTO building(id, name, level) VALUES (146, "building_railwaylevel", 6);
INSERT INTO demand(goods_id, building_id, max_demand, current_input, level) VALUES (10, 146, 30.0, 6, 2.6805609086044173);
INSERT INTO demand(goods_id, building_id, max_demand, current_input, level) VALUES (23, 146, 60.0, 6, 7.344039459137625);
INSERT INTO demand(goods_id, building_id, max_demand, current_input, level) VALUES (29, 146, 60.0, 6, 5.007306598565976);
INSERT INTO supply(goods_id, building_id, max_supply, current_output, level) VALUES (16, 146, 390.0, 6, 38.37701372897695);
INSERT INTO building(id, name, level) VALUES (147, "building_barrackslevel", 28);
INSERT INTO demand(goods_id, building_id, max_demand, current_input, level) VALUES (0, 147, 44.8, 28, 4.099683909335719);
INSERT INTO demand(goods_id, building_id, max_demand, current_input, level) VALUES (1, 147, 44.8, 28, 7.693241635326588);
INSERT INTO demand(goods_id, building_id, max_demand, current_input, level) VALUES (2, 147, 44.8, 28, 5.143750137147374);
INSERT INTO building(id, name, level) VALUES (148, "building_portlevel", 4);
INSERT INTO demand(goods_id, building_id, max_demand, current_input, level) VALUES (18, 148, 20.0, 4, 3.4549930144471124);
INSERT INTO building(id, name, level) VALUES (149, "building_government_administrationlevel", 4);
INSERT INTO demand(goods_id, building_id, max_demand, current_input, level) VALUES (14, 149, 80.0, 4, 8.682345916399337);
INSERT INTO building(id, name, level) VALUES (150, "building_universitylevel", 8);
INSERT INTO demand(goods_id, building_id, max_demand, current_input, level) VALUES (14, 150, 39.99999999999999, 8, 4.341172958199667);
INSERT INTO building(id, name, level) VALUES (151, "building_furniture_manufacturieslevel", 16);
INSERT INTO demand(goods_id, building_id, max_demand, current_input, level) VALUES (9, 151, 160.0, 16, 26.56129615094902);
INSERT INTO demand(goods_id, building_id, max_demand, current_input, level) VALUES (10, 151, 800.0, 16, 71.48162422945111);
INSERT INTO demand(goods_id, building_id, max_demand, current_input, level) VALUES (33, 151, 160.0, 16, 23.742923441833444);
INSERT INTO supply(goods_id, building_id, max_supply, current_output, level) VALUES (13, 151, 1760.0, 16, 236.86866294179987);
INSERT INTO building(id, name, level) VALUES (152, "building_glassworkslevel", 6);
INSERT INTO demand(goods_id, building_id, max_demand, current_input, level) VALUES (10, 152, 120.00000000000001, 6, 10.72224363441767);
INSERT INTO demand(goods_id, building_id, max_demand, current_input, level) VALUES (21, 152, 180.0, 6, 0.0);
INSERT INTO demand(goods_id, building_id, max_demand, current_input, level) VALUES (25, 152, 60.00000000000001, 6, 3.3702319656137076);
INSERT INTO supply(goods_id, building_id, max_supply, current_output, level) VALUES (31, 152, 120.00000000000001, 6, 5.820902521881695);
INSERT INTO supply(goods_id, building_id, max_supply, current_output, level) VALUES (35, 152, 240.00000000000003, 6, 11.64180504376339);
INSERT INTO building(id, name, level) VALUES (153, "building_food_industrylevel", 4);
INSERT INTO demand(goods_id, building_id, max_demand, current_input, level) VALUES (7, 153, 290.368, 4, 98.98492373926362);
INSERT INTO demand(goods_id, building_id, max_demand, current_input, level) VALUES (31, 153, 36.296, 4, 0.7480533355636934);
INSERT INTO demand(goods_id, building_id, max_demand, current_input, level) VALUES (42, 153, 199.62800000000004, 4, 75.46666872821704);
INSERT INTO supply(goods_id, building_id, max_supply, current_output, level) VALUES (11, 153, 290.368, 4, 71.57968346402961);
INSERT INTO supply(goods_id, building_id, max_supply, current_output, level) VALUES (38, 153, 362.96000000000004, 4, 89.47460433003702);
INSERT INTO building(id, name, level) VALUES (154, "building_iron_minelevel", 2);
INSERT INTO demand(goods_id, building_id, max_demand, current_input, level) VALUES (23, 154, 30.0, 2, 3.6720197295688126);
INSERT INTO demand(goods_id, building_id, max_demand, current_input, level) VALUES (33, 154, 30.0, 2, 4.451798145343771);
INSERT INTO supply(goods_id, building_id, max_supply, current_output, level) VALUES (24, 154, 120.0, 2, 16.247635749825168);
INSERT INTO building(id, name, level) VALUES (155, "building_shipyardslevel", 2);
INSERT INTO demand(goods_id, building_id, max_demand, current_input, level) VALUES (9, 155, 29.756396694214878, 2, 4.939802906126012);
INSERT INTO demand(goods_id, building_id, max_demand, current_input, level) VALUES (10, 155, 59.512793388429756, 2, 5.317588917295874);
INSERT INTO demand(goods_id, building_id, max_demand, current_input, level) VALUES (26, 155, 29.756396694214878, 2, 0.14301456448507538);
INSERT INTO demand(goods_id, building_id, max_demand, current_input, level) VALUES (29, 155, 14.878198347107439, 2, 1.2416616793040747);
INSERT INTO supply(goods_id, building_id, max_supply, current_output, level) VALUES (5, 155, 37.19549586776859, 2, 3.1952922774584915);
INSERT INTO supply(goods_id, building_id, max_supply, current_output, level) VALUES (18, 155, 66.95189256198347, 2, 5.751526099425285);
INSERT INTO building(id, name, level) VALUES (156, "building_barrackslevel", 16);
INSERT INTO demand(goods_id, building_id, max_demand, current_input, level) VALUES (0, 156, 25.6, 16, 2.342676519620411);
INSERT INTO demand(goods_id, building_id, max_demand, current_input, level) VALUES (1, 156, 25.6, 16, 4.396138077329479);
INSERT INTO demand(goods_id, building_id, max_demand, current_input, level) VALUES (2, 156, 25.6, 16, 2.939285792655643);
INSERT INTO building(id, name, level) VALUES (157, "building_naval_baselevel", 25);
INSERT INTO demand(goods_id, building_id, max_demand, current_input, level) VALUES (5, 157, 50.0, 25, 2.666169243330838);
INSERT INTO building(id, name, level) VALUES (158, "building_rye_farmlevel", 2);
INSERT INTO demand(goods_id, building_id, max_demand, current_input, level) VALUES (32, 158, 9.382198347107439, 2, 2.737518935969641);
INSERT INTO demand(goods_id, building_id, max_demand, current_input, level) VALUES (33, 158, 1.8764380165289258, 2, 0.27845077606120056);
INSERT INTO supply(goods_id, building_id, max_supply, current_output, level) VALUES (7, 158, 93.822, 2, 20.648873851110572);
INSERT INTO building(id, name, level) VALUES (159, "building_livestock_ranchlevel", 3);
INSERT INTO demand(goods_id, building_id, max_demand, current_input, level) VALUES (7, 159, 27.76259836065574, 3, 9.464123737923304);
INSERT INTO demand(goods_id, building_id, max_demand, current_input, level) VALUES (33, 159, 27.76259836065574, 3, 4.1197827963963745);
INSERT INTO supply(goods_id, building_id, max_supply, current_output, level) VALUES (9, 159, 111.05039344262296, 3, 27.167813068639358);
INSERT INTO supply(goods_id, building_id, max_supply, current_output, level) VALUES (32, 159, 13.881295081967213, 3, 3.395975630940552);
INSERT INTO supply(goods_id, building_id, max_supply, current_output, level) VALUES (36, 159, 69.4065, 3, 16.979884170538963);
INSERT INTO building(id, name, level) VALUES (160, "building_fishing_wharflevel", 3);
INSERT INTO demand(goods_id, building_id, max_demand, current_input, level) VALUES (18, 160, 15.0, 3, 2.5912447608353344);
INSERT INTO supply(goods_id, building_id, max_supply, current_output, level) VALUES (8, 160, 150.0, 3, 25.912447608353343);
INSERT INTO building(id, name, level) VALUES (161, "building_railwaylevel", 2);
INSERT INTO demand(goods_id, building_id, max_demand, current_input, level) VALUES (10, 161, 10.0, 2, 0.893520302868139);
INSERT INTO demand(goods_id, building_id, max_demand, current_input, level) VALUES (23, 161, 20.0, 2, 2.448013153045875);
INSERT INTO demand(goods_id, building_id, max_demand, current_input, level) VALUES (29, 161, 20.0, 2, 1.669102199521992);
INSERT INTO supply(goods_id, building_id, max_supply, current_output, level) VALUES (16, 161, 130.0, 2, 12.792337909658979);
INSERT INTO building(id, name, level) VALUES (162, "building_portlevel", 5);
INSERT INTO demand(goods_id, building_id, max_demand, current_input, level) VALUES (18, 162, 25.0, 5, 4.31874126805889);
INSERT INTO building(id, name, level) VALUES (163, "building_government_administrationlevel", 6);
INSERT INTO demand(goods_id, building_id, max_demand, current_input, level) VALUES (14, 163, 120.0, 6, 13.023518874599006);
INSERT INTO building(id, name, level) VALUES (164, "building_tooling_workshopslevel", 6);
INSERT INTO demand(goods_id, building_id, max_demand, current_input, level) VALUES (10, 164, 180.0, 6, 16.083365451626502);
INSERT INTO demand(goods_id, building_id, max_demand, current_input, level) VALUES (30, 164, 120.00000000000001, 6, 11.396017843282168);
INSERT INTO supply(goods_id, building_id, max_supply, current_output, level) VALUES (33, 164, 480.00000000000006, 6, 44.23652295539967);
INSERT INTO building(id, name, level) VALUES (165, "building_textile_millslevel", 5);
INSERT INTO demand(goods_id, building_id, max_demand, current_input, level) VALUES (9, 165, 250.00000000000003, 5, 41.50202523585786);
INSERT INTO demand(goods_id, building_id, max_demand, current_input, level) VALUES (20, 165, 50.00000000000001, 5, 0.0);
INSERT INTO demand(goods_id, building_id, max_demand, current_input, level) VALUES (21, 165, 50.00000000000001, 5, 0.0);
INSERT INTO demand(goods_id, building_id, max_demand, current_input, level) VALUES (33, 165, 25.000000000000004, 5, 3.709831787786476);
INSERT INTO supply(goods_id, building_id, max_supply, current_output, level) VALUES (12, 165, 400.00000000000006, 5, 31.440137245489048);
INSERT INTO supply(goods_id, building_id, max_supply, current_output, level) VALUES (48, 165, 100.00000000000001, 5, 7.860034311372262);
INSERT INTO building(id, name, level) VALUES (166, "building_shipyardslevel", 4);
INSERT INTO demand(goods_id, building_id, max_demand, current_input, level) VALUES (9, 166, 22.316, 4, 3.7046367806536153);
INSERT INTO demand(goods_id, building_id, max_demand, current_input, level) VALUES (10, 166, 44.632, 4, 3.9879598157610774);
INSERT INTO supply(goods_id, building_id, max_supply, current_output, level) VALUES (18, 166, 39.053, 4, 4.986289602467385);
INSERT INTO building(id, name, level) VALUES (167, "building_barrackslevel", 14);
INSERT INTO demand(goods_id, building_id, max_demand, current_input, level) VALUES (0, 167, 14.0, 14, 1.2811512216674126);
INSERT INTO demand(goods_id, building_id, max_demand, current_input, level) VALUES (1, 167, 14.0, 14, 2.4041380110395587);
INSERT INTO demand(goods_id, building_id, max_demand, current_input, level) VALUES (2, 167, 14.0, 14, 1.6074219178585547);
INSERT INTO building(id, name, level) VALUES (168, "building_naval_baselevel", 25);
INSERT INTO demand(goods_id, building_id, max_demand, current_input, level) VALUES (5, 168, 50.0, 25, 2.666169243330838);
INSERT INTO building(id, name, level) VALUES (169, "building_wheat_farmlevel", 5);
INSERT INTO demand(goods_id, building_id, max_demand, current_input, level) VALUES (32, 169, 23.454245614035088, 5, 6.843432543408018);
INSERT INTO demand(goods_id, building_id, max_demand, current_input, level) VALUES (33, 169, 4.690842105263158, 5, 0.6960894061436999);
INSERT INTO supply(goods_id, building_id, max_supply, current_output, level) VALUES (7, 169, 164.17974561403508, 5, 36.13360252490497);
INSERT INTO supply(goods_id, building_id, max_supply, current_output, level) VALUES (39, 169, 37.52679824561404, 5, 8.259108983071794);
INSERT INTO building(id, name, level) VALUES (170, "building_livestock_ranchlevel", 3);
INSERT INTO demand(goods_id, building_id, max_demand, current_input, level) VALUES (7, 170, 27.764696428571426, 3, 9.464838958239019);
INSERT INTO demand(goods_id, building_id, max_demand, current_input, level) VALUES (33, 170, 27.764696428571426, 3, 4.120094135558237);
INSERT INTO supply(goods_id, building_id, max_supply, current_output, level) VALUES (9, 170, 111.05879464285714, 3, 27.16986837191599);
INSERT INTO supply(goods_id, building_id, max_supply, current_output, level) VALUES (32, 170, 13.882348214285713, 3, 3.396233273449314);
INSERT INTO supply(goods_id, building_id, max_supply, current_output, level) VALUES (36, 170, 69.41174999999998, 3, 16.981168551568043);
INSERT INTO building(id, name, level) VALUES (171, "building_sulfur_minelevel", 6);
INSERT INTO demand(goods_id, building_id, max_demand, current_input, level) VALUES (23, 171, 90.0, 6, 11.016059188706437);
INSERT INTO demand(goods_id, building_id, max_demand, current_input, level) VALUES (33, 171, 90.0, 6, 13.355394436031313);
INSERT INTO supply(goods_id, building_id, max_supply, current_output, level) VALUES (22, 171, 360.0, 6, 48.7429072494755);
INSERT INTO building(id, name, level) VALUES (172, "building_railwaylevel", 1);
INSERT INTO demand(goods_id, building_id, max_demand, current_input, level) VALUES (10, 172, 5.0, 1, 0.4467601514340695);
INSERT INTO demand(goods_id, building_id, max_demand, current_input, level) VALUES (23, 172, 10.0, 1, 1.2240065765229375);
INSERT INTO demand(goods_id, building_id, max_demand, current_input, level) VALUES (29, 172, 10.0, 1, 0.834551099760996);
INSERT INTO supply(goods_id, building_id, max_supply, current_output, level) VALUES (16, 172, 65.0, 1, 6.3961689548294896);
INSERT INTO building(id, name, level) VALUES (173, "building_fishing_wharflevel", 2);
INSERT INTO demand(goods_id, building_id, max_demand, current_input, level) VALUES (18, 173, 10.0, 2, 1.7274965072235562);
INSERT INTO supply(goods_id, building_id, max_supply, current_output, level) VALUES (8, 173, 100.0, 2, 17.274965072235563);
INSERT INTO building(id, name, level) VALUES (174, "building_portlevel", 5);
INSERT INTO demand(goods_id, building_id, max_demand, current_input, level) VALUES (18, 174, 25.0, 5, 4.31874126805889);
INSERT INTO building(id, name, level) VALUES (175, "building_government_administrationlevel", 3);
INSERT INTO demand(goods_id, building_id, max_demand, current_input, level) VALUES (14, 175, 60.0, 3, 6.511759437299503);
INSERT INTO building(id, name, level) VALUES (176, "building_construction_sectorlevel", 2);
INSERT INTO demand(goods_id, building_id, max_demand, current_input, level) VALUES (9, 176, 25.12626086956522, 2, 4.171162850765773);
INSERT INTO demand(goods_id, building_id, max_demand, current_input, level) VALUES (10, 176, 50.25252173913044, 2, 4.490164844423556);
INSERT INTO demand(goods_id, building_id, max_demand, current_input, level) VALUES (24, 176, 62.81565217391305, 2, 7.564735769723422);
INSERT INTO demand(goods_id, building_id, max_demand, current_input, level) VALUES (33, 176, 12.56313043478261, 2, 1.86428402564257);
INSERT INTO building(id, name, level) VALUES (177, "building_food_industrylevel", 4);
INSERT INTO demand(goods_id, building_id, max_demand, current_input, level) VALUES (7, 177, 160.00000000000003, 4, 54.54315833109083);
INSERT INTO demand(goods_id, building_id, max_demand, current_input, level) VALUES (42, 177, 160.00000000000003, 4, 60.48583864244859);
INSERT INTO supply(goods_id, building_id, max_supply, current_output, level) VALUES (11, 177, 140.0, 4, 50.325186175923484);
INSERT INTO supply(goods_id, building_id, max_supply, current_output, level) VALUES (38, 177, 240.0, 4, 86.27174773015454);
INSERT INTO building(id, name, level) VALUES (178, "building_glassworkslevel", 7);
INSERT INTO demand(goods_id, building_id, max_demand, current_input, level) VALUES (10, 178, 140.00000000000003, 7, 12.509284240153947);
INSERT INTO demand(goods_id, building_id, max_demand, current_input, level) VALUES (21, 178, 210.0, 7, 0.0);
INSERT INTO demand(goods_id, building_id, max_demand, current_input, level) VALUES (25, 178, 70.00000000000001, 7, 3.9319372932159924);
INSERT INTO supply(goods_id, building_id, max_supply, current_output, level) VALUES (31, 178, 140.00000000000003, 7, 6.791052942195311);
INSERT INTO supply(goods_id, building_id, max_supply, current_output, level) VALUES (35, 178, 280.00000000000006, 7, 13.582105884390621);
INSERT INTO building(id, name, level) VALUES (179, "building_logging_camplevel", 2);
INSERT INTO demand(goods_id, building_id, max_demand, current_input, level) VALUES (33, 179, 9.999999999999998, 2, 1.4839327151145902);
INSERT INTO supply(goods_id, building_id, max_supply, current_output, level) VALUES (10, 179, 119.99999999999999, 2, 17.807192581375084);
INSERT INTO building(id, name, level) VALUES (180, "building_iron_minelevel", 4);
INSERT INTO demand(goods_id, building_id, max_demand, current_input, level) VALUES (23, 180, 59.99999999999999, 4, 7.344039459137624);
INSERT INTO demand(goods_id, building_id, max_demand, current_input, level) VALUES (33, 180, 59.99999999999999, 4, 8.90359629068754);
INSERT INTO supply(goods_id, building_id, max_supply, current_output, level) VALUES (24, 180, 239.99999999999997, 4, 32.49527149965033);
INSERT INTO building(id, name, level) VALUES (181, "building_rye_farmlevel", 2);
INSERT INTO demand(goods_id, building_id, max_demand, current_input, level) VALUES (32, 181, 9.843297297297296, 2, 2.8720574589043664);
INSERT INTO demand(goods_id, building_id, max_demand, current_input, level) VALUES (33, 181, 1.9686576576576575, 2, 0.2921355503059057);
INSERT INTO supply(goods_id, building_id, max_supply, current_output, level) VALUES (7, 181, 98.43299999999999, 2, 21.66368868481131);
INSERT INTO building(id, name, level) VALUES (182, "building_livestock_ranchlevel", 1);
INSERT INTO demand(goods_id, building_id, max_demand, current_input, level) VALUES (7, 182, 9.2549, 1, 3.1549467252400776);
INSERT INTO demand(goods_id, building_id, max_demand, current_input, level) VALUES (33, 182, 9.2549, 1, 1.373364888511402);
INSERT INTO supply(goods_id, building_id, max_supply, current_output, level) VALUES (9, 182, 37.0196, 1, 9.056623227502959);
INSERT INTO supply(goods_id, building_id, max_supply, current_output, level) VALUES (32, 182, 4.6274454545454535, 1, 1.1320767914196628);
INSERT INTO supply(goods_id, building_id, max_supply, current_output, level) VALUES (36, 182, 23.137245454545454, 1, 5.660388405171143);
INSERT INTO building(id, name, level) VALUES (183, "building_fishing_wharflevel", 2);
INSERT INTO demand(goods_id, building_id, max_demand, current_input, level) VALUES (18, 183, 8.5, 2, 1.4683720311400226);
INSERT INTO supply(goods_id, building_id, max_supply, current_output, level) VALUES (8, 183, 85.0, 2, 14.683720311400226);
INSERT INTO building(id, name, level) VALUES (184, "building_naval_baselevel", 15);
INSERT INTO demand(goods_id, building_id, max_demand, current_input, level) VALUES (5, 184, 30.0, 15, 1.599701545998503);
INSERT INTO building(id, name, level) VALUES (185, "building_barrackslevel", 15);
INSERT INTO demand(goods_id, building_id, max_demand, current_input, level) VALUES (0, 185, 15.0, 15, 1.3726620232150848);
INSERT INTO demand(goods_id, building_id, max_demand, current_input, level) VALUES (1, 185, 15.0, 15, 2.575862154685242);
INSERT INTO demand(goods_id, building_id, max_demand, current_input, level) VALUES (2, 185, 15.0, 15, 1.7222377691341657);
INSERT INTO building(id, name, level) VALUES (186, "building_railwaylevel", 1);
INSERT INTO demand(goods_id, building_id, max_demand, current_input, level) VALUES (10, 186, 5.0, 1, 0.4467601514340695);
INSERT INTO demand(goods_id, building_id, max_demand, current_input, level) VALUES (23, 186, 10.0, 1, 1.2240065765229375);
INSERT INTO demand(goods_id, building_id, max_demand, current_input, level) VALUES (29, 186, 10.0, 1, 0.834551099760996);
INSERT INTO supply(goods_id, building_id, max_supply, current_output, level) VALUES (16, 186, 65.0, 1, 6.3961689548294896);
INSERT INTO building(id, name, level) VALUES (187, "building_portlevel", 3);
INSERT INTO demand(goods_id, building_id, max_demand, current_input, level) VALUES (18, 187, 15.0, 3, 2.5912447608353344);
INSERT INTO building(id, name, level) VALUES (188, "building_livestock_ranchlevel", 2);
INSERT INTO demand(goods_id, building_id, max_demand, current_input, level) VALUES (7, 188, 18.50779279279279, 2, 6.309209204101993);
INSERT INTO demand(goods_id, building_id, max_demand, current_input, level) VALUES (33, 188, 18.50779279279279, 2, 2.746431920978725);
INSERT INTO supply(goods_id, building_id, max_supply, current_output, level) VALUES (9, 188, 74.03119819819818, 2, 18.111288862161583);
INSERT INTO supply(goods_id, building_id, max_supply, current_output, level) VALUES (32, 188, 9.253891891891891, 2, 2.2639091792701547);
INSERT INTO supply(goods_id, building_id, max_supply, current_output, level) VALUES (36, 188, 46.26949549549549, 2, 11.319554712350973);
INSERT INTO building(id, name, level) VALUES (189, "building_barrackslevel", 6);
INSERT INTO demand(goods_id, building_id, max_demand, current_input, level) VALUES (0, 189, 6.0, 6, 0.5490648092860339);
INSERT INTO demand(goods_id, building_id, max_demand, current_input, level) VALUES (1, 189, 6.0, 6, 1.0303448618740967);
INSERT INTO demand(goods_id, building_id, max_demand, current_input, level) VALUES (2, 189, 6.0, 6, 0.6888951076536662);
INSERT INTO building(id, name, level) VALUES (190, "building_logging_camplevel", 2);
INSERT INTO demand(goods_id, building_id, max_demand, current_input, level) VALUES (33, 190, 9.999999999999998, 2, 1.4839327151145902);
INSERT INTO supply(goods_id, building_id, max_supply, current_output, level) VALUES (10, 190, 119.99999999999999, 2, 17.807192581375084);
INSERT INTO building(id, name, level) VALUES (191, "building_portlevel", 2);
INSERT INTO demand(goods_id, building_id, max_demand, current_input, level) VALUES (18, 191, 10.0, 2, 1.7274965072235562);
INSERT INTO building(id, name, level) VALUES (192, "building_rye_farmlevel", 1);
INSERT INTO demand(goods_id, building_id, max_demand, current_input, level) VALUES (33, 192, 1.0, 1, 0.14839327151145904);
INSERT INTO supply(goods_id, building_id, max_supply, current_output, level) VALUES (7, 192, 10.0, 1, 1.4839327151145905);
INSERT INTO supply(goods_id, building_id, max_supply, current_output, level) VALUES (38, 192, 15.0, 1, 2.2258990726718855);
INSERT INTO building(id, name, level) VALUES (193, "building_barrackslevel", 3);
INSERT INTO demand(goods_id, building_id, max_demand, current_input, level) VALUES (0, 193, 3.0, 3, 0.2745324046430169);
INSERT INTO demand(goods_id, building_id, max_demand, current_input, level) VALUES (1, 193, 3.0, 3, 0.5151724309370483);
INSERT INTO demand(goods_id, building_id, max_demand, current_input, level) VALUES (2, 193, 3.0, 3, 0.3444475538268331);
INSERT INTO building(id, name, level) VALUES (194, "building_naval_baselevel", 5);
INSERT INTO demand(goods_id, building_id, max_demand, current_input, level) VALUES (5, 194, 10.0, 5, 0.5332338486661676);
INSERT INTO building(id, name, level) VALUES (195, "building_portlevel", 2);
INSERT INTO demand(goods_id, building_id, max_demand, current_input, level) VALUES (18, 195, 10.0, 2, 1.7274965072235562);
INSERT INTO building(id, name, level) VALUES (196, "building_universitylevel", 1);
INSERT INTO demand(goods_id, building_id, max_demand, current_input, level) VALUES (14, 196, 5.0, 1, 0.5426466197749585);
INSERT INTO building(id, name, level) VALUES (197, "building_lead_minelevel", 3);
INSERT INTO demand(goods_id, building_id, max_demand, current_input, level) VALUES (23, 197, 30.0, 3, 3.6720197295688126);
INSERT INTO demand(goods_id, building_id, max_demand, current_input, level) VALUES (33, 197, 30.0, 3, 4.451798145343771);
INSERT INTO supply(goods_id, building_id, max_supply, current_output, level) VALUES (25, 197, 120.0, 3, 16.247635749825168);
INSERT INTO building(id, name, level) VALUES (198, "building_food_industrylevel", 4);
INSERT INTO demand(goods_id, building_id, max_demand, current_input, level) VALUES (7, 198, 160.00000000000003, 4, 54.54315833109083);
INSERT INTO demand(goods_id, building_id, max_demand, current_input, level) VALUES (42, 198, 160.00000000000003, 4, 60.48583864244859);
INSERT INTO supply(goods_id, building_id, max_supply, current_output, level) VALUES (11, 198, 140.0, 4, 50.325186175923484);
INSERT INTO supply(goods_id, building_id, max_supply, current_output, level) VALUES (38, 198, 240.0, 4, 86.27174773015454);
INSERT INTO building(id, name, level) VALUES (199, "building_rye_farmlevel", 2);
INSERT INTO demand(goods_id, building_id, max_demand, current_input, level) VALUES (32, 199, 9.845495495495495, 2, 2.872698844746997);
INSERT INTO demand(goods_id, building_id, max_demand, current_input, level) VALUES (33, 199, 1.969099099099099, 2, 0.292201057245582);
INSERT INTO supply(goods_id, building_id, max_supply, current_output, level) VALUES (7, 199, 59.072999999999986, 2, 13.00111834118495);
INSERT INTO supply(goods_id, building_id, max_supply, current_output, level) VALUES (38, 199, 29.536495495495494, 2, 6.500558179215771);
INSERT INTO building(id, name, level) VALUES (200, "building_naval_baselevel", 15);
INSERT INTO demand(goods_id, building_id, max_demand, current_input, level) VALUES (5, 200, 30.0, 15, 1.599701545998503);
INSERT INTO building(id, name, level) VALUES (201, "building_barrackslevel", 5);
INSERT INTO demand(goods_id, building_id, max_demand, current_input, level) VALUES (0, 201, 5.0, 5, 0.4575540077383616);
INSERT INTO demand(goods_id, building_id, max_demand, current_input, level) VALUES (1, 201, 5.0, 5, 0.8586207182284139);
INSERT INTO demand(goods_id, building_id, max_demand, current_input, level) VALUES (2, 201, 5.0, 5, 0.5740792563780552);
INSERT INTO building(id, name, level) VALUES (202, "building_portlevel", 3);
INSERT INTO demand(goods_id, building_id, max_demand, current_input, level) VALUES (18, 202, 15.0, 3, 2.5912447608353344);
INSERT INTO building(id, name, level) VALUES (203, "building_rye_farmlevel", 2);
INSERT INTO demand(goods_id, building_id, max_demand, current_input, level) VALUES (32, 203, 9.843297297297296, 2, 2.8720574589043664);
INSERT INTO demand(goods_id, building_id, max_demand, current_input, level) VALUES (33, 203, 1.9686576576576575, 2, 0.2921355503059057);
INSERT INTO supply(goods_id, building_id, max_supply, current_output, level) VALUES (7, 203, 59.05979279279279, 2, 12.998211624684057);
INSERT INTO supply(goods_id, building_id, max_supply, current_output, level) VALUES (38, 203, 29.52989189189189, 2, 6.499104820965322);
INSERT INTO building(id, name, level) VALUES (204, "building_barrackslevel", 2);
INSERT INTO demand(goods_id, building_id, max_demand, current_input, level) VALUES (0, 204, 2.0, 2, 0.18302160309534463);
INSERT INTO demand(goods_id, building_id, max_demand, current_input, level) VALUES (1, 204, 2.0, 2, 0.34344828729136556);
INSERT INTO demand(goods_id, building_id, max_demand, current_input, level) VALUES (2, 204, 2.0, 2, 0.2296317025512221);
INSERT INTO building(id, name, level) VALUES (205, "building_portlevel", 1);
INSERT INTO demand(goods_id, building_id, max_demand, current_input, level) VALUES (18, 205, 5.0, 1, 0.8637482536117781);
INSERT INTO building(id, name, level) VALUES (134218296, "building_urban_centerlevel", 2);
INSERT INTO demand(goods_id, building_id, max_demand, current_input, level) VALUES (10, 134218296, 10.0, 2, 0.893520302868139);
INSERT INTO demand(goods_id, building_id, max_demand, current_input, level) VALUES (23, 134218296, 20.0, 2, 2.448013153045875);
INSERT INTO demand(goods_id, building_id, max_demand, current_input, level) VALUES (31, 134218296, 10.0, 2, 0.20609800957783045);
INSERT INTO supply(goods_id, building_id, max_supply, current_output, level) VALUES (15, 134218296, 140.0, 2, 10.843582815188233);
INSERT INTO building(id, name, level) VALUES (616, "building_fishing_wharflevel", 1);
INSERT INTO demand(goods_id, building_id, max_demand, current_input, level) VALUES (18, 616, 5.0, 1, 0.8637482536117781);
INSERT INTO supply(goods_id, building_id, max_supply, current_output, level) VALUES (8, 616, 50.0, 1, 8.637482536117782);
INSERT INTO building(id, name, level) VALUES (617, "building_naval_baselevel", 5);
INSERT INTO demand(goods_id, building_id, max_demand, current_input, level) VALUES (5, 617, 10.0, 5, 0.5332338486661676);
INSERT INTO building(id, name, level) VALUES (618, "building_portlevel", 1);
INSERT INTO demand(goods_id, building_id, max_demand, current_input, level) VALUES (18, 618, 5.0, 1, 0.8637482536117781);
INSERT INTO building(id, name, level) VALUES (775, "building_naval_baselevel", 5);
INSERT INTO demand(goods_id, building_id, max_demand, current_input, level) VALUES (5, 775, 10.0, 5, 0.5332338486661676);
INSERT INTO building(id, name, level) VALUES (776, "building_portlevel", 1);
INSERT INTO demand(goods_id, building_id, max_demand, current_input, level) VALUES (18, 776, 5.0, 1, 0.8637482536117781);
INSERT INTO building(id, name, level) VALUES (16778022, "building_munition_plantslevel", 1);
INSERT INTO demand(goods_id, building_id, max_demand, current_input, level) VALUES (25, 16778022, 19.4312, 1, 1.091460856170551);
INSERT INTO demand(goods_id, building_id, max_demand, current_input, level) VALUES (34, 16778022, 19.4312, 1, 3.1396760341197707);
INSERT INTO supply(goods_id, building_id, max_supply, current_output, level) VALUES (0, 16778022, 48.578, 1, 5.288921112862902);
INSERT INTO building(id, name, level) VALUES (16778068, "building_tooling_workshopslevel", 3);
INSERT INTO demand(goods_id, building_id, max_demand, current_input, level) VALUES (10, 16778068, 89.99999999999999, 3, 8.04168272581325);
INSERT INTO demand(goods_id, building_id, max_demand, current_input, level) VALUES (30, 16778068, 60.0, 3, 5.698008921641084);
INSERT INTO supply(goods_id, building_id, max_supply, current_output, level) VALUES (33, 16778068, 240.0, 3, 22.118261477699836);
INSERT INTO building(id, name, level) VALUES (1261, "building_portlevel", 1);
INSERT INTO demand(goods_id, building_id, max_demand, current_input, level) VALUES (18, 1261, 5.0, 1, 0.8637482536117781);
INSERT INTO building(id, name, level) VALUES (16778534, "building_steel_millslevel", 1);
INSERT INTO demand(goods_id, building_id, max_demand, current_input, level) VALUES (23, 16778534, 29.999999999999996, 1, 3.672019729568812);
INSERT INTO demand(goods_id, building_id, max_demand, current_input, level) VALUES (24, 16778534, 59.99999999999999, 1, 7.2256536464314625);
INSERT INTO supply(goods_id, building_id, max_supply, current_output, level) VALUES (30, 16778534, 89.99999999999999, 1, 10.927269829176815);
INSERT INTO building(id, name, level) VALUES (1577, "building_fishing_wharflevel", 2);
INSERT INTO demand(goods_id, building_id, max_demand, current_input, level) VALUES (18, 1577, 10.0, 2, 1.7274965072235562);
INSERT INTO supply(goods_id, building_id, max_supply, current_output, level) VALUES (8, 1577, 100.0, 2, 17.274965072235563);
INSERT INTO building(id, name, level) VALUES (1583, "building_naval_baselevel", 5);
INSERT INTO demand(goods_id, building_id, max_demand, current_input, level) VALUES (5, 1583, 10.0, 5, 0.5332338486661676);
INSERT INTO building(id, name, level) VALUES (1584, "building_portlevel", 1);
INSERT INTO demand(goods_id, building_id, max_demand, current_input, level) VALUES (18, 1584, 5.0, 1, 0.8637482536117781);
INSERT INTO building(id, name, level) VALUES (1651, "building_portlevel", 1);
INSERT INTO building(id, name, level) VALUES (1679, "building_banana_plantationlevel", 1);
INSERT INTO supply(goods_id, building_id, max_supply, current_output, level) VALUES (37, 1679, 26.535, 1, 26.535);
INSERT INTO building(id, name, level) VALUES (1680, "building_sugar_plantationlevel", 1);
INSERT INTO supply(goods_id, building_id, max_supply, current_output, level) VALUES (42, 1680, 26.5764, 1, 26.5764);
INSERT INTO building(id, name, level) VALUES (1681, "building_portlevel", 1);
INSERT INTO demand(goods_id, building_id, max_demand, current_input, level) VALUES (18, 1681, 5.0, 1, 0.8637482536117781);
INSERT INTO building(id, name, level) VALUES (1688, "building_sugar_plantationlevel", 3);
INSERT INTO supply(goods_id, building_id, max_supply, current_output, level) VALUES (42, 1688, 79.58789215686274, 3, 81.17965);
INSERT INTO building(id, name, level) VALUES (1689, "building_coffee_plantationlevel", 2);
INSERT INTO supply(goods_id, building_id, max_supply, current_output, level) VALUES (41, 1689, 35.37239603960396, 2, 35.72612);
INSERT INTO building(id, name, level) VALUES (1690, "building_tobacco_plantationlevel", 2);
INSERT INTO supply(goods_id, building_id, max_supply, current_output, level) VALUES (43, 1690, 44.215495049504945, 2, 44.65765);
INSERT INTO building(id, name, level) VALUES (1691, "building_portlevel", 1);
INSERT INTO demand(goods_id, building_id, max_demand, current_input, level) VALUES (18, 1691, 5.0, 1, 0.8637482536117781);
INSERT INTO building(id, name, level) VALUES (1692, "building_banana_plantationlevel", 1);
INSERT INTO supply(goods_id, building_id, max_supply, current_output, level) VALUES (37, 1692, 26.5293, 1, 26.5293);
INSERT INTO building(id, name, level) VALUES (1693, "building_sugar_plantationlevel", 3);
INSERT INTO supply(goods_id, building_id, max_supply, current_output, level) VALUES (42, 1693, 79.58789215686274, 3, 81.17965);
INSERT INTO building(id, name, level) VALUES (1694, "building_coffee_plantationlevel", 5);
INSERT INTO supply(goods_id, building_id, max_supply, current_output, level) VALUES (41, 1694, 88.431, 5, 91.96824);
INSERT INTO building(id, name, level) VALUES (1695, "building_portlevel", 1);
INSERT INTO demand(goods_id, building_id, max_demand, current_input, level) VALUES (18, 1695, 5.0, 1, 0.8637482536117781);
INSERT INTO building(id, name, level) VALUES (1713, "building_sugar_plantationlevel", 2);
INSERT INTO supply(goods_id, building_id, max_supply, current_output, level) VALUES (42, 1713, 53.14079207920792, 2, 53.6722);
INSERT INTO building(id, name, level) VALUES (1714, "building_portlevel", 1);
INSERT INTO demand(goods_id, building_id, max_demand, current_input, level) VALUES (18, 1714, 5.0, 1, 0.8637482536117781);
INSERT INTO building(id, name, level) VALUES (1836, "building_portlevel", 1);
INSERT INTO demand(goods_id, building_id, max_demand, current_input, level) VALUES (18, 1836, 5.0, 1, 0.8637482536117781);
INSERT INTO building(id, name, level) VALUES (2264, "building_sugar_plantationlevel", 1);
INSERT INTO supply(goods_id, building_id, max_supply, current_output, level) VALUES (42, 2264, 26.5647, 1, 26.5647);
INSERT INTO building(id, name, level) VALUES (2265, "building_portlevel", 1);
INSERT INTO demand(goods_id, building_id, max_demand, current_input, level) VALUES (18, 2265, 5.0, 1, 0.8637482536117781);
INSERT INTO building(id, name, level) VALUES (2658, "building_tea_plantationlevel", 1);
INSERT INTO supply(goods_id, building_id, max_supply, current_output, level) VALUES (40, 2658, 19.6862, 1, 19.6862);
INSERT INTO building(id, name, level) VALUES (2659, "building_portlevel", 1);
INSERT INTO demand(goods_id, building_id, max_demand, current_input, level) VALUES (18, 2659, 5.0, 1, 0.8637482536117781);
INSERT INTO building(id, name, level) VALUES (2777, "building_easter_island_headslevel", 1);
INSERT INTO building(id, name, level) VALUES (2804, "building_subsistence_farmslevel", 103);
INSERT INTO supply(goods_id, building_id, max_supply, current_output, level) VALUES (7, 2804, 117.96332500000001, 103, 141.55599);
INSERT INTO supply(goods_id, building_id, max_supply, current_output, level) VALUES (9, 2804, 23.592658333333333, 103, 28.31119);
INSERT INTO supply(goods_id, building_id, max_supply, current_output, level) VALUES (10, 2804, 23.592658333333333, 103, 28.31119);
INSERT INTO supply(goods_id, building_id, max_supply, current_output, level) VALUES (12, 2804, 23.592658333333333, 103, 28.31119);
INSERT INTO supply(goods_id, building_id, max_supply, current_output, level) VALUES (13, 2804, 23.592658333333333, 103, 28.31119);
INSERT INTO supply(goods_id, building_id, max_supply, current_output, level) VALUES (15, 2804, 23.592658333333333, 103, 28.31119);
INSERT INTO supply(goods_id, building_id, max_supply, current_output, level) VALUES (38, 2804, 33.029725, 103, 39.63567);
INSERT INTO building(id, name, level) VALUES (2805, "building_urban_centerlevel", 24);
INSERT INTO demand(goods_id, building_id, max_demand, current_input, level) VALUES (10, 2805, 120.0, 24, 10.72224363441767);
INSERT INTO demand(goods_id, building_id, max_demand, current_input, level) VALUES (23, 2805, 240.0, 24, 29.3761578365505);
INSERT INTO demand(goods_id, building_id, max_demand, current_input, level) VALUES (31, 2805, 120.0, 24, 2.473176114933965);
INSERT INTO supply(goods_id, building_id, max_supply, current_output, level) VALUES (15, 2805, 1680.0000000000002, 24, 130.12299378225882);
INSERT INTO building(id, name, level) VALUES (2806, "building_subsistence_farmslevel", 90);
INSERT INTO supply(goods_id, building_id, max_supply, current_output, level) VALUES (7, 2806, 100.94174545454545, 90, 111.03592);
INSERT INTO supply(goods_id, building_id, max_supply, current_output, level) VALUES (9, 2806, 20.188345454545455, 90, 22.20718);
INSERT INTO supply(goods_id, building_id, max_supply, current_output, level) VALUES (10, 2806, 20.188345454545455, 90, 22.20718);
INSERT INTO supply(goods_id, building_id, max_supply, current_output, level) VALUES (12, 2806, 20.188345454545455, 90, 22.20718);
INSERT INTO supply(goods_id, building_id, max_supply, current_output, level) VALUES (13, 2806, 20.188345454545455, 90, 22.20718);
INSERT INTO supply(goods_id, building_id, max_supply, current_output, level) VALUES (15, 2806, 20.188345454545455, 90, 22.20718);
INSERT INTO supply(goods_id, building_id, max_supply, current_output, level) VALUES (38, 2806, 28.263681818181816, 90, 31.09005);
INSERT INTO building(id, name, level) VALUES (2807, "building_urban_centerlevel", 11);
INSERT INTO demand(goods_id, building_id, max_demand, current_input, level) VALUES (10, 2807, 54.99999999999999, 11, 4.914361665774764);
INSERT INTO demand(goods_id, building_id, max_demand, current_input, level) VALUES (23, 2807, 109.99999999999999, 11, 13.46407234175231);
INSERT INTO demand(goods_id, building_id, max_demand, current_input, level) VALUES (31, 2807, 54.99999999999999, 11, 1.1335390526780673);
INSERT INTO supply(goods_id, building_id, max_supply, current_output, level) VALUES (15, 2807, 769.9999999999999, 11, 59.63970548353526);
INSERT INTO building(id, name, level) VALUES (100666140, "building_universitylevel", 2);
INSERT INTO demand(goods_id, building_id, max_demand, current_input, level) VALUES (14, 100666140, 10.0, 2, 1.085293239549917);
INSERT INTO building(id, name, level) VALUES (67111716, "building_tooling_workshopslevel", 1);
INSERT INTO demand(goods_id, building_id, max_demand, current_input, level) VALUES (10, 67111716, 29.999999999999996, 1, 2.680560908604417);
INSERT INTO demand(goods_id, building_id, max_demand, current_input, level) VALUES (30, 67111716, 20.0, 1, 1.8993363072136946);
INSERT INTO supply(goods_id, building_id, max_supply, current_output, level) VALUES (33, 67111716, 80.0, 1, 7.372753825899945);
INSERT INTO building(id, name, level) VALUES (2924, "building_subsistence_farmslevel", 10);
INSERT INTO supply(goods_id, building_id, max_supply, current_output, level) VALUES (7, 2924, 7.249499999999999, 10, 7.97445);
INSERT INTO supply(goods_id, building_id, max_supply, current_output, level) VALUES (9, 2924, 1.4498999999999997, 10, 1.59489);
INSERT INTO supply(goods_id, building_id, max_supply, current_output, level) VALUES (10, 2924, 1.4498999999999997, 10, 1.59489);
INSERT INTO supply(goods_id, building_id, max_supply, current_output, level) VALUES (12, 2924, 1.4498999999999997, 10, 1.59489);
INSERT INTO supply(goods_id, building_id, max_supply, current_output, level) VALUES (13, 2924, 1.4498999999999997, 10, 1.59489);
INSERT INTO supply(goods_id, building_id, max_supply, current_output, level) VALUES (15, 2924, 1.4498999999999997, 10, 1.59489);
INSERT INTO supply(goods_id, building_id, max_supply, current_output, level) VALUES (38, 2924, 2.0298545454545454, 10, 2.23284);
INSERT INTO building(id, name, level) VALUES (2926, "building_subsistence_farmslevel", 8);
INSERT INTO supply(goods_id, building_id, max_supply, current_output, level) VALUES (7, 2926, 5.551399999999999, 8, 6.10654);
INSERT INTO supply(goods_id, building_id, max_supply, current_output, level) VALUES (9, 2926, 1.1102727272727273, 8, 1.2213);
INSERT INTO supply(goods_id, building_id, max_supply, current_output, level) VALUES (10, 2926, 1.1102727272727273, 8, 1.2213);
INSERT INTO supply(goods_id, building_id, max_supply, current_output, level) VALUES (12, 2926, 1.1102727272727273, 8, 1.2213);
INSERT INTO supply(goods_id, building_id, max_supply, current_output, level) VALUES (13, 2926, 1.1102727272727273, 8, 1.2213);
INSERT INTO supply(goods_id, building_id, max_supply, current_output, level) VALUES (15, 2926, 1.1102727272727273, 8, 1.2213);
INSERT INTO supply(goods_id, building_id, max_supply, current_output, level) VALUES (38, 2926, 1.554390909090909, 8, 1.70983);
INSERT INTO building(id, name, level) VALUES (3009, "building_subsistence_farmslevel", 5);
INSERT INTO supply(goods_id, building_id, max_supply, current_output, level) VALUES (7, 3009, 12.049999999999999, 5, 13.255);
INSERT INTO supply(goods_id, building_id, max_supply, current_output, level) VALUES (9, 3009, 2.4099999999999997, 5, 2.651);
INSERT INTO supply(goods_id, building_id, max_supply, current_output, level) VALUES (10, 3009, 2.4099999999999997, 5, 2.651);
INSERT INTO supply(goods_id, building_id, max_supply, current_output, level) VALUES (12, 3009, 2.4099999999999997, 5, 2.651);
INSERT INTO supply(goods_id, building_id, max_supply, current_output, level) VALUES (13, 3009, 2.4099999999999997, 5, 2.651);
INSERT INTO supply(goods_id, building_id, max_supply, current_output, level) VALUES (15, 3009, 2.4099999999999997, 5, 2.651);
INSERT INTO supply(goods_id, building_id, max_supply, current_output, level) VALUES (38, 3009, 3.3739999999999997, 5, 3.7114);
INSERT INTO building(id, name, level) VALUES (3061, "building_subsistence_farmslevel", 16);
INSERT INTO supply(goods_id, building_id, max_supply, current_output, level) VALUES (7, 3061, 0.6432, 16, 0.70752);
INSERT INTO supply(goods_id, building_id, max_supply, current_output, level) VALUES (9, 3061, 0.1286363636363636, 16, 0.1415);
INSERT INTO supply(goods_id, building_id, max_supply, current_output, level) VALUES (10, 3061, 0.1286363636363636, 16, 0.1415);
INSERT INTO supply(goods_id, building_id, max_supply, current_output, level) VALUES (12, 3061, 0.1286363636363636, 16, 0.1415);
INSERT INTO supply(goods_id, building_id, max_supply, current_output, level) VALUES (13, 3061, 0.1286363636363636, 16, 0.1415);
INSERT INTO supply(goods_id, building_id, max_supply, current_output, level) VALUES (15, 3061, 0.1286363636363636, 16, 0.1415);
INSERT INTO supply(goods_id, building_id, max_supply, current_output, level) VALUES (38, 3061, 0.18009090909090908, 16, 0.1981);
INSERT INTO building(id, name, level) VALUES (3130, "building_subsistence_farmslevel", 10);
INSERT INTO supply(goods_id, building_id, max_supply, current_output, level) VALUES (7, 3130, 0.4105, 10, 0.45155);
INSERT INTO supply(goods_id, building_id, max_supply, current_output, level) VALUES (9, 3130, 0.08209999999999999, 10, 0.09031);
INSERT INTO supply(goods_id, building_id, max_supply, current_output, level) VALUES (10, 3130, 0.08209999999999999, 10, 0.09031);
INSERT INTO supply(goods_id, building_id, max_supply, current_output, level) VALUES (12, 3130, 0.08209999999999999, 10, 0.09031);
INSERT INTO supply(goods_id, building_id, max_supply, current_output, level) VALUES (13, 3130, 0.08209999999999999, 10, 0.09031);
INSERT INTO supply(goods_id, building_id, max_supply, current_output, level) VALUES (15, 3130, 0.08209999999999999, 10, 0.09031);
INSERT INTO supply(goods_id, building_id, max_supply, current_output, level) VALUES (38, 3130, 0.11493636363636361, 10, 0.12643);
INSERT INTO building(id, name, level) VALUES (3169, "building_subsistence_farmslevel", 9);
INSERT INTO supply(goods_id, building_id, max_supply, current_output, level) VALUES (7, 3169, 9.873445454545454, 9, 10.86079);
INSERT INTO supply(goods_id, building_id, max_supply, current_output, level) VALUES (9, 3169, 1.9746818181818178, 9, 2.17215);
INSERT INTO supply(goods_id, building_id, max_supply, current_output, level) VALUES (10, 3169, 1.9746818181818178, 9, 2.17215);
INSERT INTO supply(goods_id, building_id, max_supply, current_output, level) VALUES (12, 3169, 1.9746818181818178, 9, 2.17215);
INSERT INTO supply(goods_id, building_id, max_supply, current_output, level) VALUES (13, 3169, 1.9746818181818178, 9, 2.17215);
INSERT INTO supply(goods_id, building_id, max_supply, current_output, level) VALUES (15, 3169, 1.9746818181818178, 9, 2.17215);
INSERT INTO supply(goods_id, building_id, max_supply, current_output, level) VALUES (38, 3169, 2.7645636363636363, 9, 3.04102);
INSERT INTO building(id, name, level) VALUES (3182, "building_subsistence_farmslevel", 44);
INSERT INTO supply(goods_id, building_id, max_supply, current_output, level) VALUES (7, 3182, 86.372, 44, 95.0092);
INSERT INTO supply(goods_id, building_id, max_supply, current_output, level) VALUES (9, 3182, 17.2744, 44, 19.00184);
INSERT INTO supply(goods_id, building_id, max_supply, current_output, level) VALUES (10, 3182, 17.2744, 44, 19.00184);
INSERT INTO supply(goods_id, building_id, max_supply, current_output, level) VALUES (12, 3182, 17.2744, 44, 19.00184);
INSERT INTO supply(goods_id, building_id, max_supply, current_output, level) VALUES (13, 3182, 17.2744, 44, 19.00184);
INSERT INTO supply(goods_id, building_id, max_supply, current_output, level) VALUES (15, 3182, 17.2744, 44, 19.00184);
INSERT INTO supply(goods_id, building_id, max_supply, current_output, level) VALUES (38, 3182, 24.184154545454543, 44, 26.60257);
INSERT INTO building(id, name, level) VALUES (3183, "building_urban_centerlevel", 3);
INSERT INTO demand(goods_id, building_id, max_demand, current_input, level) VALUES (10, 3183, 15.0, 3, 1.3402804543022087);
INSERT INTO demand(goods_id, building_id, max_demand, current_input, level) VALUES (23, 3183, 30.0, 3, 3.6720197295688126);
INSERT INTO demand(goods_id, building_id, max_demand, current_input, level) VALUES (31, 3183, 15.0, 3, 0.30914701436674563);
INSERT INTO supply(goods_id, building_id, max_supply, current_output, level) VALUES (15, 3183, 209.99999999999997, 3, 16.26537422278235);
INSERT INTO building(id, name, level) VALUES (3184, "building_subsistence_farmslevel", 95);
INSERT INTO supply(goods_id, building_id, max_supply, current_output, level) VALUES (7, 3184, 105.79911818181817, 95, 116.37903);
INSERT INTO supply(goods_id, building_id, max_supply, current_output, level) VALUES (9, 3184, 21.15981818181818, 95, 23.2758);
INSERT INTO supply(goods_id, building_id, max_supply, current_output, level) VALUES (10, 3184, 21.15981818181818, 95, 23.2758);
INSERT INTO supply(goods_id, building_id, max_supply, current_output, level) VALUES (12, 3184, 21.15981818181818, 95, 23.2758);
INSERT INTO supply(goods_id, building_id, max_supply, current_output, level) VALUES (13, 3184, 21.15981818181818, 95, 23.2758);
INSERT INTO supply(goods_id, building_id, max_supply, current_output, level) VALUES (15, 3184, 21.15981818181818, 95, 23.2758);
INSERT INTO supply(goods_id, building_id, max_supply, current_output, level) VALUES (38, 3184, 29.623754545454542, 95, 32.58613);
INSERT INTO building(id, name, level) VALUES (3185, "building_urban_centerlevel", 13);
INSERT INTO demand(goods_id, building_id, max_demand, current_input, level) VALUES (10, 3185, 64.99999999999999, 13, 5.807881968642902);
INSERT INTO demand(goods_id, building_id, max_demand, current_input, level) VALUES (23, 3185, 129.99999999999997, 13, 15.912085494798184);
INSERT INTO demand(goods_id, building_id, max_demand, current_input, level) VALUES (31, 3185, 64.99999999999999, 13, 1.3396370622558975);
INSERT INTO supply(goods_id, building_id, max_supply, current_output, level) VALUES (15, 3185, 910.0, 13, 70.48328829872351);
INSERT INTO building(id, name, level) VALUES (3186, "building_subsistence_farmslevel", 42);
INSERT INTO supply(goods_id, building_id, max_supply, current_output, level) VALUES (7, 3186, 22.4301, 42, 24.67311);
INSERT INTO supply(goods_id, building_id, max_supply, current_output, level) VALUES (9, 3186, 4.4860181818181815, 42, 4.93462);
INSERT INTO supply(goods_id, building_id, max_supply, current_output, level) VALUES (10, 3186, 4.4860181818181815, 42, 4.93462);
INSERT INTO supply(goods_id, building_id, max_supply, current_output, level) VALUES (12, 3186, 4.4860181818181815, 42, 4.93462);
INSERT INTO supply(goods_id, building_id, max_supply, current_output, level) VALUES (13, 3186, 4.4860181818181815, 42, 4.93462);
INSERT INTO supply(goods_id, building_id, max_supply, current_output, level) VALUES (15, 3186, 4.4860181818181815, 42, 4.93462);
INSERT INTO supply(goods_id, building_id, max_supply, current_output, level) VALUES (38, 3186, 6.280427272727272, 42, 6.90847);
INSERT INTO building(id, name, level) VALUES (3187, "building_subsistence_farmslevel", 123);
INSERT INTO supply(goods_id, building_id, max_supply, current_output, level) VALUES (7, 3187, 165.63179999999997, 123, 182.19498);
INSERT INTO supply(goods_id, building_id, max_supply, current_output, level) VALUES (9, 3187, 33.12635454545454, 123, 36.43899);
INSERT INTO supply(goods_id, building_id, max_supply, current_output, level) VALUES (10, 3187, 33.12635454545454, 123, 36.43899);
INSERT INTO supply(goods_id, building_id, max_supply, current_output, level) VALUES (12, 3187, 33.12635454545454, 123, 36.43899);
INSERT INTO supply(goods_id, building_id, max_supply, current_output, level) VALUES (13, 3187, 33.12635454545454, 123, 36.43899);
INSERT INTO supply(goods_id, building_id, max_supply, current_output, level) VALUES (15, 3187, 33.12635454545454, 123, 36.43899);
INSERT INTO supply(goods_id, building_id, max_supply, current_output, level) VALUES (38, 3187, 46.37689999999999, 123, 51.01459);
INSERT INTO building(id, name, level) VALUES (3188, "building_urban_centerlevel", 12);
INSERT INTO demand(goods_id, building_id, max_demand, current_input, level) VALUES (10, 3188, 59.99999999999999, 12, 5.361121817208834);
INSERT INTO demand(goods_id, building_id, max_demand, current_input, level) VALUES (23, 3188, 119.99999999999999, 12, 14.688078918275249);
INSERT INTO demand(goods_id, building_id, max_demand, current_input, level) VALUES (31, 3188, 59.99999999999999, 12, 1.2365880574669825);
INSERT INTO supply(goods_id, building_id, max_supply, current_output, level) VALUES (15, 3188, 839.9999999999999, 12, 65.0614968911294);
INSERT INTO building(id, name, level) VALUES (3189, "building_subsistence_farmslevel", 63);
INSERT INTO supply(goods_id, building_id, max_supply, current_output, level) VALUES (7, 3189, 59.68935, 63, 71.62722);
INSERT INTO supply(goods_id, building_id, max_supply, current_output, level) VALUES (9, 3189, 11.937866666666668, 63, 14.32544);
INSERT INTO supply(goods_id, building_id, max_supply, current_output, level) VALUES (10, 3189, 11.937866666666668, 63, 14.32544);
INSERT INTO supply(goods_id, building_id, max_supply, current_output, level) VALUES (12, 3189, 11.937866666666668, 63, 14.32544);
INSERT INTO supply(goods_id, building_id, max_supply, current_output, level) VALUES (13, 3189, 11.937866666666668, 63, 14.32544);
INSERT INTO supply(goods_id, building_id, max_supply, current_output, level) VALUES (15, 3189, 11.937866666666668, 63, 14.32544);
INSERT INTO supply(goods_id, building_id, max_supply, current_output, level) VALUES (38, 3189, 16.713016666666668, 63, 20.05562);
INSERT INTO building(id, name, level) VALUES (3190, "building_urban_centerlevel", 10);
INSERT INTO demand(goods_id, building_id, max_demand, current_input, level) VALUES (10, 3190, 49.99999999999999, 10, 4.467601514340695);
INSERT INTO demand(goods_id, building_id, max_demand, current_input, level) VALUES (23, 3190, 99.99999999999999, 10, 12.240065765229373);
INSERT INTO demand(goods_id, building_id, max_demand, current_input, level) VALUES (31, 3190, 49.99999999999999, 10, 1.030490047889152);
INSERT INTO supply(goods_id, building_id, max_supply, current_output, level) VALUES (15, 3190, 700.0, 10, 54.21791407594117);
INSERT INTO building(id, name, level) VALUES (3191, "building_subsistence_farmslevel", 102);
INSERT INTO supply(goods_id, building_id, max_supply, current_output, level) VALUES (7, 3191, 157.1412, 102, 172.85532);
INSERT INTO supply(goods_id, building_id, max_supply, current_output, level) VALUES (9, 3191, 31.428236363636362, 102, 34.57106);
INSERT INTO supply(goods_id, building_id, max_supply, current_output, level) VALUES (10, 3191, 31.428236363636362, 102, 34.57106);
INSERT INTO supply(goods_id, building_id, max_supply, current_output, level) VALUES (12, 3191, 31.428236363636362, 102, 34.57106);
INSERT INTO supply(goods_id, building_id, max_supply, current_output, level) VALUES (13, 3191, 31.428236363636362, 102, 34.57106);
INSERT INTO supply(goods_id, building_id, max_supply, current_output, level) VALUES (15, 3191, 31.428236363636362, 102, 34.57106);
INSERT INTO supply(goods_id, building_id, max_supply, current_output, level) VALUES (38, 3191, 43.99952727272726, 102, 48.39948);
INSERT INTO building(id, name, level) VALUES (3192, "building_urban_centerlevel", 8);
INSERT INTO demand(goods_id, building_id, max_demand, current_input, level) VALUES (10, 3192, 39.99999999999999, 8, 3.5740812114725555);
INSERT INTO demand(goods_id, building_id, max_demand, current_input, level) VALUES (23, 3192, 79.99999999999999, 8, 9.792052612183499);
INSERT INTO demand(goods_id, building_id, max_demand, current_input, level) VALUES (31, 3192, 39.99999999999999, 8, 0.8243920383113216);
INSERT INTO supply(goods_id, building_id, max_supply, current_output, level) VALUES (15, 3192, 560.0, 8, 43.37433126075293);
INSERT INTO building(id, name, level) VALUES (3193, "building_subsistence_farmslevel", 85);
INSERT INTO supply(goods_id, building_id, max_supply, current_output, level) VALUES (7, 3193, 135.90861818181818, 85, 149.49948);
INSERT INTO supply(goods_id, building_id, max_supply, current_output, level) VALUES (9, 3193, 27.18171818181818, 85, 29.89989);
INSERT INTO supply(goods_id, building_id, max_supply, current_output, level) VALUES (10, 3193, 27.18171818181818, 85, 29.89989);
INSERT INTO supply(goods_id, building_id, max_supply, current_output, level) VALUES (12, 3193, 27.18171818181818, 85, 29.89989);
INSERT INTO supply(goods_id, building_id, max_supply, current_output, level) VALUES (13, 3193, 27.18171818181818, 85, 29.89989);
INSERT INTO supply(goods_id, building_id, max_supply, current_output, level) VALUES (15, 3193, 27.18171818181818, 85, 29.89989);
INSERT INTO supply(goods_id, building_id, max_supply, current_output, level) VALUES (38, 3193, 38.05440909090909, 85, 41.85985);
INSERT INTO building(id, name, level) VALUES (3194, "building_urban_centerlevel", 6);
INSERT INTO demand(goods_id, building_id, max_demand, current_input, level) VALUES (10, 3194, 30.0, 6, 2.6805609086044173);
INSERT INTO demand(goods_id, building_id, max_demand, current_input, level) VALUES (23, 3194, 60.0, 6, 7.344039459137625);
INSERT INTO demand(goods_id, building_id, max_demand, current_input, level) VALUES (31, 3194, 30.0, 6, 0.6182940287334913);
INSERT INTO supply(goods_id, building_id, max_supply, current_output, level) VALUES (15, 3194, 420.0, 6, 32.5307484455647);
INSERT INTO building(id, name, level) VALUES (3195, "building_subsistence_farmslevel", 128);
INSERT INTO supply(goods_id, building_id, max_supply, current_output, level) VALUES (7, 3195, 287.02079999999995, 128, 315.72288);
INSERT INTO supply(goods_id, building_id, max_supply, current_output, level) VALUES (9, 3195, 57.404154545454546, 128, 63.14457);
INSERT INTO supply(goods_id, building_id, max_supply, current_output, level) VALUES (10, 3195, 57.404154545454546, 128, 63.14457);
INSERT INTO supply(goods_id, building_id, max_supply, current_output, level) VALUES (12, 3195, 57.404154545454546, 128, 63.14457);
INSERT INTO supply(goods_id, building_id, max_supply, current_output, level) VALUES (13, 3195, 57.404154545454546, 128, 63.14457);
INSERT INTO supply(goods_id, building_id, max_supply, current_output, level) VALUES (15, 3195, 57.404154545454546, 128, 63.14457);
INSERT INTO supply(goods_id, building_id, max_supply, current_output, level) VALUES (38, 3195, 80.36581818181817, 128, 88.4024);
INSERT INTO building(id, name, level) VALUES (3196, "building_subsistence_farmslevel", 173);
INSERT INTO supply(goods_id, building_id, max_supply, current_output, level) VALUES (7, 3196, 360.164375, 173, 432.19725);
INSERT INTO supply(goods_id, building_id, max_supply, current_output, level) VALUES (9, 3196, 72.032875, 173, 86.43945);
INSERT INTO supply(goods_id, building_id, max_supply, current_output, level) VALUES (10, 3196, 72.032875, 173, 86.43945);
INSERT INTO supply(goods_id, building_id, max_supply, current_output, level) VALUES (12, 3196, 72.032875, 173, 86.43945);
INSERT INTO supply(goods_id, building_id, max_supply, current_output, level) VALUES (13, 3196, 72.032875, 173, 86.43945);
INSERT INTO supply(goods_id, building_id, max_supply, current_output, level) VALUES (15, 3196, 72.032875, 173, 86.43945);
INSERT INTO supply(goods_id, building_id, max_supply, current_output, level) VALUES (38, 3196, 100.84602500000001, 173, 121.01523);
INSERT INTO building(id, name, level) VALUES (3197, "building_subsistence_farmslevel", 102);
INSERT INTO supply(goods_id, building_id, max_supply, current_output, level) VALUES (7, 3197, 254.99999999999997, 102, 280.5);
INSERT INTO supply(goods_id, building_id, max_supply, current_output, level) VALUES (9, 3197, 51.0, 102, 56.1);
INSERT INTO supply(goods_id, building_id, max_supply, current_output, level) VALUES (10, 3197, 51.0, 102, 56.1);
INSERT INTO supply(goods_id, building_id, max_supply, current_output, level) VALUES (12, 3197, 51.0, 102, 56.1);
INSERT INTO supply(goods_id, building_id, max_supply, current_output, level) VALUES (13, 3197, 51.0, 102, 56.1);
INSERT INTO supply(goods_id, building_id, max_supply, current_output, level) VALUES (15, 3197, 51.0, 102, 56.1);
INSERT INTO supply(goods_id, building_id, max_supply, current_output, level) VALUES (38, 3197, 71.4, 102, 78.54);
INSERT INTO building(id, name, level) VALUES (3198, "building_urban_centerlevel", 1);
INSERT INTO demand(goods_id, building_id, max_demand, current_input, level) VALUES (10, 3198, 5.0, 1, 0.4467601514340695);
INSERT INTO demand(goods_id, building_id, max_demand, current_input, level) VALUES (23, 3198, 10.0, 1, 1.2240065765229375);
INSERT INTO demand(goods_id, building_id, max_demand, current_input, level) VALUES (31, 3198, 5.0, 1, 0.10304900478891522);
INSERT INTO supply(goods_id, building_id, max_supply, current_output, level) VALUES (15, 3198, 70.0, 1, 5.4217914075941165);
INSERT INTO building(id, name, level) VALUES (3243, "building_subsistence_farmslevel", 6);
INSERT INTO supply(goods_id, building_id, max_supply, current_output, level) VALUES (7, 3243, 3.7444454545454544, 6, 4.11889);
INSERT INTO supply(goods_id, building_id, max_supply, current_output, level) VALUES (9, 3243, 0.7488818181818181, 6, 0.82377);
INSERT INTO supply(goods_id, building_id, max_supply, current_output, level) VALUES (10, 3243, 0.7488818181818181, 6, 0.82377);
INSERT INTO supply(goods_id, building_id, max_supply, current_output, level) VALUES (12, 3243, 0.7488818181818181, 6, 0.82377);
INSERT INTO supply(goods_id, building_id, max_supply, current_output, level) VALUES (13, 3243, 0.7488818181818181, 6, 0.82377);
INSERT INTO supply(goods_id, building_id, max_supply, current_output, level) VALUES (15, 3243, 0.7488818181818181, 6, 0.82377);
INSERT INTO supply(goods_id, building_id, max_supply, current_output, level) VALUES (38, 3243, 1.0484454545454545, 6, 1.15329);
INSERT INTO building(id, name, level) VALUES (3269, "building_subsistence_farmslevel", 8);
INSERT INTO supply(goods_id, building_id, max_supply, current_output, level) VALUES (7, 3269, 17.6284, 8, 19.39124);
INSERT INTO supply(goods_id, building_id, max_supply, current_output, level) VALUES (9, 3269, 3.525672727272727, 8, 3.87824);
INSERT INTO supply(goods_id, building_id, max_supply, current_output, level) VALUES (10, 3269, 3.525672727272727, 8, 3.87824);
INSERT INTO supply(goods_id, building_id, max_supply, current_output, level) VALUES (12, 3269, 3.525672727272727, 8, 3.87824);
INSERT INTO supply(goods_id, building_id, max_supply, current_output, level) VALUES (13, 3269, 3.525672727272727, 8, 3.87824);
INSERT INTO supply(goods_id, building_id, max_supply, current_output, level) VALUES (15, 3269, 3.525672727272727, 8, 3.87824);
INSERT INTO supply(goods_id, building_id, max_supply, current_output, level) VALUES (38, 3269, 4.935945454545454, 8, 5.42954);
INSERT INTO building(id, name, level) VALUES (3270, "building_subsistence_farmslevel", 8);
INSERT INTO supply(goods_id, building_id, max_supply, current_output, level) VALUES (7, 3270, 5.841399999999999, 8, 6.42554);
INSERT INTO supply(goods_id, building_id, max_supply, current_output, level) VALUES (9, 3270, 1.1682727272727271, 8, 1.2851);
INSERT INTO supply(goods_id, building_id, max_supply, current_output, level) VALUES (10, 3270, 1.1682727272727271, 8, 1.2851);
INSERT INTO supply(goods_id, building_id, max_supply, current_output, level) VALUES (12, 3270, 1.1682727272727271, 8, 1.2851);
INSERT INTO supply(goods_id, building_id, max_supply, current_output, level) VALUES (13, 3270, 1.1682727272727271, 8, 1.2851);
INSERT INTO supply(goods_id, building_id, max_supply, current_output, level) VALUES (15, 3270, 1.1682727272727271, 8, 1.2851);
INSERT INTO supply(goods_id, building_id, max_supply, current_output, level) VALUES (38, 3270, 1.6355909090909089, 8, 1.79915);
INSERT INTO building(id, name, level) VALUES (3273, "building_subsistence_farmslevel", 18);
INSERT INTO supply(goods_id, building_id, max_supply, current_output, level) VALUES (7, 3273, 26.588699999999996, 18, 29.24757);
INSERT INTO supply(goods_id, building_id, max_supply, current_output, level) VALUES (9, 3273, 5.317736363636364, 18, 5.84951);
INSERT INTO supply(goods_id, building_id, max_supply, current_output, level) VALUES (10, 3273, 5.317736363636364, 18, 5.84951);
INSERT INTO supply(goods_id, building_id, max_supply, current_output, level) VALUES (12, 3273, 5.317736363636364, 18, 5.84951);
INSERT INTO supply(goods_id, building_id, max_supply, current_output, level) VALUES (13, 3273, 5.317736363636364, 18, 5.84951);
INSERT INTO supply(goods_id, building_id, max_supply, current_output, level) VALUES (15, 3273, 5.317736363636364, 18, 5.84951);
INSERT INTO supply(goods_id, building_id, max_supply, current_output, level) VALUES (38, 3273, 7.444827272727273, 18, 8.18931);
INSERT INTO building(id, name, level) VALUES (3274, "building_subsistence_farmslevel", 27);
INSERT INTO supply(goods_id, building_id, max_supply, current_output, level) VALUES (7, 3274, 39.38017272727272, 27, 43.31819);
INSERT INTO supply(goods_id, building_id, max_supply, current_output, level) VALUES (9, 3274, 7.8760272727272715, 27, 8.66363);
INSERT INTO supply(goods_id, building_id, max_supply, current_output, level) VALUES (10, 3274, 7.8760272727272715, 27, 8.66363);
INSERT INTO supply(goods_id, building_id, max_supply, current_output, level) VALUES (12, 3274, 7.8760272727272715, 27, 8.66363);
INSERT INTO supply(goods_id, building_id, max_supply, current_output, level) VALUES (13, 3274, 7.8760272727272715, 27, 8.66363);
INSERT INTO supply(goods_id, building_id, max_supply, current_output, level) VALUES (15, 3274, 7.8760272727272715, 27, 8.66363);
INSERT INTO supply(goods_id, building_id, max_supply, current_output, level) VALUES (38, 3274, 11.026445454545453, 27, 12.12909);
INSERT INTO building(id, name, level) VALUES (16780574, "building_steel_millslevel", 1);
INSERT INTO demand(goods_id, building_id, max_demand, current_input, level) VALUES (23, 16780574, 29.999999999999996, 1, 3.672019729568812);
INSERT INTO demand(goods_id, building_id, max_demand, current_input, level) VALUES (24, 16780574, 59.99999999999999, 1, 7.2256536464314625);
INSERT INTO supply(goods_id, building_id, max_supply, current_output, level) VALUES (30, 16780574, 89.99999999999999, 1, 10.927269829176815);
INSERT INTO building(id, name, level) VALUES (3369, "building_subsistence_farmslevel", 4);
INSERT INTO supply(goods_id, building_id, max_supply, current_output, level) VALUES (7, 3369, 8.126499999999998, 4, 8.93915);
INSERT INTO supply(goods_id, building_id, max_supply, current_output, level) VALUES (9, 3369, 1.6253, 4, 1.78783);
INSERT INTO supply(goods_id, building_id, max_supply, current_output, level) VALUES (10, 3369, 1.6253, 4, 1.78783);
INSERT INTO supply(goods_id, building_id, max_supply, current_output, level) VALUES (12, 3369, 1.6253, 4, 1.78783);
INSERT INTO supply(goods_id, building_id, max_supply, current_output, level) VALUES (13, 3369, 1.6253, 4, 1.78783);
INSERT INTO supply(goods_id, building_id, max_supply, current_output, level) VALUES (15, 3369, 1.6253, 4, 1.78783);
INSERT INTO supply(goods_id, building_id, max_supply, current_output, level) VALUES (38, 3369, 2.2754181818181816, 4, 2.50296);
INSERT INTO building(id, name, level) VALUES (67112257, "building_steel_millslevel", 2);
INSERT INTO demand(goods_id, building_id, max_demand, current_input, level) VALUES (23, 67112257, 59.99999999999999, 2, 7.344039459137624);
INSERT INTO demand(goods_id, building_id, max_demand, current_input, level) VALUES (24, 67112257, 119.99999999999999, 2, 14.451307292862925);
INSERT INTO supply(goods_id, building_id, max_supply, current_output, level) VALUES (30, 67112257, 180.0, 2, 21.854539658353634);
INSERT INTO building(id, name, level) VALUES (3503, "building_subsistence_orchardslevel", 21);
INSERT INTO supply(goods_id, building_id, max_supply, current_output, level) VALUES (7, 3503, 10.5, 21, 11.55);
INSERT INTO supply(goods_id, building_id, max_supply, current_output, level) VALUES (9, 3503, 5.25, 21, 5.775);
INSERT INTO supply(goods_id, building_id, max_supply, current_output, level) VALUES (10, 3503, 15.749999999999998, 21, 17.325);
INSERT INTO supply(goods_id, building_id, max_supply, current_output, level) VALUES (12, 3503, 10.5, 21, 11.55);
INSERT INTO supply(goods_id, building_id, max_supply, current_output, level) VALUES (13, 3503, 10.5, 21, 11.55);
INSERT INTO supply(goods_id, building_id, max_supply, current_output, level) VALUES (15, 3503, 10.5, 21, 11.55);
INSERT INTO supply(goods_id, building_id, max_supply, current_output, level) VALUES (37, 3503, 27.929999999999996, 21, 30.723);
INSERT INTO supply(goods_id, building_id, max_supply, current_output, level) VALUES (38, 3503, 14.700000000000001, 21, 16.17);
INSERT INTO building(id, name, level) VALUES (134221549, "building_paper_millslevel", 1);
INSERT INTO demand(goods_id, building_id, max_demand, current_input, level) VALUES (10, 134221549, 29.999999999999996, 1, 2.680560908604417);
INSERT INTO demand(goods_id, building_id, max_demand, current_input, level) VALUES (21, 134221549, 10.0, 1, 0.0);
INSERT INTO demand(goods_id, building_id, max_demand, current_input, level) VALUES (22, 134221549, 10.0, 1, 1.189292661993811);
INSERT INTO supply(goods_id, building_id, max_supply, current_output, level) VALUES (14, 134221549, 99.99999999999999, 1, 6.942709882873165);
INSERT INTO building(id, name, level) VALUES (3839, "building_subsistence_orchardslevel", 8);
INSERT INTO supply(goods_id, building_id, max_supply, current_output, level) VALUES (7, 3839, 1.7238727272727272, 8, 1.89626);
INSERT INTO supply(goods_id, building_id, max_supply, current_output, level) VALUES (9, 3839, 0.8619363636363636, 8, 0.94813);
INSERT INTO supply(goods_id, building_id, max_supply, current_output, level) VALUES (10, 3839, 2.5858181818181816, 8, 2.8444);
INSERT INTO supply(goods_id, building_id, max_supply, current_output, level) VALUES (12, 3839, 1.7238727272727272, 8, 1.89626);
INSERT INTO supply(goods_id, building_id, max_supply, current_output, level) VALUES (13, 3839, 1.7238727272727272, 8, 1.89626);
INSERT INTO supply(goods_id, building_id, max_supply, current_output, level) VALUES (15, 3839, 1.7238727272727272, 8, 1.89626);
INSERT INTO supply(goods_id, building_id, max_supply, current_output, level) VALUES (37, 3839, 4.585518181818181, 8, 5.04407);
INSERT INTO supply(goods_id, building_id, max_supply, current_output, level) VALUES (38, 3839, 2.4134272727272728, 8, 2.65477);
INSERT INTO building(id, name, level) VALUES (3856, "building_subsistence_farmslevel", 90);
INSERT INTO supply(goods_id, building_id, max_supply, current_output, level) VALUES (7, 3856, 216.63899999999998, 90, 238.3029);
INSERT INTO supply(goods_id, building_id, max_supply, current_output, level) VALUES (9, 3856, 43.327799999999996, 90, 47.66058);
INSERT INTO supply(goods_id, building_id, max_supply, current_output, level) VALUES (10, 3856, 43.327799999999996, 90, 47.66058);
INSERT INTO supply(goods_id, building_id, max_supply, current_output, level) VALUES (12, 3856, 43.327799999999996, 90, 47.66058);
INSERT INTO supply(goods_id, building_id, max_supply, current_output, level) VALUES (13, 3856, 43.327799999999996, 90, 47.66058);
INSERT INTO supply(goods_id, building_id, max_supply, current_output, level) VALUES (15, 3856, 43.327799999999996, 90, 47.66058);
INSERT INTO supply(goods_id, building_id, max_supply, current_output, level) VALUES (38, 3856, 60.65891818181818, 90, 66.72481);
INSERT INTO building(id, name, level) VALUES (3861, "building_trade_centerlevel", 159);
INSERT INTO building(id, name, level) VALUES (16781082, "building_tooling_workshopslevel", 1);
INSERT INTO demand(goods_id, building_id, max_demand, current_input, level) VALUES (10, 16781082, 29.999999999999996, 1, 2.680560908604417);
INSERT INTO demand(goods_id, building_id, max_demand, current_input, level) VALUES (30, 16781082, 20.0, 1, 1.8993363072136946);
INSERT INTO supply(goods_id, building_id, max_supply, current_output, level) VALUES (33, 16781082, 80.0, 1, 7.372753825899945);
INSERT INTO building(id, name, level) VALUES (50335551, "building_tooling_workshopslevel", 2);
INSERT INTO demand(goods_id, building_id, max_demand, current_input, level) VALUES (10, 50335551, 59.99999999999999, 2, 5.361121817208834);
INSERT INTO demand(goods_id, building_id, max_demand, current_input, level) VALUES (30, 50335551, 39.99999999999999, 2, 3.798672614427389);
INSERT INTO supply(goods_id, building_id, max_supply, current_output, level) VALUES (33, 50335551, 159.99999999999997, 2, 14.745507651799889);
INSERT INTO building(id, name, level) VALUES (16781143, "building_subsistence_pastureslevel", 10);
INSERT INTO supply(goods_id, building_id, max_supply, current_output, level) VALUES (7, 16781143, 0.0032999999999999995, 10, 0.00363);
INSERT INTO supply(goods_id, building_id, max_supply, current_output, level) VALUES (9, 16781143, 0.004945454545454545, 10, 0.00544);
INSERT INTO supply(goods_id, building_id, max_supply, current_output, level) VALUES (10, 16781143, 0.0016454545454545452, 10, 0.00181);
INSERT INTO supply(goods_id, building_id, max_supply, current_output, level) VALUES (12, 16781143, 0.0032999999999999995, 10, 0.00363);
INSERT INTO supply(goods_id, building_id, max_supply, current_output, level) VALUES (13, 16781143, 0.0032999999999999995, 10, 0.00363);
INSERT INTO supply(goods_id, building_id, max_supply, current_output, level) VALUES (15, 16781143, 0.0032999999999999995, 10, 0.00363);
INSERT INTO supply(goods_id, building_id, max_supply, current_output, level) VALUES (36, 16781143, 0.008772727272727272, 10, 0.00965);
INSERT INTO supply(goods_id, building_id, max_supply, current_output, level) VALUES (38, 16781143, 0.004618181818181818, 10, 0.00508);
INSERT INTO building(id, name, level) VALUES (3934, "building_conscription_centerlevel", 24);
INSERT INTO building(id, name, level) VALUES (3935, "building_conscription_centerlevel", 16);
INSERT INTO building(id, name, level) VALUES (16781180, "building_construction_sectorlevel", 1);
INSERT INTO demand(goods_id, building_id, max_demand, current_input, level) VALUES (9, 16781180, 12.56313043478261, 1, 2.0855814253828866);
INSERT INTO demand(goods_id, building_id, max_demand, current_input, level) VALUES (10, 16781180, 25.12626086956522, 1, 2.245082422211778);
INSERT INTO demand(goods_id, building_id, max_demand, current_input, level) VALUES (24, 16781180, 31.407826086956526, 1, 3.782367884861711);
INSERT INTO demand(goods_id, building_id, max_demand, current_input, level) VALUES (33, 16781180, 6.281565217391305, 1, 0.932142012821285);
INSERT INTO building(id, name, level) VALUES (16781266, "building_subsistence_fishing_villageslevel", 8);
INSERT INTO supply(goods_id, building_id, max_supply, current_output, level) VALUES (7, 16781266, 0.0042, 8, 0.00462);
INSERT INTO supply(goods_id, building_id, max_supply, current_output, level) VALUES (8, 16781266, 0.0168, 8, 0.01848);
INSERT INTO supply(goods_id, building_id, max_supply, current_output, level) VALUES (9, 16781266, 0.0021, 8, 0.00231);
INSERT INTO supply(goods_id, building_id, max_supply, current_output, level) VALUES (10, 16781266, 0.0063, 8, 0.00693);
INSERT INTO supply(goods_id, building_id, max_supply, current_output, level) VALUES (12, 16781266, 0.0042, 8, 0.00462);
INSERT INTO supply(goods_id, building_id, max_supply, current_output, level) VALUES (13, 16781266, 0.0042, 8, 0.00462);
INSERT INTO supply(goods_id, building_id, max_supply, current_output, level) VALUES (15, 16781266, 0.0042, 8, 0.00462);
INSERT INTO supply(goods_id, building_id, max_supply, current_output, level) VALUES (38, 16781266, 0.005872727272727272, 8, 0.00646);
INSERT INTO building(id, name, level) VALUES (4130, "building_conscription_centerlevel", 7);
INSERT INTO building(id, name, level) VALUES (4131, "building_conscription_centerlevel", 16);
INSERT INTO building(id, name, level) VALUES (4132, "building_conscription_centerlevel", 3);
INSERT INTO building(id, name, level) VALUES (4133, "building_conscription_centerlevel", 21);
INSERT INTO building(id, name, level) VALUES (4134, "building_conscription_centerlevel", 12);
INSERT INTO building(id, name, level) VALUES (4135, "building_conscription_centerlevel", 15);
INSERT INTO building(id, name, level) VALUES (4136, "building_conscription_centerlevel", 12);
INSERT INTO building(id, name, level) VALUES (4137, "building_conscription_centerlevel", 17);
INSERT INTO building(id, name, level) VALUES (4138, "building_conscription_centerlevel", 15);
INSERT INTO building(id, name, level) VALUES (4139, "building_conscription_centerlevel", 12);
INSERT INTO building(id, name, level) VALUES (4175, "building_conscription_centerlevel", 2);
INSERT INTO building(id, name, level) VALUES (4546, "building_conscription_centerlevel", 9);
INSERT INTO building(id, name, level) VALUES (33558985, "building_arms_industrylevel", 1);
INSERT INTO demand(goods_id, building_id, max_demand, current_input, level) VALUES (24, 33558985, 9.8357, 1, 1.1844893595034323);
INSERT INTO demand(goods_id, building_id, max_demand, current_input, level) VALUES (26, 33558985, 9.8357, 1, 0.047272133328540106);
INSERT INTO demand(goods_id, building_id, max_demand, current_input, level) VALUES (30, 33558985, 9.8357, 1, 0.9340651058430868);
INSERT INTO demand(goods_id, building_id, max_demand, current_input, level) VALUES (33, 33558985, 4.917845454545454, 1, 0.7297751757877583);
INSERT INTO supply(goods_id, building_id, max_supply, current_output, level) VALUES (1, 33558985, 24.589245454545452, 1, 2.265861018193577);
INSERT INTO supply(goods_id, building_id, max_supply, current_output, level) VALUES (2, 33558985, 14.753545454545453, 1, 1.3595164433734976);
INSERT INTO building(id, name, level) VALUES (50336210, "building_subsistence_fishing_villageslevel", 8);
INSERT INTO supply(goods_id, building_id, max_supply, current_output, level) VALUES (7, 50336210, 0.0036, 8, 0.00396);
INSERT INTO supply(goods_id, building_id, max_supply, current_output, level) VALUES (8, 50336210, 0.0144, 8, 0.01584);
INSERT INTO supply(goods_id, building_id, max_supply, current_output, level) VALUES (9, 50336210, 0.0018, 8, 0.00198);
INSERT INTO supply(goods_id, building_id, max_supply, current_output, level) VALUES (10, 50336210, 0.005399999999999999, 8, 0.00594);
INSERT INTO supply(goods_id, building_id, max_supply, current_output, level) VALUES (12, 50336210, 0.0036, 8, 0.00396);
INSERT INTO supply(goods_id, building_id, max_supply, current_output, level) VALUES (13, 50336210, 0.0036, 8, 0.00396);
INSERT INTO supply(goods_id, building_id, max_supply, current_output, level) VALUES (15, 50336210, 0.0036, 8, 0.00396);
INSERT INTO supply(goods_id, building_id, max_supply, current_output, level) VALUES (38, 50336210, 0.005036363636363636, 8, 0.00554);
INSERT INTO building(id, name, level) VALUES (16781802, "building_tooling_workshopslevel", 4);
INSERT INTO demand(goods_id, building_id, max_demand, current_input, level) VALUES (10, 16781802, 102.00000000000001, 4, 9.11390708925502);
INSERT INTO demand(goods_id, building_id, max_demand, current_input, level) VALUES (30, 16781802, 68.00000000000001, 4, 6.457743444526564);
INSERT INTO supply(goods_id, building_id, max_supply, current_output, level) VALUES (33, 16781802, 272.00000000000006, 4, 25.067363008059825);
INSERT INTO building(id, name, level) VALUES (134222452, "building_sulfur_minelevel", 1);
INSERT INTO demand(goods_id, building_id, max_demand, current_input, level) VALUES (23, 134222452, 8.81715, 1, 1.0792249586189218);
INSERT INTO demand(goods_id, building_id, max_demand, current_input, level) VALUES (33, 134222452, 8.81715, 1, 1.3084057339072608);
INSERT INTO supply(goods_id, building_id, max_supply, current_output, level) VALUES (22, 134222452, 35.2686, 1, 4.7752613850523655);
INSERT INTO building(id, name, level) VALUES (4748, "building_subsistence_farmslevel", 16);
INSERT INTO supply(goods_id, building_id, max_supply, current_output, level) VALUES (7, 4748, 22.214399999999998, 16, 24.43584);
INSERT INTO supply(goods_id, building_id, max_supply, current_output, level) VALUES (9, 4748, 4.442872727272727, 16, 4.88716);
INSERT INTO supply(goods_id, building_id, max_supply, current_output, level) VALUES (10, 4748, 4.442872727272727, 16, 4.88716);
INSERT INTO supply(goods_id, building_id, max_supply, current_output, level) VALUES (12, 4748, 4.442872727272727, 16, 4.88716);
INSERT INTO supply(goods_id, building_id, max_supply, current_output, level) VALUES (13, 4748, 4.442872727272727, 16, 4.88716);
INSERT INTO supply(goods_id, building_id, max_supply, current_output, level) VALUES (15, 4748, 4.442872727272727, 16, 4.88716);
INSERT INTO supply(goods_id, building_id, max_supply, current_output, level) VALUES (38, 4748, 6.220027272727273, 16, 6.84203);
INSERT INTO building(id, name, level) VALUES (50336496, "building_portlevel", 1);
INSERT INTO demand(goods_id, building_id, max_demand, current_input, level) VALUES (18, 50336496, 5.0, 1, 0.8637482536117781);
INSERT INTO building(id, name, level) VALUES (4913, "building_portlevel", 4);
INSERT INTO building(id, name, level) VALUES (4917, "building_subsistence_farmslevel", 142);
INSERT INTO supply(goods_id, building_id, max_supply, current_output, level) VALUES (7, 4917, 312.4035454545454, 142, 343.6439);
INSERT INTO supply(goods_id, building_id, max_supply, current_output, level) VALUES (9, 4917, 62.48070909090909, 142, 68.72878);
INSERT INTO supply(goods_id, building_id, max_supply, current_output, level) VALUES (10, 4917, 62.48070909090909, 142, 68.72878);
INSERT INTO supply(goods_id, building_id, max_supply, current_output, level) VALUES (12, 4917, 62.48070909090909, 142, 68.72878);
INSERT INTO supply(goods_id, building_id, max_supply, current_output, level) VALUES (13, 4917, 62.48070909090909, 142, 68.72878);
INSERT INTO supply(goods_id, building_id, max_supply, current_output, level) VALUES (15, 4917, 62.48070909090909, 142, 68.72878);
INSERT INTO supply(goods_id, building_id, max_supply, current_output, level) VALUES (38, 4917, 87.47299090909091, 142, 96.22029);
INSERT INTO building(id, name, level) VALUES (4918, "building_paper_millslevel", 2);
INSERT INTO demand(goods_id, building_id, max_demand, current_input, level) VALUES (10, 4918, 59.99999999999999, 2, 5.361121817208834);
INSERT INTO demand(goods_id, building_id, max_demand, current_input, level) VALUES (21, 4918, 19.999999999999996, 2, 0.0);
INSERT INTO demand(goods_id, building_id, max_demand, current_input, level) VALUES (22, 4918, 19.999999999999996, 2, 2.378585323987622);
INSERT INTO supply(goods_id, building_id, max_supply, current_output, level) VALUES (14, 4918, 199.99999999999997, 2, 13.885419765746333);
INSERT INTO building(id, name, level) VALUES (4919, "building_tea_plantationlevel", 2);
INSERT INTO supply(goods_id, building_id, max_supply, current_output, level) VALUES (40, 4919, 39.37239603960396, 2, 39.76612);
INSERT INTO building(id, name, level) VALUES (4920, "building_barrackslevel", 1);
INSERT INTO demand(goods_id, building_id, max_demand, current_input, level) VALUES (0, 4920, 1.0, 1, 0.09151080154767231);
INSERT INTO demand(goods_id, building_id, max_demand, current_input, level) VALUES (1, 4920, 1.0, 1, 0.17172414364568278);
INSERT INTO demand(goods_id, building_id, max_demand, current_input, level) VALUES (2, 4920, 1.0, 1, 0.11481585127561104);
INSERT INTO building(id, name, level) VALUES (4921, "building_conscription_centerlevel", 14);
INSERT INTO building(id, name, level) VALUES (4923, "building_fishing_wharflevel", 1);
INSERT INTO demand(goods_id, building_id, max_demand, current_input, level) VALUES (18, 4923, 4.25, 1, 0.7341860155700113);
INSERT INTO supply(goods_id, building_id, max_supply, current_output, level) VALUES (8, 4923, 42.5, 1, 7.341860155700113);
INSERT INTO building(id, name, level) VALUES (4924, "building_portlevel", 1);
INSERT INTO demand(goods_id, building_id, max_demand, current_input, level) VALUES (18, 4924, 5.0, 1, 0.8637482536117781);
INSERT INTO building(id, name, level) VALUES (4990, "building_shipyardslevel", 3);
INSERT INTO demand(goods_id, building_id, max_demand, current_input, level) VALUES (9, 4990, 24.78659821428571, 3, 4.1147760984014194);
INSERT INTO demand(goods_id, building_id, max_demand, current_input, level) VALUES (10, 4990, 49.57319642857142, 3, 4.429465748699888);
INSERT INTO demand(goods_id, building_id, max_demand, current_input, level) VALUES (26, 4990, 24.78659821428571, 3, 0.11912882413520831);
INSERT INTO demand(goods_id, building_id, max_demand, current_input, level) VALUES (29, 4990, 12.39329464285714, 3, 1.0342837673858487);
INSERT INTO supply(goods_id, building_id, max_supply, current_output, level) VALUES (18, 4990, 86.75309821428571, 3, 7.452555700700084);
INSERT INTO building(id, name, level) VALUES (50336653, "building_tooling_workshopslevel", 1);
INSERT INTO demand(goods_id, building_id, max_demand, current_input, level) VALUES (10, 50336653, 29.999999999999996, 1, 2.680560908604417);
INSERT INTO demand(goods_id, building_id, max_demand, current_input, level) VALUES (23, 50336653, 10.0, 1, 1.2240065765229375);
INSERT INTO demand(goods_id, building_id, max_demand, current_input, level) VALUES (30, 50336653, 20.0, 1, 1.8993363072136946);
INSERT INTO supply(goods_id, building_id, max_supply, current_output, level) VALUES (33, 50336653, 80.0, 1, 8.179186754661131);
INSERT INTO building(id, name, level) VALUES (50336678, "building_shipyardslevel", 1);
INSERT INTO demand(goods_id, building_id, max_demand, current_input, level) VALUES (9, 50336678, 9.8782, 1, 1.6398612227394038);
INSERT INTO demand(goods_id, building_id, max_demand, current_input, level) VALUES (10, 50336678, 19.7564, 1, 1.7652744511584102);
INSERT INTO demand(goods_id, building_id, max_demand, current_input, level) VALUES (26, 50336678, 9.8782, 1, 0.04747639592972386);
INSERT INTO demand(goods_id, building_id, max_demand, current_input, level) VALUES (29, 50336678, 4.9391, 1, 0.41219313368295346);
INSERT INTO supply(goods_id, building_id, max_supply, current_output, level) VALUES (18, 50336678, 34.573699999999995, 1, 2.9700659726624594);
INSERT INTO building(id, name, level) VALUES (50336702, "building_tooling_workshopslevel", 1);
INSERT INTO demand(goods_id, building_id, max_demand, current_input, level) VALUES (10, 50336702, 30.0, 1, 2.6805609086044173);
INSERT INTO demand(goods_id, building_id, max_demand, current_input, level) VALUES (23, 50336702, 10.0, 1, 1.2240065765229375);
INSERT INTO demand(goods_id, building_id, max_demand, current_input, level) VALUES (30, 50336702, 20.0, 1, 1.8993363072136946);
INSERT INTO supply(goods_id, building_id, max_supply, current_output, level) VALUES (33, 50336702, 80.0, 1, 8.179186754661131);
INSERT INTO building(id, name, level) VALUES (33559524, "building_urban_centerlevel", 1);
INSERT INTO demand(goods_id, building_id, max_demand, current_input, level) VALUES (10, 33559524, 0.5, 1, 0.04467601514340695);
INSERT INTO demand(goods_id, building_id, max_demand, current_input, level) VALUES (23, 33559524, 1.0, 1, 0.12240065765229376);
INSERT INTO demand(goods_id, building_id, max_demand, current_input, level) VALUES (31, 33559524, 0.5, 1, 0.010304900478891522);
INSERT INTO supply(goods_id, building_id, max_supply, current_output, level) VALUES (15, 33559524, 7.0, 1, 0.5421791407594116);
INSERT INTO building(id, name, level) VALUES (50336763, "building_construction_sectorlevel", 2);
INSERT INTO demand(goods_id, building_id, max_demand, current_input, level) VALUES (9, 50336763, 25.12626086956522, 2, 4.171162850765773);
INSERT INTO demand(goods_id, building_id, max_demand, current_input, level) VALUES (10, 50336763, 50.25252173913044, 2, 4.490164844423556);
INSERT INTO demand(goods_id, building_id, max_demand, current_input, level) VALUES (24, 50336763, 62.81565217391305, 2, 7.564735769723422);
INSERT INTO demand(goods_id, building_id, max_demand, current_input, level) VALUES (33, 50336763, 12.56313043478261, 2, 1.86428402564257);
INSERT INTO building(id, name, level) VALUES (16782332, "building_construction_sectorlevel", 3);
INSERT INTO demand(goods_id, building_id, max_demand, current_input, level) VALUES (9, 16782332, 37.68956521739131, 3, 6.256773147122738);
INSERT INTO demand(goods_id, building_id, max_demand, current_input, level) VALUES (10, 16782332, 75.37913043478262, 3, 6.735278345602393);
INSERT INTO demand(goods_id, building_id, max_demand, current_input, level) VALUES (24, 16782332, 94.22391304347828, 3, 11.347156014394164);
INSERT INTO demand(goods_id, building_id, max_demand, current_input, level) VALUES (33, 16782332, 18.844782608695656, 3, 2.7964389422265956);
INSERT INTO building(id, name, level) VALUES (16782351, "building_construction_sectorlevel", 1);
INSERT INTO demand(goods_id, building_id, max_demand, current_input, level) VALUES (9, 16782351, 12.56313043478261, 1, 2.0855814253828866);
INSERT INTO demand(goods_id, building_id, max_demand, current_input, level) VALUES (10, 16782351, 25.12626086956522, 1, 2.245082422211778);
INSERT INTO demand(goods_id, building_id, max_demand, current_input, level) VALUES (24, 16782351, 31.407826086956526, 1, 3.782367884861711);
INSERT INTO demand(goods_id, building_id, max_demand, current_input, level) VALUES (33, 16782351, 6.281565217391305, 1, 0.932142012821285);
INSERT INTO building(id, name, level) VALUES (16782367, "building_construction_sectorlevel", 2);
INSERT INTO demand(goods_id, building_id, max_demand, current_input, level) VALUES (9, 16782367, 25.12626086956522, 2, 4.171162850765773);
INSERT INTO demand(goods_id, building_id, max_demand, current_input, level) VALUES (10, 16782367, 50.25252173913044, 2, 4.490164844423556);
INSERT INTO demand(goods_id, building_id, max_demand, current_input, level) VALUES (24, 16782367, 62.81565217391305, 2, 7.564735769723422);
INSERT INTO demand(goods_id, building_id, max_demand, current_input, level) VALUES (33, 16782367, 12.56313043478261, 2, 1.86428402564257);
INSERT INTO building(id, name, level) VALUES (5157, "building_construction_sectorlevel", 1);
INSERT INTO demand(goods_id, building_id, max_demand, current_input, level) VALUES (9, 5157, 12.56313043478261, 1, 2.0855814253828866);
INSERT INTO demand(goods_id, building_id, max_demand, current_input, level) VALUES (10, 5157, 25.12626086956522, 1, 2.245082422211778);
INSERT INTO demand(goods_id, building_id, max_demand, current_input, level) VALUES (24, 5157, 31.407826086956526, 1, 3.782367884861711);
INSERT INTO demand(goods_id, building_id, max_demand, current_input, level) VALUES (33, 5157, 6.281565217391305, 1, 0.932142012821285);
INSERT INTO building(id, name, level) VALUES (16782439, "building_subsistence_farmslevel", 54);
INSERT INTO supply(goods_id, building_id, max_supply, current_output, level) VALUES (7, 16782439, 132.85079999999996, 54, 146.13588);
INSERT INTO supply(goods_id, building_id, max_supply, current_output, level) VALUES (9, 16782439, 26.570154545454542, 54, 29.22717);
INSERT INTO supply(goods_id, building_id, max_supply, current_output, level) VALUES (10, 16782439, 26.570154545454542, 54, 29.22717);
INSERT INTO supply(goods_id, building_id, max_supply, current_output, level) VALUES (12, 16782439, 26.570154545454542, 54, 29.22717);
INSERT INTO supply(goods_id, building_id, max_supply, current_output, level) VALUES (13, 16782439, 26.570154545454542, 54, 29.22717);
INSERT INTO supply(goods_id, building_id, max_supply, current_output, level) VALUES (15, 16782439, 26.570154545454542, 54, 29.22717);
INSERT INTO supply(goods_id, building_id, max_supply, current_output, level) VALUES (38, 16782439, 37.19821818181818, 54, 40.91804);
INSERT INTO building(id, name, level) VALUES (5230, "building_portlevel", 4);
INSERT INTO demand(goods_id, building_id, max_demand, current_input, level) VALUES (18, 5230, 20.0, 4, 3.4549930144471124);
INSERT INTO building(id, name, level) VALUES (50336891, "building_shipyardslevel", 1);
INSERT INTO demand(goods_id, building_id, max_demand, current_input, level) VALUES (9, 50336891, 20.0, 1, 3.3201620188686274);
INSERT INTO demand(goods_id, building_id, max_demand, current_input, level) VALUES (10, 50336891, 40.0, 1, 3.574081211472556);
INSERT INTO demand(goods_id, building_id, max_demand, current_input, level) VALUES (26, 50336891, 20.0, 1, 0.09612357702764442);
INSERT INTO demand(goods_id, building_id, max_demand, current_input, level) VALUES (29, 50336891, 10.0, 1, 0.834551099760996);
INSERT INTO supply(goods_id, building_id, max_supply, current_output, level) VALUES (5, 50336891, 24.999999999999996, 1, 2.147633875360794);
INSERT INTO supply(goods_id, building_id, max_supply, current_output, level) VALUES (18, 50336891, 44.99999999999999, 1, 3.8657409756494294);
INSERT INTO building(id, name, level) VALUES (16782460, "building_tooling_workshopslevel", 1);
INSERT INTO demand(goods_id, building_id, max_demand, current_input, level) VALUES (10, 16782460, 29.999999999999996, 1, 2.680560908604417);
INSERT INTO demand(goods_id, building_id, max_demand, current_input, level) VALUES (30, 16782460, 20.0, 1, 1.8993363072136946);
INSERT INTO supply(goods_id, building_id, max_supply, current_output, level) VALUES (33, 16782460, 80.0, 1, 7.372753825899945);
INSERT INTO building(id, name, level) VALUES (16782510, "building_tooling_workshopslevel", 1);
INSERT INTO demand(goods_id, building_id, max_demand, current_input, level) VALUES (10, 16782510, 29.999999999999996, 1, 2.680560908604417);
INSERT INTO demand(goods_id, building_id, max_demand, current_input, level) VALUES (30, 16782510, 20.0, 1, 1.8993363072136946);
INSERT INTO supply(goods_id, building_id, max_supply, current_output, level) VALUES (33, 16782510, 80.0, 1, 7.372753825899945);
INSERT INTO building(id, name, level) VALUES (33559743, "building_tooling_workshopslevel", 2);
INSERT INTO demand(goods_id, building_id, max_demand, current_input, level) VALUES (10, 33559743, 59.99999999999999, 2, 5.361121817208834);
INSERT INTO demand(goods_id, building_id, max_demand, current_input, level) VALUES (30, 33559743, 39.99999999999999, 2, 3.798672614427389);
INSERT INTO supply(goods_id, building_id, max_supply, current_output, level) VALUES (33, 33559743, 159.99999999999997, 2, 14.745507651799889);
INSERT INTO building(id, name, level) VALUES (5321, "building_tooling_workshopslevel", 2);
INSERT INTO demand(goods_id, building_id, max_demand, current_input, level) VALUES (10, 5321, 59.99999999999999, 2, 5.361121817208834);
INSERT INTO demand(goods_id, building_id, max_demand, current_input, level) VALUES (23, 5321, 19.999999999999996, 2, 2.4480131530458746);
INSERT INTO demand(goods_id, building_id, max_demand, current_input, level) VALUES (30, 5321, 39.99999999999999, 2, 3.798672614427389);
INSERT INTO supply(goods_id, building_id, max_supply, current_output, level) VALUES (33, 5321, 159.99999999999997, 2, 16.35837350932226);
INSERT INTO building(id, name, level) VALUES (67114230, "building_urban_centerlevel", 1);
INSERT INTO demand(goods_id, building_id, max_demand, current_input, level) VALUES (10, 67114230, 0.5, 1, 0.04467601514340695);
INSERT INTO demand(goods_id, building_id, max_demand, current_input, level) VALUES (23, 67114230, 1.0, 1, 0.12240065765229376);
INSERT INTO demand(goods_id, building_id, max_demand, current_input, level) VALUES (31, 67114230, 0.5, 1, 0.010304900478891522);
INSERT INTO supply(goods_id, building_id, max_supply, current_output, level) VALUES (15, 67114230, 7.0, 1, 0.5421791407594116);
INSERT INTO building(id, name, level) VALUES (67114249, "building_universitylevel", 6);
INSERT INTO demand(goods_id, building_id, max_demand, current_input, level) VALUES (14, 67114249, 30.0, 6, 3.2558797186497515);
INSERT INTO building(id, name, level) VALUES (16782610, "building_shipyardslevel", 5);
INSERT INTO demand(goods_id, building_id, max_demand, current_input, level) VALUES (9, 16782610, 99.21700000000001, 5, 16.470825751304435);
INSERT INTO demand(goods_id, building_id, max_demand, current_input, level) VALUES (10, 16782610, 198.43400000000003, 5, 17.730480777933632);
INSERT INTO demand(goods_id, building_id, max_demand, current_input, level) VALUES (26, 16782610, 99.21700000000001, 5, 0.4768546470975899);
INSERT INTO demand(goods_id, building_id, max_demand, current_input, level) VALUES (29, 16782610, 49.60850000000001, 5, 4.140082823249337);
INSERT INTO supply(goods_id, building_id, max_supply, current_output, level) VALUES (5, 16782610, 124.0212456140351, 5, 10.654089133805725);
INSERT INTO supply(goods_id, building_id, max_supply, current_output, level) VALUES (18, 16782610, 223.23824561403512, 5, 19.177360742272604);
INSERT INTO building(id, name, level) VALUES (33559880, "building_tooling_workshopslevel", 3);
INSERT INTO demand(goods_id, building_id, max_demand, current_input, level) VALUES (10, 33559880, 89.99999999999999, 3, 8.04168272581325);
INSERT INTO demand(goods_id, building_id, max_demand, current_input, level) VALUES (30, 33559880, 60.0, 3, 5.698008921641084);
INSERT INTO supply(goods_id, building_id, max_supply, current_output, level) VALUES (33, 33559880, 240.0, 3, 22.118261477699836);
INSERT INTO building(id, name, level) VALUES (16782719, "building_tooling_workshopslevel", 3);
INSERT INTO demand(goods_id, building_id, max_demand, current_input, level) VALUES (10, 16782719, 89.99999999999999, 3, 8.04168272581325);
INSERT INTO demand(goods_id, building_id, max_demand, current_input, level) VALUES (30, 16782719, 60.0, 3, 5.698008921641084);
INSERT INTO supply(goods_id, building_id, max_supply, current_output, level) VALUES (33, 16782719, 240.0, 3, 22.118261477699836);
INSERT INTO building(id, name, level) VALUES (83891590, "building_universitylevel", 2);
INSERT INTO demand(goods_id, building_id, max_demand, current_input, level) VALUES (14, 83891590, 10.0, 2, 1.085293239549917);
INSERT INTO building(id, name, level) VALUES (16782738, "building_tooling_workshopslevel", 1);
INSERT INTO demand(goods_id, building_id, max_demand, current_input, level) VALUES (10, 16782738, 29.999999999999996, 1, 2.680560908604417);
INSERT INTO demand(goods_id, building_id, max_demand, current_input, level) VALUES (30, 16782738, 20.0, 1, 1.8993363072136946);
INSERT INTO supply(goods_id, building_id, max_supply, current_output, level) VALUES (33, 16782738, 80.0, 1, 7.372753825899945);
INSERT INTO building(id, name, level) VALUES (16782754, "building_paper_millslevel", 2);
INSERT INTO demand(goods_id, building_id, max_demand, current_input, level) VALUES (10, 16782754, 59.99999999999999, 2, 5.361121817208834);
INSERT INTO demand(goods_id, building_id, max_demand, current_input, level) VALUES (21, 16782754, 19.999999999999996, 2, 0.0);
INSERT INTO demand(goods_id, building_id, max_demand, current_input, level) VALUES (22, 16782754, 19.999999999999996, 2, 2.378585323987622);
INSERT INTO supply(goods_id, building_id, max_supply, current_output, level) VALUES (14, 16782754, 199.99999999999997, 2, 13.885419765746333);
INSERT INTO building(id, name, level) VALUES (16782757, "building_shipyardslevel", 1);
INSERT INTO demand(goods_id, building_id, max_demand, current_input, level) VALUES (9, 16782757, 13.7694, 1, 2.285831945130484);
INSERT INTO demand(goods_id, building_id, max_demand, current_input, level) VALUES (10, 16782757, 27.5388, 1, 2.4606476916625106);
INSERT INTO demand(goods_id, building_id, max_demand, current_input, level) VALUES (26, 16782757, 13.7694, 1, 0.06617819907622235);
INSERT INTO demand(goods_id, building_id, max_demand, current_input, level) VALUES (29, 16782757, 6.8847, 1, 0.5745633956524527);
INSERT INTO supply(goods_id, building_id, max_supply, current_output, level) VALUES (18, 16782757, 48.192899999999995, 1, 4.140028183675008);
INSERT INTO building(id, name, level) VALUES (50337193, "building_conscription_centerlevel", 6);
INSERT INTO building(id, name, level) VALUES (50337196, "building_chemical_plantslevel", 1);
INSERT INTO demand(goods_id, building_id, max_demand, current_input, level) VALUES (22, 50337196, 44.99999999999999, 1, 5.351816978972149);
INSERT INTO demand(goods_id, building_id, max_demand, current_input, level) VALUES (23, 50337196, 14.999999999999998, 1, 1.836009864784406);
INSERT INTO demand(goods_id, building_id, max_demand, current_input, level) VALUES (24, 50337196, 10.0, 1, 1.2042756077385772);
INSERT INTO supply(goods_id, building_id, max_supply, current_output, level) VALUES (32, 50337196, 75.0, 1, 9.043937115638315);
INSERT INTO supply(goods_id, building_id, max_supply, current_output, level) VALUES (34, 50337196, 40.0, 1, 4.823433128340435);
INSERT INTO building(id, name, level) VALUES (16782819, "building_railwaylevel", 1);
INSERT INTO demand(goods_id, building_id, max_demand, current_input, level) VALUES (23, 16782819, 10.0, 1, 1.2240065765229375);
INSERT INTO demand(goods_id, building_id, max_demand, current_input, level) VALUES (29, 16782819, 10.0, 1, 0.834551099760996);
INSERT INTO supply(goods_id, building_id, max_supply, current_output, level) VALUES (16, 16782819, 50.0, 1, 5.146394190709834);
INSERT INTO building(id, name, level) VALUES (16782838, "building_tooling_workshopslevel", 4);
INSERT INTO demand(goods_id, building_id, max_demand, current_input, level) VALUES (10, 16782838, 120.0, 4, 10.72224363441767);
INSERT INTO demand(goods_id, building_id, max_demand, current_input, level) VALUES (30, 16782838, 80.00000000000001, 4, 7.597345228854779);
INSERT INTO supply(goods_id, building_id, max_supply, current_output, level) VALUES (33, 16782838, 320.00000000000006, 4, 29.491015303599784);
INSERT INTO building(id, name, level) VALUES (50337271, "building_subsistence_farmslevel", 4);
INSERT INTO supply(goods_id, building_id, max_supply, current_output, level) VALUES (7, 50337271, 9.880999999999998, 4, 10.8691);
INSERT INTO supply(goods_id, building_id, max_supply, current_output, level) VALUES (9, 50337271, 1.9762, 4, 2.17382);
INSERT INTO supply(goods_id, building_id, max_supply, current_output, level) VALUES (10, 50337271, 1.9762, 4, 2.17382);
INSERT INTO supply(goods_id, building_id, max_supply, current_output, level) VALUES (12, 50337271, 1.9762, 4, 2.17382);
INSERT INTO supply(goods_id, building_id, max_supply, current_output, level) VALUES (13, 50337271, 1.9762, 4, 2.17382);
INSERT INTO supply(goods_id, building_id, max_supply, current_output, level) VALUES (15, 50337271, 1.9762, 4, 2.17382);
INSERT INTO supply(goods_id, building_id, max_supply, current_output, level) VALUES (38, 50337271, 2.766672727272727, 4, 3.04334);
INSERT INTO building(id, name, level) VALUES (50337302, "building_motor_industrylevel", 1);
INSERT INTO demand(goods_id, building_id, max_demand, current_input, level) VALUES (30, 50337302, 29.999999999999996, 1, 2.8490044608205416);
INSERT INTO supply(goods_id, building_id, max_supply, current_output, level) VALUES (29, 50337302, 40.0, 1, 3.7986726144273892);
INSERT INTO building(id, name, level) VALUES (5663, "building_urban_centerlevel", 2);
INSERT INTO demand(goods_id, building_id, max_demand, current_input, level) VALUES (10, 5663, 10.0, 2, 0.893520302868139);
INSERT INTO demand(goods_id, building_id, max_demand, current_input, level) VALUES (23, 5663, 20.0, 2, 2.448013153045875);
INSERT INTO demand(goods_id, building_id, max_demand, current_input, level) VALUES (31, 5663, 10.0, 2, 0.20609800957783045);
INSERT INTO supply(goods_id, building_id, max_supply, current_output, level) VALUES (15, 5663, 140.0, 2, 10.843582815188233);
INSERT INTO building(id, name, level) VALUES (33560216, "building_coal_minelevel", 1);
INSERT INTO demand(goods_id, building_id, max_demand, current_input, level) VALUES (33, 33560216, 14.999999999999998, 1, 2.225899072671885);
INSERT INTO supply(goods_id, building_id, max_supply, current_output, level) VALUES (23, 33560216, 59.99999999999999, 1, 8.90359629068754);
INSERT INTO building(id, name, level) VALUES (16783043, "building_arms_industrylevel", 2);
INSERT INTO demand(goods_id, building_id, max_demand, current_input, level) VALUES (24, 16783043, 25.356396946564885, 2, 3.053609034288503);
INSERT INTO demand(goods_id, building_id, max_demand, current_input, level) VALUES (26, 16783043, 12.678198473282443, 2, 0.06093368937591644);
INSERT INTO supply(goods_id, building_id, max_supply, current_output, level) VALUES (1, 16783043, 19.017297709923664, 2, 1.1908036548901257);
INSERT INTO supply(goods_id, building_id, max_supply, current_output, level) VALUES (2, 16783043, 19.017297709923664, 2, 1.1908036548901257);
INSERT INTO building(id, name, level) VALUES (16783081, "building_tooling_workshopslevel", 4);
INSERT INTO demand(goods_id, building_id, max_demand, current_input, level) VALUES (10, 16783081, 120.0, 4, 10.72224363441767);
INSERT INTO demand(goods_id, building_id, max_demand, current_input, level) VALUES (30, 16783081, 80.00000000000001, 4, 7.597345228854779);
INSERT INTO supply(goods_id, building_id, max_supply, current_output, level) VALUES (33, 16783081, 320.00000000000006, 4, 29.491015303599784);
INSERT INTO building(id, name, level) VALUES (5866, "building_railwaylevel", 1);
INSERT INTO demand(goods_id, building_id, max_demand, current_input, level) VALUES (23, 5866, 10.0, 1, 1.2240065765229375);
INSERT INTO demand(goods_id, building_id, max_demand, current_input, level) VALUES (29, 5866, 10.0, 1, 0.834551099760996);
INSERT INTO supply(goods_id, building_id, max_supply, current_output, level) VALUES (16, 5866, 50.0, 1, 5.146394190709834);
INSERT INTO building(id, name, level) VALUES (5873, "building_arms_industrylevel", 1);
INSERT INTO demand(goods_id, building_id, max_demand, current_input, level) VALUES (24, 5873, 9.825, 1, 1.183200784603152);
INSERT INTO demand(goods_id, building_id, max_demand, current_input, level) VALUES (26, 5873, 9.825, 1, 0.04722070721483032);
INSERT INTO demand(goods_id, building_id, max_demand, current_input, level) VALUES (30, 5873, 9.825, 1, 0.9330489609187274);
INSERT INTO demand(goods_id, building_id, max_demand, current_input, level) VALUES (33, 5873, 4.9125, 1, 0.7289819463000423);
INSERT INTO supply(goods_id, building_id, max_supply, current_output, level) VALUES (1, 5873, 24.5625, 1, 2.2633964658354966);
INSERT INTO supply(goods_id, building_id, max_supply, current_output, level) VALUES (2, 5873, 14.737499999999999, 1, 1.358037879501298);
INSERT INTO building(id, name, level) VALUES (16783117, "building_munition_plantslevel", 1);
INSERT INTO demand(goods_id, building_id, max_demand, current_input, level) VALUES (25, 16783117, 19.360599999999998, 1, 1.087495216557679);
INSERT INTO demand(goods_id, building_id, max_demand, current_input, level) VALUES (34, 16783117, 19.360599999999998, 1, 3.1282685488379114);
INSERT INTO supply(goods_id, building_id, max_supply, current_output, level) VALUES (0, 16783117, 48.4015, 1, 5.269704706744489);
INSERT INTO building(id, name, level) VALUES (5916, "building_arms_industrylevel", 1);
INSERT INTO demand(goods_id, building_id, max_demand, current_input, level) VALUES (24, 5916, 8.8432, 1, 1.0649650054353785);
INSERT INTO demand(goods_id, building_id, max_demand, current_input, level) VALUES (26, 5916, 8.8432, 1, 0.04250200081854326);
INSERT INTO demand(goods_id, building_id, max_demand, current_input, level) VALUES (30, 5916, 13.264799999999997, 1, 1.2597158123964107);
INSERT INTO supply(goods_id, building_id, max_supply, current_output, level) VALUES (1, 5916, 8.8432, 1, 0.6490925159505097);
INSERT INTO supply(goods_id, building_id, max_supply, current_output, level) VALUES (2, 5916, 22.107999999999997, 1, 1.6227312898762738);
INSERT INTO building(id, name, level) VALUES (16783166, "building_arms_industrylevel", 1);
INSERT INTO demand(goods_id, building_id, max_demand, current_input, level) VALUES (26, 16783166, 9.365799999999998, 1, 0.0450137098862756);
INSERT INTO demand(goods_id, building_id, max_demand, current_input, level) VALUES (30, 16783166, 23.414499999999997, 1, 2.2236004982627526);
INSERT INTO demand(goods_id, building_id, max_demand, current_input, level) VALUES (33, 16783166, 4.682899999999999, 1, 0.6949108511610114);
INSERT INTO supply(goods_id, building_id, max_supply, current_output, level) VALUES (1, 16783166, 18.731599999999997, 1, 1.5495170743422664);
INSERT INTO supply(goods_id, building_id, max_supply, current_output, level) VALUES (2, 16783166, 23.414499999999997, 1, 1.9368963429278332);
INSERT INTO building(id, name, level) VALUES (117446484, "building_paper_millslevel", 1);
INSERT INTO demand(goods_id, building_id, max_demand, current_input, level) VALUES (10, 117446484, 29.999999999999996, 1, 2.680560908604417);
INSERT INTO demand(goods_id, building_id, max_demand, current_input, level) VALUES (21, 117446484, 10.0, 1, 0.0);
INSERT INTO demand(goods_id, building_id, max_demand, current_input, level) VALUES (22, 117446484, 10.0, 1, 1.189292661993811);
INSERT INTO supply(goods_id, building_id, max_supply, current_output, level) VALUES (14, 117446484, 99.99999999999999, 1, 6.942709882873165);
INSERT INTO building(id, name, level) VALUES (100669305, "building_railwaylevel", 1);
INSERT INTO demand(goods_id, building_id, max_demand, current_input, level) VALUES (23, 100669305, 10.0, 1, 1.2240065765229375);
INSERT INTO demand(goods_id, building_id, max_demand, current_input, level) VALUES (29, 100669305, 10.0, 1, 0.834551099760996);
INSERT INTO supply(goods_id, building_id, max_supply, current_output, level) VALUES (16, 100669305, 50.0, 1, 5.146394190709834);
INSERT INTO building(id, name, level) VALUES (16783247, "building_chemical_plantslevel", 1);
INSERT INTO demand(goods_id, building_id, max_demand, current_input, level) VALUES (22, 16783247, 44.99999999999999, 1, 5.351816978972149);
INSERT INTO demand(goods_id, building_id, max_demand, current_input, level) VALUES (23, 16783247, 14.999999999999998, 1, 1.836009864784406);
INSERT INTO demand(goods_id, building_id, max_demand, current_input, level) VALUES (24, 16783247, 10.0, 1, 1.2042756077385772);
INSERT INTO supply(goods_id, building_id, max_supply, current_output, level) VALUES (32, 16783247, 75.0, 1, 9.043937115638315);
INSERT INTO supply(goods_id, building_id, max_supply, current_output, level) VALUES (34, 16783247, 40.0, 1, 4.823433128340435);
INSERT INTO building(id, name, level) VALUES (16783256, "building_railwaylevel", 1);
INSERT INTO demand(goods_id, building_id, max_demand, current_input, level) VALUES (10, 16783256, 5.0, 1, 0.4467601514340695);
INSERT INTO demand(goods_id, building_id, max_demand, current_input, level) VALUES (23, 16783256, 10.0, 1, 1.2240065765229375);
INSERT INTO demand(goods_id, building_id, max_demand, current_input, level) VALUES (29, 16783256, 10.0, 1, 0.834551099760996);
INSERT INTO supply(goods_id, building_id, max_supply, current_output, level) VALUES (16, 16783256, 65.0, 1, 6.3961689548294896);
INSERT INTO building(id, name, level) VALUES (16783303, "building_steel_millslevel", 1);
INSERT INTO demand(goods_id, building_id, max_demand, current_input, level) VALUES (23, 16783303, 29.999999999999996, 1, 3.672019729568812);
INSERT INTO demand(goods_id, building_id, max_demand, current_input, level) VALUES (24, 16783303, 59.99999999999999, 1, 7.2256536464314625);
INSERT INTO supply(goods_id, building_id, max_supply, current_output, level) VALUES (30, 16783303, 89.99999999999999, 1, 10.927269829176815);
INSERT INTO building(id, name, level) VALUES (100669392, "building_motor_industrylevel", 1);
INSERT INTO demand(goods_id, building_id, max_demand, current_input, level) VALUES (30, 100669392, 30.0, 1, 2.849004460820542);
INSERT INTO supply(goods_id, building_id, max_supply, current_output, level) VALUES (29, 100669392, 40.0, 1, 3.7986726144273892);
INSERT INTO building(id, name, level) VALUES (134223850, "building_conscription_centerlevel", 3);
INSERT INTO building(id, name, level) VALUES (16783340, "building_paper_millslevel", 1);
INSERT INTO demand(goods_id, building_id, max_demand, current_input, level) VALUES (10, 16783340, 29.999999999999996, 1, 2.680560908604417);
INSERT INTO demand(goods_id, building_id, max_demand, current_input, level) VALUES (21, 16783340, 10.0, 1, 0.0);
INSERT INTO demand(goods_id, building_id, max_demand, current_input, level) VALUES (22, 16783340, 10.0, 1, 1.189292661993811);
INSERT INTO supply(goods_id, building_id, max_supply, current_output, level) VALUES (14, 16783340, 99.99999999999999, 1, 6.942709882873165);
INSERT INTO building(id, name, level) VALUES (16783354, "building_paper_millslevel", 1);
INSERT INTO demand(goods_id, building_id, max_demand, current_input, level) VALUES (10, 16783354, 29.999999999999996, 1, 2.680560908604417);
INSERT INTO demand(goods_id, building_id, max_demand, current_input, level) VALUES (21, 16783354, 10.0, 1, 0.0);
INSERT INTO demand(goods_id, building_id, max_demand, current_input, level) VALUES (22, 16783354, 10.0, 1, 1.189292661993811);
INSERT INTO supply(goods_id, building_id, max_supply, current_output, level) VALUES (14, 16783354, 99.99999999999999, 1, 6.942709882873165);
INSERT INTO building(id, name, level) VALUES (6155, "building_urban_centerlevel", 1);
INSERT INTO demand(goods_id, building_id, max_demand, current_input, level) VALUES (10, 6155, 0.46, 1, 0.0411019339319344);
INSERT INTO demand(goods_id, building_id, max_demand, current_input, level) VALUES (23, 6155, 0.92, 1, 0.11260860504011025);
INSERT INTO demand(goods_id, building_id, max_demand, current_input, level) VALUES (31, 6155, 0.46, 1, 0.009480508440580201);
INSERT INTO supply(goods_id, building_id, max_supply, current_output, level) VALUES (15, 6155, 6.44, 1, 0.49880480949865874);
INSERT INTO building(id, name, level) VALUES (16783378, "building_furniture_manufacturieslevel", 1);
INSERT INTO demand(goods_id, building_id, max_demand, current_input, level) VALUES (9, 16783378, 10.0, 1, 1.6600810094343137);
INSERT INTO demand(goods_id, building_id, max_demand, current_input, level) VALUES (10, 16783378, 29.999999999999996, 1, 2.680560908604417);
INSERT INTO demand(goods_id, building_id, max_demand, current_input, level) VALUES (26, 16783378, 20.0, 1, 0.09612357702764442);
INSERT INTO demand(goods_id, building_id, max_demand, current_input, level) VALUES (33, 16783378, 20.0, 1, 2.9678654302291805);
INSERT INTO supply(goods_id, building_id, max_supply, current_output, level) VALUES (13, 16783378, 89.99999999999999, 1, 9.192590585844446);
INSERT INTO supply(goods_id, building_id, max_supply, current_output, level) VALUES (49, 16783378, 40.0, 1, 4.085595815930866);
INSERT INTO building(id, name, level) VALUES (16783397, "building_furniture_manufacturieslevel", 1);
INSERT INTO demand(goods_id, building_id, max_demand, current_input, level) VALUES (9, 16783397, 10.0, 1, 1.6600810094343137);
INSERT INTO demand(goods_id, building_id, max_demand, current_input, level) VALUES (10, 16783397, 29.999999999999996, 1, 2.680560908604417);
INSERT INTO demand(goods_id, building_id, max_demand, current_input, level) VALUES (23, 16783397, 5.0, 1, 0.6120032882614688);
INSERT INTO demand(goods_id, building_id, max_demand, current_input, level) VALUES (26, 16783397, 20.0, 1, 0.09612357702764442);
INSERT INTO demand(goods_id, building_id, max_demand, current_input, level) VALUES (33, 16783397, 24.999999999999996, 1, 3.7098317877864755);
INSERT INTO supply(goods_id, building_id, max_supply, current_output, level) VALUES (13, 16783397, 89.99999999999999, 1, 9.557284306416843);
INSERT INTO supply(goods_id, building_id, max_supply, current_output, level) VALUES (49, 16783397, 40.0, 1, 4.247681913963042);
INSERT INTO building(id, name, level) VALUES (33560621, "building_steel_millslevel", 1);
INSERT INTO demand(goods_id, building_id, max_demand, current_input, level) VALUES (23, 33560621, 29.999999999999996, 1, 3.672019729568812);
INSERT INTO demand(goods_id, building_id, max_demand, current_input, level) VALUES (24, 33560621, 59.99999999999999, 1, 7.2256536464314625);
INSERT INTO supply(goods_id, building_id, max_supply, current_output, level) VALUES (30, 33560621, 89.99999999999999, 1, 10.927269829176815);
INSERT INTO building(id, name, level) VALUES (50337841, "building_steel_millslevel", 1);
INSERT INTO demand(goods_id, building_id, max_demand, current_input, level) VALUES (23, 50337841, 35.0, 1, 4.284023017830282);
INSERT INTO demand(goods_id, building_id, max_demand, current_input, level) VALUES (24, 50337841, 59.99999999999999, 1, 7.2256536464314625);
INSERT INTO demand(goods_id, building_id, max_demand, current_input, level) VALUES (33, 50337841, 5.0, 1, 0.7419663575572951);
INSERT INTO supply(goods_id, building_id, max_supply, current_output, level) VALUES (30, 50337841, 89.99999999999999, 1, 11.736644698128314);
INSERT INTO building(id, name, level) VALUES (251664457, "building_subsistence_fishing_villageslevel", 18);
INSERT INTO supply(goods_id, building_id, max_supply, current_output, level) VALUES (7, 251664457, 0.004672727272727272, 18, 0.00514);
INSERT INTO supply(goods_id, building_id, max_supply, current_output, level) VALUES (8, 251664457, 0.018718181818181818, 18, 0.02059);
INSERT INTO supply(goods_id, building_id, max_supply, current_output, level) VALUES (9, 251664457, 0.002336363636363636, 18, 0.00257);
INSERT INTO supply(goods_id, building_id, max_supply, current_output, level) VALUES (10, 251664457, 0.0070181818181818175, 18, 0.00772);
INSERT INTO supply(goods_id, building_id, max_supply, current_output, level) VALUES (12, 251664457, 0.004672727272727272, 18, 0.00514);
INSERT INTO supply(goods_id, building_id, max_supply, current_output, level) VALUES (13, 251664457, 0.004672727272727272, 18, 0.00514);
INSERT INTO supply(goods_id, building_id, max_supply, current_output, level) VALUES (15, 251664457, 0.004672727272727272, 18, 0.00514);
INSERT INTO supply(goods_id, building_id, max_supply, current_output, level) VALUES (38, 251664457, 0.006545454545454544, 18, 0.0072);
INSERT INTO building(id, name, level) VALUES (218110029, "building_tooling_workshopslevel", 2);
INSERT INTO demand(goods_id, building_id, max_demand, current_input, level) VALUES (10, 218110029, 59.99999999999999, 2, 5.361121817208834);
INSERT INTO demand(goods_id, building_id, max_demand, current_input, level) VALUES (30, 218110029, 39.99999999999999, 2, 3.798672614427389);
INSERT INTO supply(goods_id, building_id, max_supply, current_output, level) VALUES (33, 218110029, 159.99999999999997, 2, 14.745507651799889);
INSERT INTO building(id, name, level) VALUES (50337871, "building_tooling_workshopslevel", 1);
INSERT INTO demand(goods_id, building_id, max_demand, current_input, level) VALUES (10, 50337871, 29.999999999999996, 1, 2.680560908604417);
INSERT INTO demand(goods_id, building_id, max_demand, current_input, level) VALUES (30, 50337871, 20.0, 1, 1.8993363072136946);
INSERT INTO supply(goods_id, building_id, max_supply, current_output, level) VALUES (33, 50337871, 80.0, 1, 7.372753825899945);
INSERT INTO building(id, name, level) VALUES (6234, "building_tooling_workshopslevel", 1);
INSERT INTO demand(goods_id, building_id, max_demand, current_input, level) VALUES (10, 6234, 29.999999999999996, 1, 2.680560908604417);
INSERT INTO demand(goods_id, building_id, max_demand, current_input, level) VALUES (30, 6234, 20.0, 1, 1.8993363072136946);
INSERT INTO supply(goods_id, building_id, max_supply, current_output, level) VALUES (33, 6234, 80.0, 1, 7.372753825899945);
INSERT INTO building(id, name, level) VALUES (50337903, "building_steel_millslevel", 2);
INSERT INTO demand(goods_id, building_id, max_demand, current_input, level) VALUES (23, 50337903, 70.0, 2, 8.568046035660563);
INSERT INTO demand(goods_id, building_id, max_demand, current_input, level) VALUES (24, 50337903, 119.99999999999999, 2, 14.451307292862925);
INSERT INTO demand(goods_id, building_id, max_demand, current_input, level) VALUES (33, 50337903, 10.0, 2, 1.4839327151145902);
INSERT INTO supply(goods_id, building_id, max_supply, current_output, level) VALUES (30, 50337903, 180.0, 2, 23.473289396256632);
INSERT INTO building(id, name, level) VALUES (16783478, "building_trade_centerlevel", 17);
INSERT INTO building(id, name, level) VALUES (6285, "building_glassworkslevel", 1);
INSERT INTO demand(goods_id, building_id, max_demand, current_input, level) VALUES (21, 6285, 29.999999999999996, 1, 0.0);
INSERT INTO demand(goods_id, building_id, max_demand, current_input, level) VALUES (25, 6285, 35.0, 1, 1.9659686466079958);
INSERT INTO supply(goods_id, building_id, max_supply, current_output, level) VALUES (31, 6285, 49.99999999999999, 1, 1.404263319005711);
INSERT INTO supply(goods_id, building_id, max_supply, current_output, level) VALUES (35, 6285, 40.0, 1, 1.123410655204569);
INSERT INTO building(id, name, level) VALUES (16783546, "building_glassworkslevel", 1);
INSERT INTO demand(goods_id, building_id, max_demand, current_input, level) VALUES (10, 16783546, 20.0, 1, 1.787040605736278);
INSERT INTO demand(goods_id, building_id, max_demand, current_input, level) VALUES (21, 16783546, 29.999999999999996, 1, 0.0);
INSERT INTO demand(goods_id, building_id, max_demand, current_input, level) VALUES (25, 16783546, 10.0, 1, 0.5617053276022845);
INSERT INTO supply(goods_id, building_id, max_supply, current_output, level) VALUES (31, 16783546, 20.0, 1, 0.9701504203136158);
INSERT INTO supply(goods_id, building_id, max_supply, current_output, level) VALUES (35, 16783546, 40.0, 1, 1.9403008406272315);
INSERT INTO building(id, name, level) VALUES (16783551, "building_trade_centerlevel", 3);
INSERT INTO building(id, name, level) VALUES (33560768, "building_trade_centerlevel", 3);
INSERT INTO building(id, name, level) VALUES (33560769, "building_conscription_centerlevel", 1);
INSERT INTO building(id, name, level) VALUES (6394, "building_conscription_centerlevel", 1);
INSERT INTO building(id, name, level) VALUES (6397, "building_conscription_centerlevel", 1);
INSERT INTO building(id, name, level) VALUES (33560869, "building_subsistence_rice_paddieslevel", 4);
INSERT INTO supply(goods_id, building_id, max_supply, current_output, level) VALUES (7, 33560869, 0.009899999999999999, 4, 0.01089);
INSERT INTO supply(goods_id, building_id, max_supply, current_output, level) VALUES (9, 33560869, 0.0016454545454545452, 4, 0.00181);
INSERT INTO supply(goods_id, building_id, max_supply, current_output, level) VALUES (10, 33560869, 0.0016454545454545452, 4, 0.00181);
INSERT INTO supply(goods_id, building_id, max_supply, current_output, level) VALUES (12, 33560869, 0.0021999999999999997, 4, 0.00242);
INSERT INTO supply(goods_id, building_id, max_supply, current_output, level) VALUES (13, 33560869, 0.0021999999999999997, 4, 0.00242);
INSERT INTO supply(goods_id, building_id, max_supply, current_output, level) VALUES (15, 33560869, 0.0021999999999999997, 4, 0.00242);
INSERT INTO supply(goods_id, building_id, max_supply, current_output, level) VALUES (38, 33560869, 0.0032999999999999995, 4, 0.00363);
INSERT INTO building(id, name, level) VALUES (16783654, "building_subsistence_fishing_villageslevel", 16);
INSERT INTO supply(goods_id, building_id, max_supply, current_output, level) VALUES (7, 16783654, 0.0015999999999999999, 16, 0.00176);
INSERT INTO supply(goods_id, building_id, max_supply, current_output, level) VALUES (8, 16783654, 0.0063999999999999994, 16, 0.00704);
INSERT INTO supply(goods_id, building_id, max_supply, current_output, level) VALUES (9, 16783654, 0.0007999999999999999, 16, 0.00088);
INSERT INTO supply(goods_id, building_id, max_supply, current_output, level) VALUES (10, 16783654, 0.0024, 16, 0.00264);
INSERT INTO supply(goods_id, building_id, max_supply, current_output, level) VALUES (12, 16783654, 0.0015999999999999999, 16, 0.00176);
INSERT INTO supply(goods_id, building_id, max_supply, current_output, level) VALUES (13, 16783654, 0.0015999999999999999, 16, 0.00176);
INSERT INTO supply(goods_id, building_id, max_supply, current_output, level) VALUES (15, 16783654, 0.0015999999999999999, 16, 0.00176);
INSERT INTO supply(goods_id, building_id, max_supply, current_output, level) VALUES (38, 16783654, 0.002236363636363636, 16, 0.00246);
INSERT INTO building(id, name, level) VALUES (6441, "building_subsistence_rice_paddieslevel", 142);
INSERT INTO supply(goods_id, building_id, max_supply, current_output, level) VALUES (7, 6441, 0.006381818181818181, 142, 0.00702);
INSERT INTO supply(goods_id, building_id, max_supply, current_output, level) VALUES (9, 6441, 0.0010636363636363636, 142, 0.00117);
INSERT INTO supply(goods_id, building_id, max_supply, current_output, level) VALUES (10, 6441, 0.0010636363636363636, 142, 0.00117);
INSERT INTO supply(goods_id, building_id, max_supply, current_output, level) VALUES (12, 6441, 0.001418181818181818, 142, 0.00156);
INSERT INTO supply(goods_id, building_id, max_supply, current_output, level) VALUES (13, 6441, 0.001418181818181818, 142, 0.00156);
INSERT INTO supply(goods_id, building_id, max_supply, current_output, level) VALUES (15, 6441, 0.001418181818181818, 142, 0.00156);
INSERT INTO supply(goods_id, building_id, max_supply, current_output, level) VALUES (38, 6441, 0.002127272727272727, 142, 0.00234);
