
  
CREATE TABLE goods(    goods_name    VARCHAR(30),    code    INT,    base_price FLOAT,    current_price FLOAT,    pop_demand FLOAT, PRIMARY KEY (code));

CREATE TABLE building(    id INT,    name VARCHAR(80),    level INT, PRIMARY KEY (id));

CREATE TABLE supply(    goods_id INT,    building_id INT,    max_supply FLOAT,    current_output FLOAT,    level INT, PRIMARY KEY (goods_id, building_id));

CREATE TABLE demand(    goods_id INT,    building_id INT,    max_demand FLOAT,    current_input FLOAT,    level INT,   PRIMARY KEY (goods_id, building_id));
    
INSERT INTO goods(goods_name,code,base_price, current_price, pop_demand) VALUES ("ammunition", 0, 50, 50, 0);
INSERT INTO goods(goods_name,code,base_price, current_price, pop_demand) VALUES ("small_arms", 1, 60, 97.04114657941003, 0);
INSERT INTO goods(goods_name,code,base_price, current_price, pop_demand) VALUES ("artillery", 2, 70, 113.2146710093117, 0);
INSERT INTO goods(goods_name,code,base_price, current_price, pop_demand) VALUES ("tanks", 3, 80, 80, 0);
INSERT INTO goods(goods_name,code,base_price, current_price, pop_demand) VALUES ("aeroplanes", 4, 80, 80, 0);
INSERT INTO goods(goods_name,code,base_price, current_price, pop_demand) VALUES ("manowars", 5, 70, 89.36533377694718, 0);
INSERT INTO goods(goods_name,code,base_price, current_price, pop_demand) VALUES ("ironclads", 6, 80, 80, 0);
INSERT INTO goods(goods_name,code,base_price, current_price, pop_demand) VALUES ("grain", 7, 20, 17.855547854540035, 8223.346437957554);
INSERT INTO goods(goods_name,code,base_price, current_price, pop_demand) VALUES ("fish", 8, 20, 26.63046751192788, 453.91931240295816);
INSERT INTO goods(goods_name,code,base_price, current_price, pop_demand) VALUES ("fabric", 9, 20, 14.850912670827071, 441.04465746161515);
INSERT INTO goods(goods_name,code,base_price, current_price, pop_demand) VALUES ("wood", 10, 20, 26.600019209973187, 1170.4994225383823);
INSERT INTO goods(goods_name,code,base_price, current_price, pop_demand) VALUES ("groceries", 11, 30, 43.619434970253074, 561.2514078657422);
INSERT INTO goods(goods_name,code,base_price, current_price, pop_demand) VALUES ("clothes", 12, 30, 37.9332053324799, 2753.6638468607493);
INSERT INTO goods(goods_name,code,base_price, current_price, pop_demand) VALUES ("furniture", 13, 30, 38.52612394323603, 2309.259586928735);
INSERT INTO goods(goods_name,code,base_price, current_price, pop_demand) VALUES ("paper", 14, 30, 43.18882077277259, 124.57934068497944);
INSERT INTO goods(goods_name,code,base_price, current_price, pop_demand) VALUES ("services", 15, 30, 19.013570841111857, 966.1833681449799);
INSERT INTO goods(goods_name,code,base_price, current_price, pop_demand) VALUES ("transportation", 16, 30, 30, 0);
INSERT INTO goods(goods_name,code,base_price, current_price, pop_demand) VALUES ("electricity", 17, 30, 30, 0);
INSERT INTO goods(goods_name,code,base_price, current_price, pop_demand) VALUES ("clippers", 18, 60, 63.54637203771126, 0);
INSERT INTO goods(goods_name,code,base_price, current_price, pop_demand) VALUES ("steamers", 19, 70, 70, 0);
INSERT INTO goods(goods_name,code,base_price, current_price, pop_demand) VALUES ("silk", 20, 40, 70.0, 0);
INSERT INTO goods(goods_name,code,base_price, current_price, pop_demand) VALUES ("dye", 21, 40, 70.0, 0);
INSERT INTO goods(goods_name,code,base_price, current_price, pop_demand) VALUES ("sulfur", 22, 50, 50, 0);
INSERT INTO goods(goods_name,code,base_price, current_price, pop_demand) VALUES ("coal", 23, 30, 30, 0);
INSERT INTO goods(goods_name,code,base_price, current_price, pop_demand) VALUES ("iron", 24, 40, 69.06275178969678, 0);
INSERT INTO goods(goods_name,code,base_price, current_price, pop_demand) VALUES ("lead", 25, 40, 40, 0);
INSERT INTO goods(goods_name,code,base_price, current_price, pop_demand) VALUES ("hardwood", 26, 40, 62.81690679240274, 0);
INSERT INTO goods(goods_name,code,base_price, current_price, pop_demand) VALUES ("rubber", 27, 40, 40, 0);
INSERT INTO goods(goods_name,code,base_price, current_price, pop_demand) VALUES ("oil", 28, 40, 40, 0);
INSERT INTO goods(goods_name,code,base_price, current_price, pop_demand) VALUES ("engines", 29, 60, 60, 0);
INSERT INTO goods(goods_name,code,base_price, current_price, pop_demand) VALUES ("steel", 30, 50, 50, 0);
INSERT INTO goods(goods_name,code,base_price, current_price, pop_demand) VALUES ("glass", 31, 40, 64.49367401527637, 18.798374243211523);
INSERT INTO goods(goods_name,code,base_price, current_price, pop_demand) VALUES ("fertilizer", 32, 30, 30, 0);
INSERT INTO goods(goods_name,code,base_price, current_price, pop_demand) VALUES ("tools", 33, 40, 67.90072366711593, 0);
INSERT INTO goods(goods_name,code,base_price, current_price, pop_demand) VALUES ("explosives", 34, 50, 50, 0);
INSERT INTO goods(goods_name,code,base_price, current_price, pop_demand) VALUES ("porcelain", 35, 70, 119.23687567664612, 382.91435406672997);
INSERT INTO goods(goods_name,code,base_price, current_price, pop_demand) VALUES ("meat", 36, 30, 24.834724173647725, 236.62759069780347);
INSERT INTO goods(goods_name,code,base_price, current_price, pop_demand) VALUES ("fruit", 37, 30, 45.25133402681733, 144.76701428596664);
INSERT INTO goods(goods_name,code,base_price, current_price, pop_demand) VALUES ("liquor", 38, 30, 26.754754362944002, 2570.4587286772567);
INSERT INTO goods(goods_name,code,base_price, current_price, pop_demand) VALUES ("wine", 39, 50, 52.56540777872084, 217.86428625790663);
INSERT INTO goods(goods_name,code,base_price, current_price, pop_demand) VALUES ("tea", 40, 50, 81.53410775478729, 499.9183487420937);
INSERT INTO goods(goods_name,code,base_price, current_price, pop_demand) VALUES ("coffee", 41, 50, 50, 0);
INSERT INTO goods(goods_name,code,base_price, current_price, pop_demand) VALUES ("sugar", 42, 30, 50.489188066791336, 52.4506917323525);
INSERT INTO goods(goods_name,code,base_price, current_price, pop_demand) VALUES ("tobacco", 43, 40, 49.887844071117414, 66.62045604349304);
INSERT INTO goods(goods_name,code,base_price, current_price, pop_demand) VALUES ("opium", 44, 50, 87.5, 208.59260195884684);
INSERT INTO goods(goods_name,code,base_price, current_price, pop_demand) VALUES ("automobiles", 45, 100, 100, 0);
INSERT INTO goods(goods_name,code,base_price, current_price, pop_demand) VALUES ("telephones", 46, 70, 70, 0);
INSERT INTO goods(goods_name,code,base_price, current_price, pop_demand) VALUES ("radios", 47, 80, 80, 0);
INSERT INTO goods(goods_name,code,base_price, current_price, pop_demand) VALUES ("luxury_clothes", 48, 60, 96.76141100209372, 121.02265823036537);
INSERT INTO goods(goods_name,code,base_price, current_price, pop_demand) VALUES ("luxury_furniture", 49, 60, 96.85292218851103, 413.0241474417827);
INSERT INTO goods(goods_name,code,base_price, current_price, pop_demand) VALUES ("gold", 50, 100, 25.0, 0);
INSERT INTO goods(goods_name,code,base_price, current_price, pop_demand) VALUES ("fine_art", 51, 200, 286.1754807866089, 1.629073528253454);
INSERT INTO building(id, name, level) VALUES (16777736, "building_subsistence_pastureslevel", 32);
INSERT INTO supply(goods_id, building_id, max_supply, current_output, level) VALUES (7, 16777736, 1.1196727272727272, 32, 1.23164);
INSERT INTO supply(goods_id, building_id, max_supply, current_output, level) VALUES (9, 16777736, 1.6795181818181817, 32, 1.84747);
INSERT INTO supply(goods_id, building_id, max_supply, current_output, level) VALUES (10, 16777736, 0.5598363636363636, 32, 0.61582);
INSERT INTO supply(goods_id, building_id, max_supply, current_output, level) VALUES (12, 16777736, 1.1196727272727272, 32, 1.23164);
INSERT INTO supply(goods_id, building_id, max_supply, current_output, level) VALUES (13, 16777736, 1.1196727272727272, 32, 1.23164);
INSERT INTO supply(goods_id, building_id, max_supply, current_output, level) VALUES (15, 16777736, 1.1196727272727272, 32, 1.23164);
INSERT INTO supply(goods_id, building_id, max_supply, current_output, level) VALUES (36, 16777736, 3.7173363636363637, 32, 4.08907);
INSERT INTO supply(goods_id, building_id, max_supply, current_output, level) VALUES (38, 16777736, 1.5675454545454544, 32, 1.7243);
INSERT INTO building(id, name, level) VALUES (33555011, "building_construction_sectorlevel", 1);
INSERT INTO demand(goods_id, building_id, max_demand, current_input, level) VALUES (9, 33555011, 4.968, 1, 7.564781304039657);
INSERT INTO demand(goods_id, building_id, max_demand, current_input, level) VALUES (10, 33555011, 9.936, 1, 5.564147275313761);
INSERT INTO demand(goods_id, building_id, max_demand, current_input, level) VALUES (24, 33555011, 12.42, 1, 0.38802075906553257);
INSERT INTO demand(goods_id, building_id, max_demand, current_input, level) VALUES (33, 33555011, 2.484, 1, 0.1738200803628019);
INSERT INTO building(id, name, level) VALUES (16777888, "building_government_administrationlevel", 2);
INSERT INTO demand(goods_id, building_id, max_demand, current_input, level) VALUES (14, 16777888, 20.0, 2, 8.276603757535478);
INSERT INTO building(id, name, level) VALUES (50332552, "building_iron_minelevel", 1);
INSERT INTO demand(goods_id, building_id, max_demand, current_input, level) VALUES (33, 50332552, 5.0, 1, 0.3498793888140134);
INSERT INTO supply(goods_id, building_id, max_supply, current_output, level) VALUES (24, 50332552, 20.0, 1, 1.3995175552560537);
INSERT INTO building(id, name, level) VALUES (936, "building_government_administrationlevel", 12);
INSERT INTO demand(goods_id, building_id, max_demand, current_input, level) VALUES (14, 936, 119.99999999999999, 12, 49.65962254521286);
INSERT INTO building(id, name, level) VALUES (937, "building_construction_sectorlevel", 2);
INSERT INTO demand(goods_id, building_id, max_demand, current_input, level) VALUES (9, 937, 9.936, 2, 15.129562608079315);
INSERT INTO demand(goods_id, building_id, max_demand, current_input, level) VALUES (10, 937, 19.872, 2, 11.128294550627523);
INSERT INTO demand(goods_id, building_id, max_demand, current_input, level) VALUES (24, 937, 24.84, 2, 0.7760415181310651);
INSERT INTO demand(goods_id, building_id, max_demand, current_input, level) VALUES (33, 937, 4.968, 2, 0.3476401607256038);
INSERT INTO building(id, name, level) VALUES (938, "building_textile_millslevel", 4);
INSERT INTO demand(goods_id, building_id, max_demand, current_input, level) VALUES (9, 938, 160.0, 4, 243.63224811721926);
INSERT INTO demand(goods_id, building_id, max_demand, current_input, level) VALUES (21, 938, 20.0, 4, 0.0);
INSERT INTO supply(goods_id, building_id, max_supply, current_output, level) VALUES (12, 938, 239.99999999999997, 4, 119.99999999999999);
INSERT INTO building(id, name, level) VALUES (939, "building_glassworkslevel", 3);
INSERT INTO demand(goods_id, building_id, max_demand, current_input, level) VALUES (10, 939, 76.5, 3, 42.83990202913675);
INSERT INTO demand(goods_id, building_id, max_demand, current_input, level) VALUES (21, 939, 38.25, 3, 0.0);
INSERT INTO supply(goods_id, building_id, max_supply, current_output, level) VALUES (31, 939, 25.5, 3, 7.139983671522792);
INSERT INTO supply(goods_id, building_id, max_supply, current_output, level) VALUES (35, 939, 63.75000000000001, 3, 17.84995917880698);
INSERT INTO building(id, name, level) VALUES (940, "building_arts_academylevel", 2);
INSERT INTO demand(goods_id, building_id, max_demand, current_input, level) VALUES (14, 940, 4.18249504950495, 2, 1.73084271213031);
INSERT INTO supply(goods_id, building_id, max_supply, current_output, level) VALUES (51, 940, 1.673, 2, 0.6923379043178427);
INSERT INTO building(id, name, level) VALUES (941, "building_naval_baselevel", 13);
INSERT INTO demand(goods_id, building_id, max_demand, current_input, level) VALUES (5, 941, 23.05784, 13, 14.55264442332488);
INSERT INTO building(id, name, level) VALUES (942, "building_rye_farmlevel", 3);
INSERT INTO supply(goods_id, building_id, max_supply, current_output, level) VALUES (7, 942, 30.0, 3, 33.6);
INSERT INTO supply(goods_id, building_id, max_supply, current_output, level) VALUES (38, 942, 44.99999999999999, 3, 50.4);
INSERT INTO building(id, name, level) VALUES (943, "building_portlevel", 3);
INSERT INTO demand(goods_id, building_id, max_demand, current_input, level) VALUES (18, 943, 15.0, 3, 13.817875987429579);
INSERT INTO building(id, name, level) VALUES (944, "building_government_administrationlevel", 14);
INSERT INTO demand(goods_id, building_id, max_demand, current_input, level) VALUES (14, 944, 140.0, 14, 57.936226302748345);
INSERT INTO building(id, name, level) VALUES (945, "building_construction_sectorlevel", 2);
INSERT INTO demand(goods_id, building_id, max_demand, current_input, level) VALUES (9, 945, 9.936, 2, 15.129562608079315);
INSERT INTO demand(goods_id, building_id, max_demand, current_input, level) VALUES (10, 945, 19.872, 2, 11.128294550627523);
INSERT INTO demand(goods_id, building_id, max_demand, current_input, level) VALUES (24, 945, 24.84, 2, 0.7760415181310651);
INSERT INTO demand(goods_id, building_id, max_demand, current_input, level) VALUES (33, 945, 4.968, 2, 0.3476401607256038);
INSERT INTO building(id, name, level) VALUES (946, "building_tooling_workshopslevel", 2);
INSERT INTO demand(goods_id, building_id, max_demand, current_input, level) VALUES (10, 946, 60.00000000000001, 2, 33.59992316010726);
INSERT INTO demand(goods_id, building_id, max_demand, current_input, level) VALUES (24, 946, 40.0, 2, 1.2496642804042917);
INSERT INTO supply(goods_id, building_id, max_supply, current_output, level) VALUES (33, 946, 120.00000000000001, 2, 35.47441958071369);
INSERT INTO building(id, name, level) VALUES (947, "building_universitylevel", 2);
INSERT INTO demand(goods_id, building_id, max_demand, current_input, level) VALUES (14, 947, 10.0, 2, 4.138301878767739);
INSERT INTO building(id, name, level) VALUES (948, "building_textile_millslevel", 6);
INSERT INTO demand(goods_id, building_id, max_demand, current_input, level) VALUES (9, 948, 240.0, 6, 365.4483721758289);
INSERT INTO demand(goods_id, building_id, max_demand, current_input, level) VALUES (21, 948, 30.0, 6, 0.0);
INSERT INTO supply(goods_id, building_id, max_supply, current_output, level) VALUES (12, 948, 360.0, 6, 180.0);
INSERT INTO building(id, name, level) VALUES (949, "building_furniture_manufacturieslevel", 6);
INSERT INTO demand(goods_id, building_id, max_demand, current_input, level) VALUES (9, 949, 60.0, 6, 91.36209304395723);
INSERT INTO demand(goods_id, building_id, max_demand, current_input, level) VALUES (10, 949, 120.0, 6, 67.19984632021452);
INSERT INTO demand(goods_id, building_id, max_demand, current_input, level) VALUES (26, 949, 60.0, 6, 14.366186415194525);
INSERT INTO demand(goods_id, building_id, max_demand, current_input, level) VALUES (33, 949, 30.0, 6, 2.0992763328840804);
INSERT INTO supply(goods_id, building_id, max_supply, current_output, level) VALUES (13, 949, 270.0, 6, 126.1852450212037);
INSERT INTO supply(goods_id, building_id, max_supply, current_output, level) VALUES (49, 949, 120.0, 6, 56.082331120534974);
INSERT INTO building(id, name, level) VALUES (950, "building_logging_camplevel", 10);
INSERT INTO demand(goods_id, building_id, max_demand, current_input, level) VALUES (33, 950, 50.0, 10, 3.4987938881401344);
INSERT INTO supply(goods_id, building_id, max_supply, current_output, level) VALUES (10, 950, 400.0, 10, 27.990351105121075);
INSERT INTO supply(goods_id, building_id, max_supply, current_output, level) VALUES (26, 950, 100.0, 10, 6.997587776280269);
INSERT INTO building(id, name, level) VALUES (951, "building_barrackslevel", 20);
INSERT INTO demand(goods_id, building_id, max_demand, current_input, level) VALUES (1, 951, 20.0, 20, 3.5372681869288747);
INSERT INTO demand(goods_id, building_id, max_demand, current_input, level) VALUES (2, 951, 20.0, 20, 3.5372681869288747);
INSERT INTO building(id, name, level) VALUES (952, "building_saint_basils_cathedrallevel", 1);
INSERT INTO building(id, name, level) VALUES (953, "building_barrackslevel", 10);
INSERT INTO demand(goods_id, building_id, max_demand, current_input, level) VALUES (1, 953, 10.0, 10, 1.7686340934644373);
INSERT INTO demand(goods_id, building_id, max_demand, current_input, level) VALUES (2, 953, 10.0, 10, 1.7686340934644373);
INSERT INTO building(id, name, level) VALUES (954, "building_rye_farmlevel", 6);
INSERT INTO demand(goods_id, building_id, max_demand, current_input, level) VALUES (33, 954, 6.000000000000001, 6, 0.4198552665768162);
INSERT INTO supply(goods_id, building_id, max_supply, current_output, level) VALUES (7, 954, 180.0, 6, 12.595657997304484);
INSERT INTO building(id, name, level) VALUES (955, "building_logging_camplevel", 8);
INSERT INTO demand(goods_id, building_id, max_demand, current_input, level) VALUES (33, 955, 39.99999999999999, 8, 2.799035110512107);
INSERT INTO supply(goods_id, building_id, max_supply, current_output, level) VALUES (10, 955, 319.99999999999994, 8, 22.392280884096856);
INSERT INTO supply(goods_id, building_id, max_supply, current_output, level) VALUES (26, 955, 79.99999999999999, 8, 5.598070221024214);
INSERT INTO building(id, name, level) VALUES (956, "building_logging_camplevel", 7);
INSERT INTO demand(goods_id, building_id, max_demand, current_input, level) VALUES (33, 956, 35.0, 7, 2.449155721698094);
INSERT INTO supply(goods_id, building_id, max_supply, current_output, level) VALUES (10, 956, 280.0, 7, 19.59324577358475);
INSERT INTO supply(goods_id, building_id, max_supply, current_output, level) VALUES (26, 956, 70.0, 7, 4.898311443396188);
INSERT INTO building(id, name, level) VALUES (957, "building_wheat_farmlevel", 4);
INSERT INTO supply(goods_id, building_id, max_supply, current_output, level) VALUES (7, 957, 60.0, 4, 67.8);
INSERT INTO supply(goods_id, building_id, max_supply, current_output, level) VALUES (39, 957, 32.0, 4, 36.16);
INSERT INTO building(id, name, level) VALUES (958, "building_barrackslevel", 8);
INSERT INTO demand(goods_id, building_id, max_demand, current_input, level) VALUES (1, 958, 8.0, 8, 1.4149072747715499);
INSERT INTO demand(goods_id, building_id, max_demand, current_input, level) VALUES (2, 958, 8.0, 8, 1.4149072747715499);
INSERT INTO building(id, name, level) VALUES (959, "building_government_administrationlevel", 12);
INSERT INTO demand(goods_id, building_id, max_demand, current_input, level) VALUES (14, 959, 119.99999999999999, 12, 49.65962254521286);
INSERT INTO building(id, name, level) VALUES (960, "building_arts_academylevel", 1);
INSERT INTO demand(goods_id, building_id, max_demand, current_input, level) VALUES (14, 960, 0.005, 1, 0.0020691509393838694);
INSERT INTO supply(goods_id, building_id, max_supply, current_output, level) VALUES (51, 960, 0.002, 1, 0.0008276603757535478);
INSERT INTO building(id, name, level) VALUES (961, "building_food_industrylevel", 2);
INSERT INTO demand(goods_id, building_id, max_demand, current_input, level) VALUES (7, 961, 40.0, 2, 46.67245665365443);
INSERT INTO demand(goods_id, building_id, max_demand, current_input, level) VALUES (8, 961, 60.0, 2, 33.47812995228848);
INSERT INTO demand(goods_id, building_id, max_demand, current_input, level) VALUES (24, 961, 20.0, 2, 0.6248321402021458);
INSERT INTO demand(goods_id, building_id, max_demand, current_input, level) VALUES (42, 961, 50.0, 2, 4.468470962685921);
INSERT INTO supply(goods_id, building_id, max_supply, current_output, level) VALUES (11, 961, 90.0, 2, 37.76804682304426);
INSERT INTO supply(goods_id, building_id, max_supply, current_output, level) VALUES (38, 961, 120.0, 2, 50.357395764059014);
INSERT INTO building(id, name, level) VALUES (962, "building_livestock_ranchlevel", 5);
INSERT INTO supply(goods_id, building_id, max_supply, current_output, level) VALUES (9, 962, 150.0, 5, 193.5);
INSERT INTO supply(goods_id, building_id, max_supply, current_output, level) VALUES (36, 962, 25.0, 5, 32.25);
INSERT INTO building(id, name, level) VALUES (963, "building_wheat_farmlevel", 30);
INSERT INTO supply(goods_id, building_id, max_supply, current_output, level) VALUES (7, 963, 900.0, 30, 1305.0);
INSERT INTO building(id, name, level) VALUES (964, "building_barrackslevel", 20);
INSERT INTO demand(goods_id, building_id, max_demand, current_input, level) VALUES (1, 964, 17.272, 20, 3.0547848062317757);
INSERT INTO demand(goods_id, building_id, max_demand, current_input, level) VALUES (2, 964, 17.272, 20, 3.0547848062317757);
INSERT INTO building(id, name, level) VALUES (965, "building_textile_millslevel", 2);
INSERT INTO demand(goods_id, building_id, max_demand, current_input, level) VALUES (9, 965, 54.70559405940594, 2, 83.30029290800664);
INSERT INTO demand(goods_id, building_id, max_demand, current_input, level) VALUES (20, 965, 18.235198019801977, 2, 0.0);
INSERT INTO demand(goods_id, building_id, max_demand, current_input, level) VALUES (21, 965, 9.11759405940594, 2, 0.0);
INSERT INTO supply(goods_id, building_id, max_supply, current_output, level) VALUES (12, 965, 72.94079207920791, 2, 24.31359735973597);
INSERT INTO supply(goods_id, building_id, max_supply, current_output, level) VALUES (48, 965, 36.470396039603955, 2, 12.156798679867984);
INSERT INTO building(id, name, level) VALUES (966, "building_food_industrylevel", 4);
INSERT INTO demand(goods_id, building_id, max_demand, current_input, level) VALUES (7, 966, 160.0, 4, 186.68982661461771);
INSERT INTO demand(goods_id, building_id, max_demand, current_input, level) VALUES (42, 966, 100.0, 4, 8.936941925371842);
INSERT INTO supply(goods_id, building_id, max_supply, current_output, level) VALUES (11, 966, 59.99999999999999, 4, 32.68108257761155);
INSERT INTO supply(goods_id, building_id, max_supply, current_output, level) VALUES (38, 966, 239.99999999999997, 4, 130.7243303104462);
INSERT INTO building(id, name, level) VALUES (967, "building_rye_farmlevel", 4);
INSERT INTO supply(goods_id, building_id, max_supply, current_output, level) VALUES (7, 967, 40.00000000000001, 4, 45.2);
INSERT INTO supply(goods_id, building_id, max_supply, current_output, level) VALUES (38, 967, 60.0, 4, 67.8);
INSERT INTO building(id, name, level) VALUES (968, "building_logging_camplevel", 17);
INSERT INTO demand(goods_id, building_id, max_demand, current_input, level) VALUES (33, 968, 85.0, 17, 5.947949609838228);
INSERT INTO supply(goods_id, building_id, max_supply, current_output, level) VALUES (10, 968, 680.0, 17, 47.583596878705826);
INSERT INTO supply(goods_id, building_id, max_supply, current_output, level) VALUES (26, 968, 170.0, 17, 11.895899219676457);
INSERT INTO building(id, name, level) VALUES (969, "building_barrackslevel", 25);
INSERT INTO demand(goods_id, building_id, max_demand, current_input, level) VALUES (1, 969, 25.0, 25, 4.421585233661093);
INSERT INTO demand(goods_id, building_id, max_demand, current_input, level) VALUES (2, 969, 25.0, 25, 4.421585233661093);
INSERT INTO building(id, name, level) VALUES (970, "building_food_industrylevel", 3);
INSERT INTO demand(goods_id, building_id, max_demand, current_input, level) VALUES (7, 970, 60.0, 3, 70.00868498048165);
INSERT INTO demand(goods_id, building_id, max_demand, current_input, level) VALUES (8, 970, 90.0, 3, 50.21719492843272);
INSERT INTO demand(goods_id, building_id, max_demand, current_input, level) VALUES (24, 970, 30.0, 3, 0.9372482103032188);
INSERT INTO demand(goods_id, building_id, max_demand, current_input, level) VALUES (42, 970, 75.0, 3, 6.702706444028881);
INSERT INTO supply(goods_id, building_id, max_supply, current_output, level) VALUES (11, 970, 135.0, 3, 56.65207023456639);
INSERT INTO supply(goods_id, building_id, max_supply, current_output, level) VALUES (38, 970, 180.0, 3, 75.53609364608852);
INSERT INTO building(id, name, level) VALUES (971, "building_rye_farmlevel", 5);
INSERT INTO supply(goods_id, building_id, max_supply, current_output, level) VALUES (7, 971, 50.00000000000001, 5, 57.0);
INSERT INTO supply(goods_id, building_id, max_supply, current_output, level) VALUES (38, 971, 75.0, 5, 85.5);
INSERT INTO building(id, name, level) VALUES (972, "building_logging_camplevel", 8);
INSERT INTO demand(goods_id, building_id, max_demand, current_input, level) VALUES (33, 972, 39.99999999999999, 8, 2.799035110512107);
INSERT INTO supply(goods_id, building_id, max_supply, current_output, level) VALUES (10, 972, 319.99999999999994, 8, 22.392280884096856);
INSERT INTO supply(goods_id, building_id, max_supply, current_output, level) VALUES (26, 972, 79.99999999999999, 8, 5.598070221024214);
INSERT INTO building(id, name, level) VALUES (973, "building_barrackslevel", 12);
INSERT INTO demand(goods_id, building_id, max_demand, current_input, level) VALUES (1, 973, 12.0, 12, 2.122360912157325);
INSERT INTO demand(goods_id, building_id, max_demand, current_input, level) VALUES (2, 973, 12.0, 12, 2.122360912157325);
INSERT INTO building(id, name, level) VALUES (974, "building_paper_millslevel", 3);
INSERT INTO demand(goods_id, building_id, max_demand, current_input, level) VALUES (10, 974, 90.0, 3, 50.399884740160886);
INSERT INTO supply(goods_id, building_id, max_supply, current_output, level) VALUES (14, 974, 120.0, 3, 67.1998463202145);
INSERT INTO building(id, name, level) VALUES (975, "building_logging_camplevel", 12);
INSERT INTO demand(goods_id, building_id, max_demand, current_input, level) VALUES (33, 975, 60.0, 12, 4.198552665768161);
INSERT INTO supply(goods_id, building_id, max_supply, current_output, level) VALUES (10, 975, 480.0, 12, 33.58842132614529);
INSERT INTO supply(goods_id, building_id, max_supply, current_output, level) VALUES (26, 975, 120.0, 12, 8.397105331536322);
INSERT INTO building(id, name, level) VALUES (976, "building_rye_farmlevel", 7);
INSERT INTO supply(goods_id, building_id, max_supply, current_output, level) VALUES (7, 976, 70.00000000000001, 7, 81.2);
INSERT INTO supply(goods_id, building_id, max_supply, current_output, level) VALUES (38, 976, 105.0, 7, 121.8);
INSERT INTO building(id, name, level) VALUES (977, "building_barrackslevel", 10);
INSERT INTO demand(goods_id, building_id, max_demand, current_input, level) VALUES (1, 977, 8.112, 10, 1.4347159766183515);
INSERT INTO demand(goods_id, building_id, max_demand, current_input, level) VALUES (2, 977, 8.112, 10, 1.4347159766183515);
INSERT INTO building(id, name, level) VALUES (978, "building_logging_camplevel", 1);
INSERT INTO demand(goods_id, building_id, max_demand, current_input, level) VALUES (33, 978, 5.0, 1, 0.3498793888140134);
INSERT INTO supply(goods_id, building_id, max_supply, current_output, level) VALUES (10, 978, 40.0, 1, 2.7990351105121074);
INSERT INTO supply(goods_id, building_id, max_supply, current_output, level) VALUES (26, 978, 10.0, 1, 0.6997587776280269);
INSERT INTO building(id, name, level) VALUES (979, "building_fishing_wharflevel", 2);
INSERT INTO demand(goods_id, building_id, max_demand, current_input, level) VALUES (18, 979, 10.0, 2, 9.211917324953053);
INSERT INTO supply(goods_id, building_id, max_supply, current_output, level) VALUES (8, 979, 100.0, 2, 92.11917324953053);
INSERT INTO building(id, name, level) VALUES (980, "building_naval_baselevel", 10);
INSERT INTO demand(goods_id, building_id, max_demand, current_input, level) VALUES (5, 980, 20.0, 10, 12.622729989734408);
INSERT INTO building(id, name, level) VALUES (981, "building_fishing_wharflevel", 1);
INSERT INTO demand(goods_id, building_id, max_demand, current_input, level) VALUES (18, 981, 3.992, 1, 3.6773973961212585);
INSERT INTO supply(goods_id, building_id, max_supply, current_output, level) VALUES (8, 981, 39.92, 1, 36.77397396121259);
INSERT INTO building(id, name, level) VALUES (982, "building_shipyardslevel", 1);
INSERT INTO demand(goods_id, building_id, max_demand, current_input, level) VALUES (9, 982, 20.0, 1, 30.454031014652408);
INSERT INTO demand(goods_id, building_id, max_demand, current_input, level) VALUES (10, 982, 40.0, 1, 22.399948773404837);
INSERT INTO supply(goods_id, building_id, max_supply, current_output, level) VALUES (5, 982, 15.0, 1, 11.699990395013408);
INSERT INTO supply(goods_id, building_id, max_supply, current_output, level) VALUES (18, 982, 20.0, 1, 15.599987193351211);
INSERT INTO building(id, name, level) VALUES (983, "building_portlevel", 1);
INSERT INTO demand(goods_id, building_id, max_demand, current_input, level) VALUES (18, 983, 5.0, 1, 4.605958662476526);
INSERT INTO building(id, name, level) VALUES (984, "building_arms_industrylevel", 6);
INSERT INTO demand(goods_id, building_id, max_demand, current_input, level) VALUES (24, 984, 119.106, 6, 3.721062844545839);
INSERT INTO demand(goods_id, building_id, max_demand, current_input, level) VALUES (26, 984, 59.553, 6, 14.259158326401325);
INSERT INTO supply(goods_id, building_id, max_supply, current_output, level) VALUES (1, 984, 89.32949523809523, 6, 12.089766667034143);
INSERT INTO supply(goods_id, building_id, max_supply, current_output, level) VALUES (2, 984, 89.32949523809523, 6, 12.089766667034143);
INSERT INTO building(id, name, level) VALUES (985, "building_logging_camplevel", 15);
INSERT INTO demand(goods_id, building_id, max_demand, current_input, level) VALUES (33, 985, 75.0, 15, 5.248190832210201);
INSERT INTO supply(goods_id, building_id, max_supply, current_output, level) VALUES (10, 985, 600.0, 15, 41.98552665768161);
INSERT INTO supply(goods_id, building_id, max_supply, current_output, level) VALUES (26, 985, 150.0, 15, 10.496381664420403);
INSERT INTO building(id, name, level) VALUES (986, "building_barrackslevel", 15);
INSERT INTO demand(goods_id, building_id, max_demand, current_input, level) VALUES (1, 986, 15.0, 15, 2.652951140196656);
INSERT INTO demand(goods_id, building_id, max_demand, current_input, level) VALUES (2, 986, 15.0, 15, 2.652951140196656);
INSERT INTO building(id, name, level) VALUES (987, "building_naval_baselevel", 10);
INSERT INTO demand(goods_id, building_id, max_demand, current_input, level) VALUES (5, 987, 13.122, 10, 8.281773146264745);
INSERT INTO building(id, name, level) VALUES (988, "building_fishing_wharflevel", 2);
INSERT INTO demand(goods_id, building_id, max_demand, current_input, level) VALUES (18, 988, 10.0, 2, 9.211917324953053);
INSERT INTO supply(goods_id, building_id, max_supply, current_output, level) VALUES (8, 988, 100.0, 2, 92.11917324953053);
INSERT INTO building(id, name, level) VALUES (989, "building_portlevel", 2);
INSERT INTO demand(goods_id, building_id, max_demand, current_input, level) VALUES (18, 989, 10.0, 2, 9.211917324953053);
INSERT INTO building(id, name, level) VALUES (990, "building_livestock_ranchlevel", 7);
INSERT INTO supply(goods_id, building_id, max_supply, current_output, level) VALUES (9, 990, 210.0, 7, 275.1);
INSERT INTO supply(goods_id, building_id, max_supply, current_output, level) VALUES (36, 990, 35.0, 7, 45.85);
INSERT INTO building(id, name, level) VALUES (991, "building_wheat_farmlevel", 15);
INSERT INTO supply(goods_id, building_id, max_supply, current_output, level) VALUES (7, 991, 225.00000000000003, 15, 312.75);
INSERT INTO supply(goods_id, building_id, max_supply, current_output, level) VALUES (39, 991, 120.00000000000001, 15, 166.8);
INSERT INTO building(id, name, level) VALUES (992, "building_fishing_wharflevel", 2);
INSERT INTO demand(goods_id, building_id, max_demand, current_input, level) VALUES (18, 992, 10.0, 2, 9.211917324953053);
INSERT INTO supply(goods_id, building_id, max_supply, current_output, level) VALUES (8, 992, 100.0, 2, 92.11917324953053);
INSERT INTO building(id, name, level) VALUES (993, "building_barrackslevel", 20);
INSERT INTO demand(goods_id, building_id, max_demand, current_input, level) VALUES (1, 993, 17.688, 20, 3.1283599845198964);
INSERT INTO demand(goods_id, building_id, max_demand, current_input, level) VALUES (2, 993, 17.688, 20, 3.1283599845198964);
INSERT INTO building(id, name, level) VALUES (994, "building_rye_farmlevel", 4);
INSERT INTO supply(goods_id, building_id, max_supply, current_output, level) VALUES (7, 994, 40.00000000000001, 4, 45.2);
INSERT INTO supply(goods_id, building_id, max_supply, current_output, level) VALUES (38, 994, 60.0, 4, 67.8);
INSERT INTO building(id, name, level) VALUES (995, "building_logging_camplevel", 10);
INSERT INTO demand(goods_id, building_id, max_demand, current_input, level) VALUES (33, 995, 50.0, 10, 3.4987938881401344);
INSERT INTO supply(goods_id, building_id, max_supply, current_output, level) VALUES (10, 995, 400.0, 10, 27.990351105121075);
INSERT INTO supply(goods_id, building_id, max_supply, current_output, level) VALUES (26, 995, 100.0, 10, 6.997587776280269);
INSERT INTO building(id, name, level) VALUES (996, "building_barrackslevel", 20);
INSERT INTO demand(goods_id, building_id, max_demand, current_input, level) VALUES (1, 996, 18.212, 20, 3.2210364110174328);
INSERT INTO demand(goods_id, building_id, max_demand, current_input, level) VALUES (2, 996, 18.212, 20, 3.2210364110174328);
INSERT INTO building(id, name, level) VALUES (997, "building_paper_millslevel", 3);
INSERT INTO demand(goods_id, building_id, max_demand, current_input, level) VALUES (10, 997, 90.0, 3, 50.399884740160886);
INSERT INTO supply(goods_id, building_id, max_supply, current_output, level) VALUES (14, 997, 120.0, 3, 67.1998463202145);
INSERT INTO building(id, name, level) VALUES (998, "building_logging_camplevel", 5);
INSERT INTO demand(goods_id, building_id, max_demand, current_input, level) VALUES (33, 998, 25.0, 5, 1.7493969440700672);
INSERT INTO supply(goods_id, building_id, max_supply, current_output, level) VALUES (10, 998, 200.0, 5, 13.995175552560537);
INSERT INTO supply(goods_id, building_id, max_supply, current_output, level) VALUES (26, 998, 50.0, 5, 3.4987938881401344);
INSERT INTO building(id, name, level) VALUES (999, "building_barrackslevel", 10);
INSERT INTO demand(goods_id, building_id, max_demand, current_input, level) VALUES (1, 999, 10.0, 10, 1.7686340934644373);
INSERT INTO demand(goods_id, building_id, max_demand, current_input, level) VALUES (2, 999, 10.0, 10, 1.7686340934644373);
INSERT INTO building(id, name, level) VALUES (1000, "building_shipyardslevel", 4);
INSERT INTO demand(goods_id, building_id, max_demand, current_input, level) VALUES (9, 1000, 80.0, 4, 121.81612405860963);
INSERT INTO demand(goods_id, building_id, max_demand, current_input, level) VALUES (10, 1000, 160.0, 4, 89.59979509361935);
INSERT INTO supply(goods_id, building_id, max_supply, current_output, level) VALUES (5, 1000, 59.99999999999999, 4, 46.799961580053626);
INSERT INTO supply(goods_id, building_id, max_supply, current_output, level) VALUES (18, 1000, 80.0, 4, 62.399948773404844);
INSERT INTO building(id, name, level) VALUES (1001, "building_livestock_ranchlevel", 4);
INSERT INTO supply(goods_id, building_id, max_supply, current_output, level) VALUES (9, 1001, 120.0, 4, 153.6);
INSERT INTO supply(goods_id, building_id, max_supply, current_output, level) VALUES (36, 1001, 20.0, 4, 25.6);
INSERT INTO building(id, name, level) VALUES (1002, "building_wheat_farmlevel", 8);
INSERT INTO supply(goods_id, building_id, max_supply, current_output, level) VALUES (7, 1002, 240.0, 8, 316.8);
INSERT INTO building(id, name, level) VALUES (1003, "building_naval_baselevel", 20);
INSERT INTO demand(goods_id, building_id, max_demand, current_input, level) VALUES (5, 1003, 32.462, 20, 20.48795304633792);
INSERT INTO building(id, name, level) VALUES (1004, "building_portlevel", 3);
INSERT INTO building(id, name, level) VALUES (1005, "building_rye_farmlevel", 3);
INSERT INTO supply(goods_id, building_id, max_supply, current_output, level) VALUES (7, 1005, 30.0, 3, 33.6);
INSERT INTO supply(goods_id, building_id, max_supply, current_output, level) VALUES (38, 1005, 44.99999999999999, 3, 50.4);
INSERT INTO building(id, name, level) VALUES (1006, "building_logging_camplevel", 2);
INSERT INTO demand(goods_id, building_id, max_demand, current_input, level) VALUES (33, 1006, 10.0, 2, 0.6997587776280269);
INSERT INTO supply(goods_id, building_id, max_supply, current_output, level) VALUES (10, 1006, 80.0, 2, 5.598070221024215);
INSERT INTO supply(goods_id, building_id, max_supply, current_output, level) VALUES (26, 1006, 20.0, 2, 1.3995175552560537);
INSERT INTO building(id, name, level) VALUES (1007, "building_barrackslevel", 10);
INSERT INTO demand(goods_id, building_id, max_demand, current_input, level) VALUES (1, 1007, 10.0, 10, 1.7686340934644373);
INSERT INTO demand(goods_id, building_id, max_demand, current_input, level) VALUES (2, 1007, 10.0, 10, 1.7686340934644373);
INSERT INTO building(id, name, level) VALUES (1013, "building_livestock_ranchlevel", 1);
INSERT INTO supply(goods_id, building_id, max_supply, current_output, level) VALUES (9, 1013, 29.999999999999996, 1, 33.0);
INSERT INTO supply(goods_id, building_id, max_supply, current_output, level) VALUES (36, 1013, 5.0, 1, 5.5);
INSERT INTO building(id, name, level) VALUES (1014, "building_barrackslevel", 15);
INSERT INTO demand(goods_id, building_id, max_demand, current_input, level) VALUES (1, 1014, 13.7679, 15, 2.435037733540902);
INSERT INTO demand(goods_id, building_id, max_demand, current_input, level) VALUES (2, 1014, 13.7679, 15, 2.435037733540902);
INSERT INTO building(id, name, level) VALUES (1015, "building_logging_camplevel", 2);
INSERT INTO demand(goods_id, building_id, max_demand, current_input, level) VALUES (33, 1015, 9.999999999999998, 2, 0.6997587776280267);
INSERT INTO supply(goods_id, building_id, max_supply, current_output, level) VALUES (10, 1015, 79.99999999999999, 2, 5.598070221024214);
INSERT INTO supply(goods_id, building_id, max_supply, current_output, level) VALUES (26, 1015, 19.999999999999996, 2, 1.3995175552560535);
INSERT INTO building(id, name, level) VALUES (1016, "building_shipyardslevel", 2);
INSERT INTO demand(goods_id, building_id, max_demand, current_input, level) VALUES (9, 1016, 40.0, 2, 60.908062029304816);
INSERT INTO demand(goods_id, building_id, max_demand, current_input, level) VALUES (10, 1016, 80.0, 2, 44.799897546809675);
INSERT INTO supply(goods_id, building_id, max_supply, current_output, level) VALUES (5, 1016, 30.0, 2, 23.399980790026817);
INSERT INTO supply(goods_id, building_id, max_supply, current_output, level) VALUES (18, 1016, 40.0, 2, 31.199974386702422);
INSERT INTO building(id, name, level) VALUES (1017, "building_iron_minelevel", 6);
INSERT INTO demand(goods_id, building_id, max_demand, current_input, level) VALUES (33, 1017, 30.0, 6, 2.0992763328840804);
INSERT INTO supply(goods_id, building_id, max_supply, current_output, level) VALUES (24, 1017, 120.0, 6, 8.397105331536322);
INSERT INTO building(id, name, level) VALUES (1018, "building_logging_camplevel", 2);
INSERT INTO demand(goods_id, building_id, max_demand, current_input, level) VALUES (33, 1018, 10.0, 2, 0.6997587776280269);
INSERT INTO supply(goods_id, building_id, max_supply, current_output, level) VALUES (10, 1018, 80.0, 2, 5.598070221024215);
INSERT INTO supply(goods_id, building_id, max_supply, current_output, level) VALUES (26, 1018, 20.0, 2, 1.3995175552560537);
INSERT INTO building(id, name, level) VALUES (1019, "building_barrackslevel", 11);
INSERT INTO demand(goods_id, building_id, max_demand, current_input, level) VALUES (1, 1019, 11.0, 11, 1.945497502810881);
INSERT INTO demand(goods_id, building_id, max_demand, current_input, level) VALUES (2, 1019, 11.0, 11, 1.945497502810881);
INSERT INTO building(id, name, level) VALUES (1020, "building_fishing_wharflevel", 1);
INSERT INTO supply(goods_id, building_id, max_supply, current_output, level) VALUES (8, 1020, 25.0, 1, 25.0);
INSERT INTO building(id, name, level) VALUES (1021, "building_rye_farmlevel", 1);
INSERT INTO supply(goods_id, building_id, max_supply, current_output, level) VALUES (7, 1021, 10.0, 1, 11.0);
INSERT INTO supply(goods_id, building_id, max_supply, current_output, level) VALUES (38, 1021, 14.999999999999998, 1, 16.5);
INSERT INTO building(id, name, level) VALUES (1022, "building_naval_baselevel", 5);
INSERT INTO demand(goods_id, building_id, max_demand, current_input, level) VALUES (5, 1022, 10.0, 5, 6.311364994867204);
INSERT INTO building(id, name, level) VALUES (1023, "building_barrackslevel", 5);
INSERT INTO demand(goods_id, building_id, max_demand, current_input, level) VALUES (1, 1023, 3.713, 5, 0.6566938389033455);
INSERT INTO demand(goods_id, building_id, max_demand, current_input, level) VALUES (2, 1023, 3.713, 5, 0.6566938389033455);
INSERT INTO building(id, name, level) VALUES (1024, "building_portlevel", 1);
INSERT INTO demand(goods_id, building_id, max_demand, current_input, level) VALUES (18, 1024, 5.0, 1, 4.605958662476526);
INSERT INTO building(id, name, level) VALUES (1025, "building_rye_farmlevel", 3);
INSERT INTO supply(goods_id, building_id, max_supply, current_output, level) VALUES (7, 1025, 30.0, 3, 33.6);
INSERT INTO supply(goods_id, building_id, max_supply, current_output, level) VALUES (38, 1025, 44.99999999999999, 3, 50.4);
INSERT INTO building(id, name, level) VALUES (1026, "building_naval_baselevel", 10);
INSERT INTO demand(goods_id, building_id, max_demand, current_input, level) VALUES (5, 1026, 20.0, 10, 12.622729989734408);
INSERT INTO building(id, name, level) VALUES (1027, "building_portlevel", 3);
INSERT INTO demand(goods_id, building_id, max_demand, current_input, level) VALUES (18, 1027, 15.0, 3, 13.817875987429579);
INSERT INTO building(id, name, level) VALUES (1028, "building_rye_farmlevel", 4);
INSERT INTO supply(goods_id, building_id, max_supply, current_output, level) VALUES (7, 1028, 40.00000000000001, 4, 45.2);
INSERT INTO supply(goods_id, building_id, max_supply, current_output, level) VALUES (38, 1028, 60.0, 4, 67.8);
INSERT INTO building(id, name, level) VALUES (1029, "building_barrackslevel", 5);
INSERT INTO demand(goods_id, building_id, max_demand, current_input, level) VALUES (1, 1029, 3.893, 5, 0.6885292525857054);
INSERT INTO demand(goods_id, building_id, max_demand, current_input, level) VALUES (2, 1029, 3.893, 5, 0.6885292525857054);
INSERT INTO building(id, name, level) VALUES (1030, "building_portlevel", 1);
INSERT INTO demand(goods_id, building_id, max_demand, current_input, level) VALUES (18, 1030, 5.0, 1, 4.605958662476526);
INSERT INTO building(id, name, level) VALUES (1031, "building_furniture_manufacturieslevel", 2);
INSERT INTO demand(goods_id, building_id, max_demand, current_input, level) VALUES (9, 1031, 20.0, 2, 30.454031014652408);
INSERT INTO demand(goods_id, building_id, max_demand, current_input, level) VALUES (10, 1031, 40.0, 2, 22.399948773404837);
INSERT INTO demand(goods_id, building_id, max_demand, current_input, level) VALUES (26, 1031, 20.0, 2, 4.788728805064841);
INSERT INTO demand(goods_id, building_id, max_demand, current_input, level) VALUES (33, 1031, 10.0, 2, 0.6997587776280269);
INSERT INTO supply(goods_id, building_id, max_supply, current_output, level) VALUES (13, 1031, 90.0, 2, 42.06174834040123);
INSERT INTO supply(goods_id, building_id, max_supply, current_output, level) VALUES (49, 1031, 40.0, 2, 18.69411037351166);
INSERT INTO building(id, name, level) VALUES (1032, "building_paper_millslevel", 3);
INSERT INTO demand(goods_id, building_id, max_demand, current_input, level) VALUES (10, 1032, 90.0, 3, 50.399884740160886);
INSERT INTO supply(goods_id, building_id, max_supply, current_output, level) VALUES (14, 1032, 120.0, 3, 67.1998463202145);
INSERT INTO building(id, name, level) VALUES (1033, "building_rye_farmlevel", 2);
INSERT INTO supply(goods_id, building_id, max_supply, current_output, level) VALUES (7, 1033, 19.999999999999996, 2, 22.2);
INSERT INTO supply(goods_id, building_id, max_supply, current_output, level) VALUES (38, 1033, 29.999999999999996, 2, 33.3);
INSERT INTO building(id, name, level) VALUES (1034, "building_tooling_workshopslevel", 1);
INSERT INTO demand(goods_id, building_id, max_demand, current_input, level) VALUES (10, 1034, 30.0, 1, 16.79996158005363);
INSERT INTO demand(goods_id, building_id, max_demand, current_input, level) VALUES (24, 1034, 20.0, 1, 0.6248321402021458);
INSERT INTO supply(goods_id, building_id, max_supply, current_output, level) VALUES (33, 1034, 60.0, 1, 17.737209790356847);
INSERT INTO building(id, name, level) VALUES (1035, "building_logging_camplevel", 3);
INSERT INTO demand(goods_id, building_id, max_demand, current_input, level) VALUES (33, 1035, 15.0, 3, 1.0496381664420402);
INSERT INTO supply(goods_id, building_id, max_supply, current_output, level) VALUES (10, 1035, 120.0, 3, 8.397105331536322);
INSERT INTO supply(goods_id, building_id, max_supply, current_output, level) VALUES (26, 1035, 30.0, 3, 2.0992763328840804);
INSERT INTO building(id, name, level) VALUES (1043, "building_textile_millslevel", 6);
INSERT INTO demand(goods_id, building_id, max_demand, current_input, level) VALUES (9, 1043, 240.0, 6, 365.4483721758289);
INSERT INTO demand(goods_id, building_id, max_demand, current_input, level) VALUES (21, 1043, 30.0, 6, 0.0);
INSERT INTO supply(goods_id, building_id, max_supply, current_output, level) VALUES (12, 1043, 360.0, 6, 180.0);
INSERT INTO building(id, name, level) VALUES (1044, "building_rye_farmlevel", 3);
INSERT INTO supply(goods_id, building_id, max_supply, current_output, level) VALUES (7, 1044, 30.0, 3, 33.6);
INSERT INTO supply(goods_id, building_id, max_supply, current_output, level) VALUES (38, 1044, 44.99999999999999, 3, 50.4);
INSERT INTO building(id, name, level) VALUES (1045, "building_paper_millslevel", 2);
INSERT INTO demand(goods_id, building_id, max_demand, current_input, level) VALUES (10, 1045, 60.0, 2, 33.59992316010726);
INSERT INTO supply(goods_id, building_id, max_supply, current_output, level) VALUES (14, 1045, 80.0, 2, 44.79989754680968);
INSERT INTO building(id, name, level) VALUES (1046, "building_livestock_ranchlevel", 3);
INSERT INTO supply(goods_id, building_id, max_supply, current_output, level) VALUES (9, 1046, 89.99999999999999, 3, 100.8);
INSERT INTO supply(goods_id, building_id, max_supply, current_output, level) VALUES (36, 1046, 15.0, 3, 16.8);
INSERT INTO building(id, name, level) VALUES (1047, "building_glassworkslevel", 1);
INSERT INTO demand(goods_id, building_id, max_demand, current_input, level) VALUES (10, 1047, 25.5, 1, 14.279967343045584);
INSERT INTO demand(goods_id, building_id, max_demand, current_input, level) VALUES (21, 1047, 12.75, 1, 0.0);
INSERT INTO supply(goods_id, building_id, max_supply, current_output, level) VALUES (31, 1047, 8.5, 1, 2.379994557174264);
INSERT INTO supply(goods_id, building_id, max_supply, current_output, level) VALUES (35, 1047, 21.25, 1, 5.94998639293566);
INSERT INTO building(id, name, level) VALUES (1119, "building_fishing_wharflevel", 1);
INSERT INTO demand(goods_id, building_id, max_demand, current_input, level) VALUES (18, 1119, 4.25, 1, 3.9150648631050475);
INSERT INTO supply(goods_id, building_id, max_supply, current_output, level) VALUES (8, 1119, 42.5, 1, 39.15064863105047);
INSERT INTO building(id, name, level) VALUES (33555751, "building_wheat_farmlevel", 1);
INSERT INTO supply(goods_id, building_id, max_supply, current_output, level) VALUES (7, 33555751, 10.0, 1, 11.0);
INSERT INTO supply(goods_id, building_id, max_supply, current_output, level) VALUES (37, 33555751, 9.0, 1, 9.9);
INSERT INTO supply(goods_id, building_id, max_supply, current_output, level) VALUES (42, 33555751, 5.999999999999999, 1, 6.6);
INSERT INTO building(id, name, level) VALUES (1420, "building_portlevel", 1);
INSERT INTO demand(goods_id, building_id, max_demand, current_input, level) VALUES (18, 1420, 5.0, 1, 4.605958662476526);
INSERT INTO building(id, name, level) VALUES (2059, "building_wheat_farmlevel", 1);
INSERT INTO supply(goods_id, building_id, max_supply, current_output, level) VALUES (7, 2059, 10.0, 1, 11.0);
INSERT INTO supply(goods_id, building_id, max_supply, current_output, level) VALUES (37, 2059, 9.0, 1, 9.9);
INSERT INTO supply(goods_id, building_id, max_supply, current_output, level) VALUES (42, 2059, 5.999999999999999, 1, 6.6);
INSERT INTO building(id, name, level) VALUES (2060, "building_livestock_ranchlevel", 3);
INSERT INTO supply(goods_id, building_id, max_supply, current_output, level) VALUES (9, 2060, 89.99999999999999, 3, 100.8);
INSERT INTO supply(goods_id, building_id, max_supply, current_output, level) VALUES (36, 2060, 15.0, 3, 16.8);
INSERT INTO building(id, name, level) VALUES (2061, "building_tea_plantationlevel", 2);
INSERT INTO supply(goods_id, building_id, max_supply, current_output, level) VALUES (40, 2061, 39.37239603960396, 2, 39.76612);
INSERT INTO building(id, name, level) VALUES (2064, "building_wheat_farmlevel", 2);
INSERT INTO demand(goods_id, building_id, max_demand, current_input, level) VALUES (33, 2064, 2.0, 2, 0.13995175552560538);
INSERT INTO supply(goods_id, building_id, max_supply, current_output, level) VALUES (7, 2064, 19.999999999999996, 2, 1.3995175552560535);
INSERT INTO supply(goods_id, building_id, max_supply, current_output, level) VALUES (37, 2064, 18.0, 2, 1.2595657997304484);
INSERT INTO supply(goods_id, building_id, max_supply, current_output, level) VALUES (42, 2064, 12.0, 2, 0.8397105331536323);
INSERT INTO building(id, name, level) VALUES (2065, "building_tobacco_plantationlevel", 2);
INSERT INTO supply(goods_id, building_id, max_supply, current_output, level) VALUES (43, 2065, 44.220495049504954, 2, 44.6627);
INSERT INTO building(id, name, level) VALUES (2066, "building_livestock_ranchlevel", 2);
INSERT INTO supply(goods_id, building_id, max_supply, current_output, level) VALUES (9, 2066, 59.99999999999999, 2, 66.6);
INSERT INTO supply(goods_id, building_id, max_supply, current_output, level) VALUES (36, 2066, 9.999999999999998, 2, 11.1);
INSERT INTO building(id, name, level) VALUES (2070, "building_wheat_farmlevel", 2);
INSERT INTO supply(goods_id, building_id, max_supply, current_output, level) VALUES (7, 2070, 18.997999999999998, 2, 21.08778);
INSERT INTO supply(goods_id, building_id, max_supply, current_output, level) VALUES (37, 2070, 17.098198198198197, 2, 18.979);
INSERT INTO supply(goods_id, building_id, max_supply, current_output, level) VALUES (42, 2070, 11.398792792792792, 2, 12.65266);
INSERT INTO building(id, name, level) VALUES (2071, "building_rice_farmlevel", 1);
INSERT INTO supply(goods_id, building_id, max_supply, current_output, level) VALUES (7, 2071, 20.0, 1, 22.0);
INSERT INTO supply(goods_id, building_id, max_supply, current_output, level) VALUES (37, 2071, 5.999999999999999, 1, 6.6);
INSERT INTO supply(goods_id, building_id, max_supply, current_output, level) VALUES (42, 2071, 9.0, 1, 9.9);
INSERT INTO building(id, name, level) VALUES (2072, "building_tea_plantationlevel", 2);
INSERT INTO supply(goods_id, building_id, max_supply, current_output, level) VALUES (40, 2072, 39.37239603960396, 2, 39.76612);
INSERT INTO building(id, name, level) VALUES (2073, "building_textile_millslevel", 1);
INSERT INTO demand(goods_id, building_id, max_demand, current_input, level) VALUES (9, 2073, 30.0, 1, 45.681046521978615);
INSERT INTO demand(goods_id, building_id, max_demand, current_input, level) VALUES (20, 2073, 10.0, 1, 0.0);
INSERT INTO supply(goods_id, building_id, max_supply, current_output, level) VALUES (12, 2073, 25.0, 1, 12.5);
INSERT INTO supply(goods_id, building_id, max_supply, current_output, level) VALUES (48, 2073, 20.0, 1, 10.0);
INSERT INTO building(id, name, level) VALUES (2074, "building_barrackslevel", 10);
INSERT INTO demand(goods_id, building_id, max_demand, current_input, level) VALUES (1, 2074, 7.815, 10, 1.3821875440424578);
INSERT INTO demand(goods_id, building_id, max_demand, current_input, level) VALUES (2, 2074, 7.815, 10, 1.3821875440424578);
INSERT INTO building(id, name, level) VALUES (2075, "building_arms_industrylevel", 10);
INSERT INTO demand(goods_id, building_id, max_demand, current_input, level) VALUES (24, 2075, 198.32999999999998, 10, 6.196147918314579);
INSERT INTO demand(goods_id, building_id, max_demand, current_input, level) VALUES (26, 2075, 99.16499999999999, 10, 23.74371459771275);
INSERT INTO supply(goods_id, building_id, max_supply, current_output, level) VALUES (1, 2075, 148.74749541284402, 10, 20.131340796831317);
INSERT INTO supply(goods_id, building_id, max_supply, current_output, level) VALUES (2, 2075, 148.74749541284402, 10, 20.131340796831317);
INSERT INTO building(id, name, level) VALUES (2076, "building_food_industrylevel", 2);
INSERT INTO demand(goods_id, building_id, max_demand, current_input, level) VALUES (7, 2076, 40.0, 2, 46.67245665365443);
INSERT INTO demand(goods_id, building_id, max_demand, current_input, level) VALUES (8, 2076, 60.0, 2, 33.47812995228848);
INSERT INTO demand(goods_id, building_id, max_demand, current_input, level) VALUES (24, 2076, 20.0, 2, 0.6248321402021458);
INSERT INTO demand(goods_id, building_id, max_demand, current_input, level) VALUES (42, 2076, 50.0, 2, 4.468470962685921);
INSERT INTO supply(goods_id, building_id, max_supply, current_output, level) VALUES (11, 2076, 90.0, 2, 37.76804682304426);
INSERT INTO supply(goods_id, building_id, max_supply, current_output, level) VALUES (38, 2076, 120.0, 2, 50.357395764059014);
INSERT INTO building(id, name, level) VALUES (2077, "building_rye_farmlevel", 4);
INSERT INTO supply(goods_id, building_id, max_supply, current_output, level) VALUES (7, 2077, 40.00000000000001, 4, 45.2);
INSERT INTO supply(goods_id, building_id, max_supply, current_output, level) VALUES (38, 2077, 60.0, 4, 67.8);
INSERT INTO building(id, name, level) VALUES (2078, "building_barrackslevel", 20);
INSERT INTO demand(goods_id, building_id, max_demand, current_input, level) VALUES (1, 2078, 20.0, 20, 3.5372681869288747);
INSERT INTO demand(goods_id, building_id, max_demand, current_input, level) VALUES (2, 2078, 20.0, 20, 3.5372681869288747);
INSERT INTO building(id, name, level) VALUES (2079, "building_arms_industrylevel", 7);
INSERT INTO demand(goods_id, building_id, max_demand, current_input, level) VALUES (24, 2079, 138.82959433962262, 7, 4.337259627731106);
INSERT INTO demand(goods_id, building_id, max_demand, current_input, level) VALUES (26, 2079, 69.41479245283018, 7, 16.620430805823272);
INSERT INTO supply(goods_id, building_id, max_supply, current_output, level) VALUES (1, 2079, 104.12219811320755, 7, 14.091796631025309);
INSERT INTO supply(goods_id, building_id, max_supply, current_output, level) VALUES (2, 2079, 104.12219811320755, 7, 14.091796631025309);
INSERT INTO building(id, name, level) VALUES (2080, "building_paper_millslevel", 2);
INSERT INTO demand(goods_id, building_id, max_demand, current_input, level) VALUES (10, 2080, 60.0, 2, 33.59992316010726);
INSERT INTO supply(goods_id, building_id, max_supply, current_output, level) VALUES (14, 2080, 80.0, 2, 44.79989754680968);
INSERT INTO building(id, name, level) VALUES (2081, "building_food_industrylevel", 3);
INSERT INTO demand(goods_id, building_id, max_demand, current_input, level) VALUES (7, 2081, 60.0, 3, 70.00868498048165);
INSERT INTO demand(goods_id, building_id, max_demand, current_input, level) VALUES (8, 2081, 90.0, 3, 50.21719492843272);
INSERT INTO demand(goods_id, building_id, max_demand, current_input, level) VALUES (24, 2081, 30.0, 3, 0.9372482103032188);
INSERT INTO demand(goods_id, building_id, max_demand, current_input, level) VALUES (42, 2081, 75.0, 3, 6.702706444028881);
INSERT INTO supply(goods_id, building_id, max_supply, current_output, level) VALUES (11, 2081, 135.0, 3, 56.65207023456639);
INSERT INTO supply(goods_id, building_id, max_supply, current_output, level) VALUES (38, 2081, 180.0, 3, 75.53609364608852);
INSERT INTO building(id, name, level) VALUES (2082, "building_rye_farmlevel", 2);
INSERT INTO supply(goods_id, building_id, max_supply, current_output, level) VALUES (7, 2082, 19.999999999999996, 2, 22.2);
INSERT INTO supply(goods_id, building_id, max_supply, current_output, level) VALUES (38, 2082, 29.999999999999996, 2, 33.3);
INSERT INTO building(id, name, level) VALUES (2083, "building_barrackslevel", 20);
INSERT INTO demand(goods_id, building_id, max_demand, current_input, level) VALUES (1, 2083, 20.0, 20, 3.5372681869288747);
INSERT INTO demand(goods_id, building_id, max_demand, current_input, level) VALUES (2, 2083, 20.0, 20, 3.5372681869288747);
INSERT INTO building(id, name, level) VALUES (2084, "building_logging_camplevel", 5);
INSERT INTO demand(goods_id, building_id, max_demand, current_input, level) VALUES (33, 2084, 25.000000000000004, 5, 1.7493969440700674);
INSERT INTO supply(goods_id, building_id, max_supply, current_output, level) VALUES (10, 2084, 200.00000000000003, 5, 13.99517555256054);
INSERT INTO supply(goods_id, building_id, max_supply, current_output, level) VALUES (26, 2084, 50.00000000000001, 5, 3.498793888140135);
INSERT INTO building(id, name, level) VALUES (2085, "building_iron_minelevel", 10);
INSERT INTO demand(goods_id, building_id, max_demand, current_input, level) VALUES (33, 2085, 49.99999999999999, 10, 3.498793888140134);
INSERT INTO supply(goods_id, building_id, max_supply, current_output, level) VALUES (24, 2085, 199.99999999999997, 10, 13.995175552560536);
INSERT INTO building(id, name, level) VALUES (2086, "building_rye_farmlevel", 5);
INSERT INTO supply(goods_id, building_id, max_supply, current_output, level) VALUES (7, 2086, 50.00000000000001, 5, 57.0);
INSERT INTO supply(goods_id, building_id, max_supply, current_output, level) VALUES (38, 2086, 75.0, 5, 85.5);
INSERT INTO building(id, name, level) VALUES (2087, "building_barrackslevel", 20);
INSERT INTO demand(goods_id, building_id, max_demand, current_input, level) VALUES (1, 2087, 10.384, 20, 1.8365496426534718);
INSERT INTO demand(goods_id, building_id, max_demand, current_input, level) VALUES (2, 2087, 10.384, 20, 1.8365496426534718);
INSERT INTO building(id, name, level) VALUES (2088, "building_livestock_ranchlevel", 1);
INSERT INTO supply(goods_id, building_id, max_supply, current_output, level) VALUES (9, 2088, 29.999999999999996, 1, 33.0);
INSERT INTO supply(goods_id, building_id, max_supply, current_output, level) VALUES (36, 2088, 5.0, 1, 5.5);
INSERT INTO building(id, name, level) VALUES (2791, "building_iron_minelevel", 6);
INSERT INTO demand(goods_id, building_id, max_demand, current_input, level) VALUES (33, 2791, 30.0, 6, 2.0992763328840804);
INSERT INTO supply(goods_id, building_id, max_supply, current_output, level) VALUES (24, 2791, 120.0, 6, 8.397105331536322);
INSERT INTO building(id, name, level) VALUES (2792, "building_logging_camplevel", 3);
INSERT INTO demand(goods_id, building_id, max_demand, current_input, level) VALUES (33, 2792, 15.0, 3, 1.0496381664420402);
INSERT INTO supply(goods_id, building_id, max_supply, current_output, level) VALUES (10, 2792, 120.0, 3, 8.397105331536322);
INSERT INTO supply(goods_id, building_id, max_supply, current_output, level) VALUES (26, 2792, 30.0, 3, 2.0992763328840804);
INSERT INTO building(id, name, level) VALUES (2793, "building_naval_baselevel", 5);
INSERT INTO demand(goods_id, building_id, max_demand, current_input, level) VALUES (5, 2793, 10.0, 5, 6.311364994867204);
INSERT INTO building(id, name, level) VALUES (2794, "building_portlevel", 1);
INSERT INTO demand(goods_id, building_id, max_demand, current_input, level) VALUES (18, 2794, 5.0, 1, 4.605958662476526);
INSERT INTO building(id, name, level) VALUES (2823, "building_subsistence_farmslevel", 4);
INSERT INTO supply(goods_id, building_id, max_supply, current_output, level) VALUES (7, 2823, 2.8878, 4, 3.17658);
INSERT INTO supply(goods_id, building_id, max_supply, current_output, level) VALUES (9, 2823, 0.4812999999999999, 4, 0.52943);
INSERT INTO supply(goods_id, building_id, max_supply, current_output, level) VALUES (10, 2823, 0.4812999999999999, 4, 0.52943);
INSERT INTO supply(goods_id, building_id, max_supply, current_output, level) VALUES (12, 2823, 0.4812999999999999, 4, 0.52943);
INSERT INTO supply(goods_id, building_id, max_supply, current_output, level) VALUES (13, 2823, 0.4812999999999999, 4, 0.52943);
INSERT INTO supply(goods_id, building_id, max_supply, current_output, level) VALUES (15, 2823, 0.4812999999999999, 4, 0.52943);
INSERT INTO supply(goods_id, building_id, max_supply, current_output, level) VALUES (38, 2823, 0.6738181818181818, 4, 0.7412);
INSERT INTO building(id, name, level) VALUES (2832, "building_subsistence_farmslevel", 41);
INSERT INTO supply(goods_id, building_id, max_supply, current_output, level) VALUES (7, 2832, 2.365281818181818, 41, 2.60181);
INSERT INTO supply(goods_id, building_id, max_supply, current_output, level) VALUES (9, 2832, 0.3942090909090909, 41, 0.43363);
INSERT INTO supply(goods_id, building_id, max_supply, current_output, level) VALUES (10, 2832, 0.3942090909090909, 41, 0.43363);
INSERT INTO supply(goods_id, building_id, max_supply, current_output, level) VALUES (12, 2832, 0.3942090909090909, 41, 0.43363);
INSERT INTO supply(goods_id, building_id, max_supply, current_output, level) VALUES (13, 2832, 0.3942090909090909, 41, 0.43363);
INSERT INTO supply(goods_id, building_id, max_supply, current_output, level) VALUES (15, 2832, 0.3942090909090909, 41, 0.43363);
INSERT INTO supply(goods_id, building_id, max_supply, current_output, level) VALUES (38, 2832, 0.5519, 41, 0.60709);
INSERT INTO building(id, name, level) VALUES (2836, "building_subsistence_farmslevel", 47);
INSERT INTO supply(goods_id, building_id, max_supply, current_output, level) VALUES (7, 2836, 56.77646363636363, 47, 62.45411);
INSERT INTO supply(goods_id, building_id, max_supply, current_output, level) VALUES (9, 2836, 9.462736363636363, 47, 10.40901);
INSERT INTO supply(goods_id, building_id, max_supply, current_output, level) VALUES (10, 2836, 9.462736363636363, 47, 10.40901);
INSERT INTO supply(goods_id, building_id, max_supply, current_output, level) VALUES (12, 2836, 9.462736363636363, 47, 10.40901);
INSERT INTO supply(goods_id, building_id, max_supply, current_output, level) VALUES (13, 2836, 9.462736363636363, 47, 10.40901);
INSERT INTO supply(goods_id, building_id, max_supply, current_output, level) VALUES (15, 2836, 9.462736363636363, 47, 10.40901);
INSERT INTO supply(goods_id, building_id, max_supply, current_output, level) VALUES (38, 2836, 13.247836363636363, 47, 14.57262);
INSERT INTO building(id, name, level) VALUES (2837, "building_urban_centerlevel", 8);
INSERT INTO demand(goods_id, building_id, max_demand, current_input, level) VALUES (10, 2837, 39.99999999999999, 8, 22.399948773404834);
INSERT INTO demand(goods_id, building_id, max_demand, current_input, level) VALUES (31, 2837, 39.99999999999999, 8, 7.341767979631519);
INSERT INTO supply(goods_id, building_id, max_supply, current_output, level) VALUES (15, 2837, 319.35999999999996, 8, 118.72893327812112);
INSERT INTO building(id, name, level) VALUES (2838, "building_subsistence_pastureslevel", 32);
INSERT INTO supply(goods_id, building_id, max_supply, current_output, level) VALUES (7, 2838, 2.7830363636363633, 32, 3.06134);
INSERT INTO supply(goods_id, building_id, max_supply, current_output, level) VALUES (9, 2838, 4.174554545454545, 32, 4.59201);
INSERT INTO supply(goods_id, building_id, max_supply, current_output, level) VALUES (10, 2838, 1.3915181818181817, 32, 1.53067);
INSERT INTO supply(goods_id, building_id, max_supply, current_output, level) VALUES (12, 2838, 2.7830363636363633, 32, 3.06134);
INSERT INTO supply(goods_id, building_id, max_supply, current_output, level) VALUES (13, 2838, 2.7830363636363633, 32, 3.06134);
INSERT INTO supply(goods_id, building_id, max_supply, current_output, level) VALUES (15, 2838, 2.7830363636363633, 32, 3.06134);
INSERT INTO supply(goods_id, building_id, max_supply, current_output, level) VALUES (36, 2838, 9.239690909090909, 32, 10.16366);
INSERT INTO supply(goods_id, building_id, max_supply, current_output, level) VALUES (38, 2838, 3.896254545454545, 32, 4.28588);
INSERT INTO building(id, name, level) VALUES (16780586, "building_portlevel", 2);
INSERT INTO demand(goods_id, building_id, max_demand, current_input, level) VALUES (18, 16780586, 10.0, 2, 9.211917324953053);
INSERT INTO building(id, name, level) VALUES (67112386, "building_construction_sectorlevel", 1);
INSERT INTO demand(goods_id, building_id, max_demand, current_input, level) VALUES (9, 67112386, 4.968, 1, 7.564781304039657);
INSERT INTO demand(goods_id, building_id, max_demand, current_input, level) VALUES (10, 67112386, 9.936, 1, 5.564147275313761);
INSERT INTO demand(goods_id, building_id, max_demand, current_input, level) VALUES (24, 67112386, 12.42, 1, 0.38802075906553257);
INSERT INTO demand(goods_id, building_id, max_demand, current_input, level) VALUES (33, 67112386, 2.484, 1, 0.1738200803628019);
INSERT INTO building(id, name, level) VALUES (3545, "building_subsistence_farmslevel", 30);
INSERT INTO supply(goods_id, building_id, max_supply, current_output, level) VALUES (7, 3545, 37.627199999999995, 30, 41.38992);
INSERT INTO supply(goods_id, building_id, max_supply, current_output, level) VALUES (9, 3545, 6.271199999999999, 30, 6.89832);
INSERT INTO supply(goods_id, building_id, max_supply, current_output, level) VALUES (10, 3545, 6.271199999999999, 30, 6.89832);
INSERT INTO supply(goods_id, building_id, max_supply, current_output, level) VALUES (12, 3545, 6.271199999999999, 30, 6.89832);
INSERT INTO supply(goods_id, building_id, max_supply, current_output, level) VALUES (13, 3545, 6.271199999999999, 30, 6.89832);
INSERT INTO supply(goods_id, building_id, max_supply, current_output, level) VALUES (15, 3545, 6.271199999999999, 30, 6.89832);
INSERT INTO supply(goods_id, building_id, max_supply, current_output, level) VALUES (38, 3545, 8.779672727272727, 30, 9.65764);
INSERT INTO building(id, name, level) VALUES (3546, "building_subsistence_farmslevel", 33);
INSERT INTO supply(goods_id, building_id, max_supply, current_output, level) VALUES (7, 3546, 55.390499999999996, 33, 60.92955);
INSERT INTO supply(goods_id, building_id, max_supply, current_output, level) VALUES (9, 3546, 9.231745454545454, 33, 10.15492);
INSERT INTO supply(goods_id, building_id, max_supply, current_output, level) VALUES (10, 3546, 9.231745454545454, 33, 10.15492);
INSERT INTO supply(goods_id, building_id, max_supply, current_output, level) VALUES (12, 3546, 9.231745454545454, 33, 10.15492);
INSERT INTO supply(goods_id, building_id, max_supply, current_output, level) VALUES (13, 3546, 9.231745454545454, 33, 10.15492);
INSERT INTO supply(goods_id, building_id, max_supply, current_output, level) VALUES (15, 3546, 9.231745454545454, 33, 10.15492);
INSERT INTO supply(goods_id, building_id, max_supply, current_output, level) VALUES (38, 3546, 12.924445454545452, 33, 14.21689);
INSERT INTO building(id, name, level) VALUES (3547, "building_subsistence_farmslevel", 44);
INSERT INTO supply(goods_id, building_id, max_supply, current_output, level) VALUES (7, 3547, 87.39191818181818, 44, 96.13111);
INSERT INTO supply(goods_id, building_id, max_supply, current_output, level) VALUES (9, 3547, 14.565318181818181, 44, 16.02185);
INSERT INTO supply(goods_id, building_id, max_supply, current_output, level) VALUES (10, 3547, 14.565318181818181, 44, 16.02185);
INSERT INTO supply(goods_id, building_id, max_supply, current_output, level) VALUES (12, 3547, 14.565318181818181, 44, 16.02185);
INSERT INTO supply(goods_id, building_id, max_supply, current_output, level) VALUES (13, 3547, 14.565318181818181, 44, 16.02185);
INSERT INTO supply(goods_id, building_id, max_supply, current_output, level) VALUES (15, 3547, 14.565318181818181, 44, 16.02185);
INSERT INTO supply(goods_id, building_id, max_supply, current_output, level) VALUES (38, 3547, 20.39144545454545, 44, 22.43059);
INSERT INTO building(id, name, level) VALUES (3562, "building_subsistence_farmslevel", 6);
INSERT INTO supply(goods_id, building_id, max_supply, current_output, level) VALUES (7, 3562, 2.8571363636363634, 6, 3.14285);
INSERT INTO supply(goods_id, building_id, max_supply, current_output, level) VALUES (9, 3562, 0.4761818181818182, 6, 0.5238);
INSERT INTO supply(goods_id, building_id, max_supply, current_output, level) VALUES (10, 3562, 0.4761818181818182, 6, 0.5238);
INSERT INTO supply(goods_id, building_id, max_supply, current_output, level) VALUES (12, 3562, 0.4761818181818182, 6, 0.5238);
INSERT INTO supply(goods_id, building_id, max_supply, current_output, level) VALUES (13, 3562, 0.4761818181818182, 6, 0.5238);
INSERT INTO supply(goods_id, building_id, max_supply, current_output, level) VALUES (15, 3562, 0.4761818181818182, 6, 0.5238);
INSERT INTO supply(goods_id, building_id, max_supply, current_output, level) VALUES (38, 3562, 0.6666636363636363, 6, 0.73333);
INSERT INTO building(id, name, level) VALUES (16780825, "building_construction_sectorlevel", 1);
INSERT INTO demand(goods_id, building_id, max_demand, current_input, level) VALUES (9, 16780825, 4.96303, 1, 7.557213477332517);
INSERT INTO demand(goods_id, building_id, max_demand, current_input, level) VALUES (10, 16780825, 9.92606, 1, 5.55858088804357);
INSERT INTO demand(goods_id, building_id, max_demand, current_input, level) VALUES (24, 16780825, 12.40758, 1, 0.38763273830646705);
INSERT INTO demand(goods_id, building_id, max_demand, current_input, level) VALUES (33, 16780825, 2.48151, 1, 0.1736458404271725);
INSERT INTO building(id, name, level) VALUES (3673, "building_subsistence_farmslevel", 41);
INSERT INTO supply(goods_id, building_id, max_supply, current_output, level) VALUES (7, 3673, 90.06551818181818, 41, 99.07207);
INSERT INTO supply(goods_id, building_id, max_supply, current_output, level) VALUES (9, 3673, 15.01091818181818, 41, 16.51201);
INSERT INTO supply(goods_id, building_id, max_supply, current_output, level) VALUES (10, 3673, 15.01091818181818, 41, 16.51201);
INSERT INTO supply(goods_id, building_id, max_supply, current_output, level) VALUES (12, 3673, 15.01091818181818, 41, 16.51201);
INSERT INTO supply(goods_id, building_id, max_supply, current_output, level) VALUES (13, 3673, 15.01091818181818, 41, 16.51201);
INSERT INTO supply(goods_id, building_id, max_supply, current_output, level) VALUES (15, 3673, 15.01091818181818, 41, 16.51201);
INSERT INTO supply(goods_id, building_id, max_supply, current_output, level) VALUES (38, 3673, 21.01528181818182, 41, 23.11681);
INSERT INTO building(id, name, level) VALUES (3674, "building_subsistence_farmslevel", 71);
INSERT INTO supply(goods_id, building_id, max_supply, current_output, level) VALUES (7, 3674, 185.01392727272727, 71, 203.51532);
INSERT INTO supply(goods_id, building_id, max_supply, current_output, level) VALUES (9, 3674, 30.835654545454545, 71, 33.91922);
INSERT INTO supply(goods_id, building_id, max_supply, current_output, level) VALUES (10, 3674, 30.835654545454545, 71, 33.91922);
INSERT INTO supply(goods_id, building_id, max_supply, current_output, level) VALUES (12, 3674, 30.835654545454545, 71, 33.91922);
INSERT INTO supply(goods_id, building_id, max_supply, current_output, level) VALUES (13, 3674, 30.835654545454545, 71, 33.91922);
INSERT INTO supply(goods_id, building_id, max_supply, current_output, level) VALUES (15, 3674, 30.835654545454545, 71, 33.91922);
INSERT INTO supply(goods_id, building_id, max_supply, current_output, level) VALUES (38, 3674, 43.16990909090909, 71, 47.4869);
INSERT INTO building(id, name, level) VALUES (3675, "building_subsistence_farmslevel", 88);
INSERT INTO supply(goods_id, building_id, max_supply, current_output, level) VALUES (7, 3675, 164.06279999999998, 88, 180.46908);
INSERT INTO supply(goods_id, building_id, max_supply, current_output, level) VALUES (9, 3675, 27.343799999999998, 88, 30.07818);
INSERT INTO supply(goods_id, building_id, max_supply, current_output, level) VALUES (10, 3675, 27.343799999999998, 88, 30.07818);
INSERT INTO supply(goods_id, building_id, max_supply, current_output, level) VALUES (12, 3675, 27.343799999999998, 88, 30.07818);
INSERT INTO supply(goods_id, building_id, max_supply, current_output, level) VALUES (13, 3675, 27.343799999999998, 88, 30.07818);
INSERT INTO supply(goods_id, building_id, max_supply, current_output, level) VALUES (15, 3675, 27.343799999999998, 88, 30.07818);
INSERT INTO supply(goods_id, building_id, max_supply, current_output, level) VALUES (38, 3675, 38.28131818181818, 88, 42.10945);
INSERT INTO building(id, name, level) VALUES (3676, "building_subsistence_pastureslevel", 20);
INSERT INTO supply(goods_id, building_id, max_supply, current_output, level) VALUES (7, 3676, 2.2577, 20, 2.03193);
INSERT INTO supply(goods_id, building_id, max_supply, current_output, level) VALUES (9, 3676, 3.3865444444444446, 20, 3.04789);
INSERT INTO supply(goods_id, building_id, max_supply, current_output, level) VALUES (10, 3676, 1.1288444444444443, 20, 1.01596);
INSERT INTO supply(goods_id, building_id, max_supply, current_output, level) VALUES (12, 3676, 2.2577, 20, 2.03193);
INSERT INTO supply(goods_id, building_id, max_supply, current_output, level) VALUES (13, 3676, 2.2577, 20, 2.03193);
INSERT INTO supply(goods_id, building_id, max_supply, current_output, level) VALUES (15, 3676, 2.2577, 20, 2.03193);
INSERT INTO supply(goods_id, building_id, max_supply, current_output, level) VALUES (36, 3676, 7.495555555555556, 20, 6.746);
INSERT INTO supply(goods_id, building_id, max_supply, current_output, level) VALUES (38, 3676, 3.1607777777777777, 20, 2.8447);
INSERT INTO building(id, name, level) VALUES (3677, "building_subsistence_pastureslevel", 15);
INSERT INTO supply(goods_id, building_id, max_supply, current_output, level) VALUES (7, 3677, 2.8567444444444448, 15, 2.57107);
INSERT INTO supply(goods_id, building_id, max_supply, current_output, level) VALUES (9, 3677, 4.285122222222222, 15, 3.85661);
INSERT INTO supply(goods_id, building_id, max_supply, current_output, level) VALUES (10, 3677, 1.4283666666666668, 15, 1.28553);
INSERT INTO supply(goods_id, building_id, max_supply, current_output, level) VALUES (12, 3677, 2.8567444444444448, 15, 2.57107);
INSERT INTO supply(goods_id, building_id, max_supply, current_output, level) VALUES (13, 3677, 2.8567444444444448, 15, 2.57107);
INSERT INTO supply(goods_id, building_id, max_supply, current_output, level) VALUES (15, 3677, 2.8567444444444448, 15, 2.57107);
INSERT INTO supply(goods_id, building_id, max_supply, current_output, level) VALUES (36, 3677, 9.484399999999999, 15, 8.53596);
INSERT INTO supply(goods_id, building_id, max_supply, current_output, level) VALUES (38, 3677, 3.9994444444444444, 15, 3.5995);
INSERT INTO building(id, name, level) VALUES (3678, "building_subsistence_farmslevel", 26);
INSERT INTO supply(goods_id, building_id, max_supply, current_output, level) VALUES (7, 3678, 12.752999999999998, 26, 14.0283);
INSERT INTO supply(goods_id, building_id, max_supply, current_output, level) VALUES (9, 3678, 2.1254999999999997, 26, 2.33805);
INSERT INTO supply(goods_id, building_id, max_supply, current_output, level) VALUES (10, 3678, 2.1254999999999997, 26, 2.33805);
INSERT INTO supply(goods_id, building_id, max_supply, current_output, level) VALUES (12, 3678, 2.1254999999999997, 26, 2.33805);
INSERT INTO supply(goods_id, building_id, max_supply, current_output, level) VALUES (13, 3678, 2.1254999999999997, 26, 2.33805);
INSERT INTO supply(goods_id, building_id, max_supply, current_output, level) VALUES (15, 3678, 2.1254999999999997, 26, 2.33805);
INSERT INTO supply(goods_id, building_id, max_supply, current_output, level) VALUES (38, 3678, 2.9757, 26, 3.27327);
INSERT INTO building(id, name, level) VALUES (3679, "building_subsistence_farmslevel", 30);
INSERT INTO supply(goods_id, building_id, max_supply, current_output, level) VALUES (7, 3679, 0.0036, 30, 0.00396);
INSERT INTO supply(goods_id, building_id, max_supply, current_output, level) VALUES (9, 3679, 0.0006, 30, 0.00066);
INSERT INTO supply(goods_id, building_id, max_supply, current_output, level) VALUES (10, 3679, 0.0006, 30, 0.00066);
INSERT INTO supply(goods_id, building_id, max_supply, current_output, level) VALUES (12, 3679, 0.0006, 30, 0.00066);
INSERT INTO supply(goods_id, building_id, max_supply, current_output, level) VALUES (13, 3679, 0.0006, 30, 0.00066);
INSERT INTO supply(goods_id, building_id, max_supply, current_output, level) VALUES (15, 3679, 0.0006, 30, 0.00066);
INSERT INTO supply(goods_id, building_id, max_supply, current_output, level) VALUES (38, 3679, 0.0008363636363636363, 30, 0.00092);
INSERT INTO building(id, name, level) VALUES (3680, "building_subsistence_farmslevel", 169);
INSERT INTO supply(goods_id, building_id, max_supply, current_output, level) VALUES (7, 3680, 258.71702727272725, 169, 284.58873);
INSERT INTO supply(goods_id, building_id, max_supply, current_output, level) VALUES (9, 3680, 43.119499999999995, 169, 47.43145);
INSERT INTO supply(goods_id, building_id, max_supply, current_output, level) VALUES (10, 3680, 43.119499999999995, 169, 47.43145);
INSERT INTO supply(goods_id, building_id, max_supply, current_output, level) VALUES (12, 3680, 43.119499999999995, 169, 47.43145);
INSERT INTO supply(goods_id, building_id, max_supply, current_output, level) VALUES (13, 3680, 43.119499999999995, 169, 47.43145);
INSERT INTO supply(goods_id, building_id, max_supply, current_output, level) VALUES (15, 3680, 43.119499999999995, 169, 47.43145);
INSERT INTO supply(goods_id, building_id, max_supply, current_output, level) VALUES (38, 3680, 60.3673, 169, 66.40403);
INSERT INTO building(id, name, level) VALUES (3681, "building_urban_centerlevel", 1);
INSERT INTO demand(goods_id, building_id, max_demand, current_input, level) VALUES (10, 3681, 5.0, 1, 2.7999935966756047);
INSERT INTO supply(goods_id, building_id, max_supply, current_output, level) VALUES (15, 3681, 25.0, 1, 13.999967983378022);
INSERT INTO building(id, name, level) VALUES (3687, "building_subsistence_pastureslevel", 30);
INSERT INTO supply(goods_id, building_id, max_supply, current_output, level) VALUES (7, 3687, 6.9887999999999995, 30, 7.68768);
INSERT INTO supply(goods_id, building_id, max_supply, current_output, level) VALUES (9, 3687, 10.4832, 30, 11.53152);
INSERT INTO supply(goods_id, building_id, max_supply, current_output, level) VALUES (10, 3687, 3.4943999999999997, 30, 3.84384);
INSERT INTO supply(goods_id, building_id, max_supply, current_output, level) VALUES (12, 3687, 6.9887999999999995, 30, 7.68768);
INSERT INTO supply(goods_id, building_id, max_supply, current_output, level) VALUES (13, 3687, 6.9887999999999995, 30, 7.68768);
INSERT INTO supply(goods_id, building_id, max_supply, current_output, level) VALUES (15, 3687, 6.9887999999999995, 30, 7.68768);
INSERT INTO supply(goods_id, building_id, max_supply, current_output, level) VALUES (36, 3687, 23.20280909090909, 30, 25.52309);
INSERT INTO supply(goods_id, building_id, max_supply, current_output, level) VALUES (38, 3687, 9.78431818181818, 30, 10.76275);
INSERT INTO building(id, name, level) VALUES (3693, "building_subsistence_pastureslevel", 10);
INSERT INTO supply(goods_id, building_id, max_supply, current_output, level) VALUES (7, 3693, 2.2855, 10, 2.51405);
INSERT INTO supply(goods_id, building_id, max_supply, current_output, level) VALUES (9, 3693, 3.428245454545454, 10, 3.77107);
INSERT INTO supply(goods_id, building_id, max_supply, current_output, level) VALUES (10, 3693, 1.1427454545454545, 10, 1.25702);
INSERT INTO supply(goods_id, building_id, max_supply, current_output, level) VALUES (12, 3693, 2.2855, 10, 2.51405);
INSERT INTO supply(goods_id, building_id, max_supply, current_output, level) VALUES (13, 3693, 2.2855, 10, 2.51405);
INSERT INTO supply(goods_id, building_id, max_supply, current_output, level) VALUES (15, 3693, 2.2855, 10, 2.51405);
INSERT INTO supply(goods_id, building_id, max_supply, current_output, level) VALUES (36, 3693, 7.587854545454546, 10, 8.34664);
INSERT INTO supply(goods_id, building_id, max_supply, current_output, level) VALUES (38, 3693, 3.1997, 10, 3.51967);
INSERT INTO building(id, name, level) VALUES (3694, "building_subsistence_pastureslevel", 44);
INSERT INTO supply(goods_id, building_id, max_supply, current_output, level) VALUES (7, 3694, 4.171636363636363, 44, 4.5888);
INSERT INTO supply(goods_id, building_id, max_supply, current_output, level) VALUES (9, 3694, 6.257454545454546, 44, 6.8832);
INSERT INTO supply(goods_id, building_id, max_supply, current_output, level) VALUES (10, 3694, 2.0858181818181816, 44, 2.2944);
INSERT INTO supply(goods_id, building_id, max_supply, current_output, level) VALUES (12, 3694, 4.171636363636363, 44, 4.5888);
INSERT INTO supply(goods_id, building_id, max_supply, current_output, level) VALUES (13, 3694, 4.171636363636363, 44, 4.5888);
INSERT INTO supply(goods_id, building_id, max_supply, current_output, level) VALUES (15, 3694, 4.171636363636363, 44, 4.5888);
INSERT INTO supply(goods_id, building_id, max_supply, current_output, level) VALUES (36, 3694, 13.849836363636362, 44, 15.23482);
INSERT INTO supply(goods_id, building_id, max_supply, current_output, level) VALUES (38, 3694, 5.840290909090909, 44, 6.42432);
INSERT INTO building(id, name, level) VALUES (3695, "building_subsistence_pastureslevel", 26);
INSERT INTO supply(goods_id, building_id, max_supply, current_output, level) VALUES (7, 3695, 2.4434777777777774, 26, 2.19913);
INSERT INTO supply(goods_id, building_id, max_supply, current_output, level) VALUES (9, 3695, 3.665211111111111, 26, 3.29869);
INSERT INTO supply(goods_id, building_id, max_supply, current_output, level) VALUES (10, 3695, 1.2217333333333333, 26, 1.09956);
INSERT INTO supply(goods_id, building_id, max_supply, current_output, level) VALUES (12, 3695, 2.4434777777777774, 26, 2.19913);
INSERT INTO supply(goods_id, building_id, max_supply, current_output, level) VALUES (13, 3695, 2.4434777777777774, 26, 2.19913);
INSERT INTO supply(goods_id, building_id, max_supply, current_output, level) VALUES (15, 3695, 2.4434777777777774, 26, 2.19913);
INSERT INTO supply(goods_id, building_id, max_supply, current_output, level) VALUES (36, 3695, 8.112344444444444, 26, 7.30111);
INSERT INTO supply(goods_id, building_id, max_supply, current_output, level) VALUES (38, 3695, 3.4208666666666665, 26, 3.07878);
INSERT INTO building(id, name, level) VALUES (3696, "building_subsistence_farmslevel", 36);
INSERT INTO supply(goods_id, building_id, max_supply, current_output, level) VALUES (7, 3696, 27.49571818181818, 36, 30.24529);
INSERT INTO supply(goods_id, building_id, max_supply, current_output, level) VALUES (9, 3696, 4.582618181818181, 36, 5.04088);
INSERT INTO supply(goods_id, building_id, max_supply, current_output, level) VALUES (10, 3696, 4.582618181818181, 36, 5.04088);
INSERT INTO supply(goods_id, building_id, max_supply, current_output, level) VALUES (12, 3696, 4.582618181818181, 36, 5.04088);
INSERT INTO supply(goods_id, building_id, max_supply, current_output, level) VALUES (13, 3696, 4.582618181818181, 36, 5.04088);
INSERT INTO supply(goods_id, building_id, max_supply, current_output, level) VALUES (15, 3696, 4.582618181818181, 36, 5.04088);
INSERT INTO supply(goods_id, building_id, max_supply, current_output, level) VALUES (38, 3696, 6.415663636363636, 36, 7.05723);
INSERT INTO building(id, name, level) VALUES (3697, "building_subsistence_farmslevel", 48);
INSERT INTO supply(goods_id, building_id, max_supply, current_output, level) VALUES (7, 3697, 60.020636363636356, 48, 66.0227);
INSERT INTO supply(goods_id, building_id, max_supply, current_output, level) VALUES (9, 3697, 10.003436363636364, 48, 11.00378);
INSERT INTO supply(goods_id, building_id, max_supply, current_output, level) VALUES (10, 3697, 10.003436363636364, 48, 11.00378);
INSERT INTO supply(goods_id, building_id, max_supply, current_output, level) VALUES (12, 3697, 10.003436363636364, 48, 11.00378);
INSERT INTO supply(goods_id, building_id, max_supply, current_output, level) VALUES (13, 3697, 10.003436363636364, 48, 11.00378);
INSERT INTO supply(goods_id, building_id, max_supply, current_output, level) VALUES (15, 3697, 10.003436363636364, 48, 11.00378);
INSERT INTO supply(goods_id, building_id, max_supply, current_output, level) VALUES (38, 3697, 14.00480909090909, 48, 15.40529);
INSERT INTO building(id, name, level) VALUES (3698, "building_subsistence_farmslevel", 64);
INSERT INTO supply(goods_id, building_id, max_supply, current_output, level) VALUES (7, 3698, 161.27039999999997, 64, 177.39744);
INSERT INTO supply(goods_id, building_id, max_supply, current_output, level) VALUES (9, 3698, 26.8784, 64, 29.56624);
INSERT INTO supply(goods_id, building_id, max_supply, current_output, level) VALUES (10, 3698, 26.8784, 64, 29.56624);
INSERT INTO supply(goods_id, building_id, max_supply, current_output, level) VALUES (12, 3698, 26.8784, 64, 29.56624);
INSERT INTO supply(goods_id, building_id, max_supply, current_output, level) VALUES (13, 3698, 26.8784, 64, 29.56624);
INSERT INTO supply(goods_id, building_id, max_supply, current_output, level) VALUES (15, 3698, 26.8784, 64, 29.56624);
INSERT INTO supply(goods_id, building_id, max_supply, current_output, level) VALUES (38, 3698, 37.629754545454546, 64, 41.39273);
INSERT INTO building(id, name, level) VALUES (3701, "building_subsistence_farmslevel", 44);
INSERT INTO supply(goods_id, building_id, max_supply, current_output, level) VALUES (7, 3701, 24.83843636363636, 44, 27.32228);
INSERT INTO supply(goods_id, building_id, max_supply, current_output, level) VALUES (9, 3701, 4.139736363636363, 44, 4.55371);
INSERT INTO supply(goods_id, building_id, max_supply, current_output, level) VALUES (10, 3701, 4.139736363636363, 44, 4.55371);
INSERT INTO supply(goods_id, building_id, max_supply, current_output, level) VALUES (12, 3701, 4.139736363636363, 44, 4.55371);
INSERT INTO supply(goods_id, building_id, max_supply, current_output, level) VALUES (13, 3701, 4.139736363636363, 44, 4.55371);
INSERT INTO supply(goods_id, building_id, max_supply, current_output, level) VALUES (15, 3701, 4.139736363636363, 44, 4.55371);
INSERT INTO supply(goods_id, building_id, max_supply, current_output, level) VALUES (38, 3701, 5.795627272727272, 44, 6.37519);
INSERT INTO building(id, name, level) VALUES (3702, "building_subsistence_pastureslevel", 56);
INSERT INTO supply(goods_id, building_id, max_supply, current_output, level) VALUES (7, 3702, 3.883311111111111, 56, 3.49498);
INSERT INTO supply(goods_id, building_id, max_supply, current_output, level) VALUES (9, 3702, 5.824977777777777, 56, 5.24248);
INSERT INTO supply(goods_id, building_id, max_supply, current_output, level) VALUES (10, 3702, 1.9416555555555555, 56, 1.74749);
INSERT INTO supply(goods_id, building_id, max_supply, current_output, level) VALUES (12, 3702, 3.883311111111111, 56, 3.49498);
INSERT INTO supply(goods_id, building_id, max_supply, current_output, level) VALUES (13, 3702, 3.883311111111111, 56, 3.49498);
INSERT INTO supply(goods_id, building_id, max_supply, current_output, level) VALUES (15, 3702, 3.883311111111111, 56, 3.49498);
INSERT INTO supply(goods_id, building_id, max_supply, current_output, level) VALUES (36, 3702, 12.892622222222222, 56, 11.60336);
INSERT INTO supply(goods_id, building_id, max_supply, current_output, level) VALUES (38, 3702, 5.436644444444444, 56, 4.89298);
INSERT INTO building(id, name, level) VALUES (3703, "building_subsistence_pastureslevel", 16);
INSERT INTO supply(goods_id, building_id, max_supply, current_output, level) VALUES (7, 3703, 3.0612777777777778, 16, 2.75515);
INSERT INTO supply(goods_id, building_id, max_supply, current_output, level) VALUES (9, 3703, 4.591911111111111, 16, 4.13272);
INSERT INTO supply(goods_id, building_id, max_supply, current_output, level) VALUES (10, 3703, 1.5306333333333333, 16, 1.37757);
INSERT INTO supply(goods_id, building_id, max_supply, current_output, level) VALUES (12, 3703, 3.0612777777777778, 16, 2.75515);
INSERT INTO supply(goods_id, building_id, max_supply, current_output, level) VALUES (13, 3703, 3.0612777777777778, 16, 2.75515);
INSERT INTO supply(goods_id, building_id, max_supply, current_output, level) VALUES (15, 3703, 3.0612777777777778, 16, 2.75515);
INSERT INTO supply(goods_id, building_id, max_supply, current_output, level) VALUES (36, 3703, 10.163444444444444, 16, 9.1471);
INSERT INTO supply(goods_id, building_id, max_supply, current_output, level) VALUES (38, 3703, 4.285788888888889, 16, 3.85721);
INSERT INTO building(id, name, level) VALUES (3704, "building_subsistence_farmslevel", 52);
INSERT INTO supply(goods_id, building_id, max_supply, current_output, level) VALUES (7, 3704, 69.83183636363636, 52, 76.81502);
INSERT INTO supply(goods_id, building_id, max_supply, current_output, level) VALUES (9, 3704, 11.638636363636364, 52, 12.8025);
INSERT INTO supply(goods_id, building_id, max_supply, current_output, level) VALUES (10, 3704, 11.638636363636364, 52, 12.8025);
INSERT INTO supply(goods_id, building_id, max_supply, current_output, level) VALUES (12, 3704, 11.638636363636364, 52, 12.8025);
INSERT INTO supply(goods_id, building_id, max_supply, current_output, level) VALUES (13, 3704, 11.638636363636364, 52, 12.8025);
INSERT INTO supply(goods_id, building_id, max_supply, current_output, level) VALUES (15, 3704, 11.638636363636364, 52, 12.8025);
INSERT INTO supply(goods_id, building_id, max_supply, current_output, level) VALUES (38, 3704, 16.294090909090908, 52, 17.9235);
INSERT INTO building(id, name, level) VALUES (3705, "building_subsistence_farmslevel", 162);
INSERT INTO supply(goods_id, building_id, max_supply, current_output, level) VALUES (7, 3705, 258.8727545454545, 162, 284.76003);
INSERT INTO supply(goods_id, building_id, max_supply, current_output, level) VALUES (9, 3705, 43.14545454545454, 162, 47.46);
INSERT INTO supply(goods_id, building_id, max_supply, current_output, level) VALUES (10, 3705, 43.14545454545454, 162, 47.46);
INSERT INTO supply(goods_id, building_id, max_supply, current_output, level) VALUES (12, 3705, 43.14545454545454, 162, 47.46);
INSERT INTO supply(goods_id, building_id, max_supply, current_output, level) VALUES (13, 3705, 43.14545454545454, 162, 47.46);
INSERT INTO supply(goods_id, building_id, max_supply, current_output, level) VALUES (15, 3705, 43.14545454545454, 162, 47.46);
INSERT INTO supply(goods_id, building_id, max_supply, current_output, level) VALUES (38, 3705, 60.40363636363636, 162, 66.444);
INSERT INTO building(id, name, level) VALUES (3706, "building_urban_centerlevel", 3);
INSERT INTO demand(goods_id, building_id, max_demand, current_input, level) VALUES (10, 3706, 15.0, 3, 8.399980790026815);
INSERT INTO supply(goods_id, building_id, max_supply, current_output, level) VALUES (15, 3706, 75.0, 3, 41.999903950134076);
INSERT INTO building(id, name, level) VALUES (3707, "building_subsistence_farmslevel", 206);
INSERT INTO supply(goods_id, building_id, max_supply, current_output, level) VALUES (7, 3707, 388.5798545454545, 206, 427.43784);
INSERT INTO supply(goods_id, building_id, max_supply, current_output, level) VALUES (9, 3707, 64.76330909090908, 206, 71.23964);
INSERT INTO supply(goods_id, building_id, max_supply, current_output, level) VALUES (10, 3707, 64.76330909090908, 206, 71.23964);
INSERT INTO supply(goods_id, building_id, max_supply, current_output, level) VALUES (12, 3707, 64.76330909090908, 206, 71.23964);
INSERT INTO supply(goods_id, building_id, max_supply, current_output, level) VALUES (13, 3707, 64.76330909090908, 206, 71.23964);
INSERT INTO supply(goods_id, building_id, max_supply, current_output, level) VALUES (15, 3707, 64.76330909090908, 206, 71.23964);
INSERT INTO supply(goods_id, building_id, max_supply, current_output, level) VALUES (38, 3707, 90.66862727272726, 206, 99.73549);
INSERT INTO building(id, name, level) VALUES (3708, "building_urban_centerlevel", 3);
INSERT INTO demand(goods_id, building_id, max_demand, current_input, level) VALUES (10, 3708, 15.0, 3, 8.399980790026815);
INSERT INTO demand(goods_id, building_id, max_demand, current_input, level) VALUES (31, 3708, 15.0, 3, 2.75316299236182);
INSERT INTO supply(goods_id, building_id, max_supply, current_output, level) VALUES (15, 3708, 119.75999999999999, 3, 44.52334997929543);
INSERT INTO building(id, name, level) VALUES (3709, "building_subsistence_farmslevel", 110);
INSERT INTO supply(goods_id, building_id, max_supply, current_output, level) VALUES (7, 3709, 242.9955, 110, 267.29505);
INSERT INTO supply(goods_id, building_id, max_supply, current_output, level) VALUES (9, 3709, 40.499245454545445, 110, 44.54917);
INSERT INTO supply(goods_id, building_id, max_supply, current_output, level) VALUES (10, 3709, 40.499245454545445, 110, 44.54917);
INSERT INTO supply(goods_id, building_id, max_supply, current_output, level) VALUES (12, 3709, 40.499245454545445, 110, 44.54917);
INSERT INTO supply(goods_id, building_id, max_supply, current_output, level) VALUES (13, 3709, 40.499245454545445, 110, 44.54917);
INSERT INTO supply(goods_id, building_id, max_supply, current_output, level) VALUES (15, 3709, 40.499245454545445, 110, 44.54917);
INSERT INTO supply(goods_id, building_id, max_supply, current_output, level) VALUES (38, 3709, 56.69894545454545, 110, 62.36884);
INSERT INTO building(id, name, level) VALUES (3710, "building_subsistence_farmslevel", 77);
INSERT INTO supply(goods_id, building_id, max_supply, current_output, level) VALUES (7, 3710, 131.54525454545453, 77, 144.69978);
INSERT INTO supply(goods_id, building_id, max_supply, current_output, level) VALUES (9, 3710, 21.92420909090909, 77, 24.11663);
INSERT INTO supply(goods_id, building_id, max_supply, current_output, level) VALUES (10, 3710, 21.92420909090909, 77, 24.11663);
INSERT INTO supply(goods_id, building_id, max_supply, current_output, level) VALUES (12, 3710, 21.92420909090909, 77, 24.11663);
INSERT INTO supply(goods_id, building_id, max_supply, current_output, level) VALUES (13, 3710, 21.92420909090909, 77, 24.11663);
INSERT INTO supply(goods_id, building_id, max_supply, current_output, level) VALUES (15, 3710, 21.92420909090909, 77, 24.11663);
INSERT INTO supply(goods_id, building_id, max_supply, current_output, level) VALUES (38, 3710, 30.693890909090907, 77, 33.76328);
INSERT INTO building(id, name, level) VALUES (3711, "building_subsistence_farmslevel", 150);
INSERT INTO supply(goods_id, building_id, max_supply, current_output, level) VALUES (7, 3711, 261.3465, 150, 287.48115);
INSERT INTO supply(goods_id, building_id, max_supply, current_output, level) VALUES (9, 3711, 43.55774545454545, 150, 47.91352);
INSERT INTO supply(goods_id, building_id, max_supply, current_output, level) VALUES (10, 3711, 43.55774545454545, 150, 47.91352);
INSERT INTO supply(goods_id, building_id, max_supply, current_output, level) VALUES (12, 3711, 43.55774545454545, 150, 47.91352);
INSERT INTO supply(goods_id, building_id, max_supply, current_output, level) VALUES (13, 3711, 43.55774545454545, 150, 47.91352);
INSERT INTO supply(goods_id, building_id, max_supply, current_output, level) VALUES (15, 3711, 43.55774545454545, 150, 47.91352);
INSERT INTO supply(goods_id, building_id, max_supply, current_output, level) VALUES (38, 3711, 60.98084545454545, 150, 67.07893);
INSERT INTO building(id, name, level) VALUES (3712, "building_urban_centerlevel", 2);
INSERT INTO demand(goods_id, building_id, max_demand, current_input, level) VALUES (10, 3712, 10.0, 2, 5.599987193351209);
INSERT INTO demand(goods_id, building_id, max_demand, current_input, level) VALUES (31, 3712, 10.0, 2, 1.8354419949078797);
INSERT INTO supply(goods_id, building_id, max_supply, current_output, level) VALUES (15, 3712, 79.84, 2, 29.682233319530283);
INSERT INTO building(id, name, level) VALUES (3713, "building_subsistence_farmslevel", 174);
INSERT INTO supply(goods_id, building_id, max_supply, current_output, level) VALUES (7, 3713, 378.711, 174, 416.5821);
INSERT INTO supply(goods_id, building_id, max_supply, current_output, level) VALUES (9, 3713, 63.1185, 174, 69.43035);
INSERT INTO supply(goods_id, building_id, max_supply, current_output, level) VALUES (10, 3713, 63.1185, 174, 69.43035);
INSERT INTO supply(goods_id, building_id, max_supply, current_output, level) VALUES (12, 3713, 63.1185, 174, 69.43035);
INSERT INTO supply(goods_id, building_id, max_supply, current_output, level) VALUES (13, 3713, 63.1185, 174, 69.43035);
INSERT INTO supply(goods_id, building_id, max_supply, current_output, level) VALUES (15, 3713, 63.1185, 174, 69.43035);
INSERT INTO supply(goods_id, building_id, max_supply, current_output, level) VALUES (38, 3713, 88.3659, 174, 97.20249);
INSERT INTO building(id, name, level) VALUES (3714, "building_urban_centerlevel", 7);
INSERT INTO demand(goods_id, building_id, max_demand, current_input, level) VALUES (10, 3714, 35.0, 7, 19.59995517672923);
INSERT INTO supply(goods_id, building_id, max_supply, current_output, level) VALUES (15, 3714, 175.0, 7, 97.99977588364617);
INSERT INTO building(id, name, level) VALUES (3715, "building_subsistence_farmslevel", 27);
INSERT INTO supply(goods_id, building_id, max_supply, current_output, level) VALUES (7, 3715, 70.28450909090908, 27, 77.31296);
INSERT INTO supply(goods_id, building_id, max_supply, current_output, level) VALUES (9, 3715, 11.714081818181818, 27, 12.88549);
INSERT INTO supply(goods_id, building_id, max_supply, current_output, level) VALUES (10, 3715, 11.714081818181818, 27, 12.88549);
INSERT INTO supply(goods_id, building_id, max_supply, current_output, level) VALUES (12, 3715, 11.714081818181818, 27, 12.88549);
INSERT INTO supply(goods_id, building_id, max_supply, current_output, level) VALUES (13, 3715, 11.714081818181818, 27, 12.88549);
INSERT INTO supply(goods_id, building_id, max_supply, current_output, level) VALUES (15, 3715, 11.714081818181818, 27, 12.88549);
INSERT INTO supply(goods_id, building_id, max_supply, current_output, level) VALUES (38, 3715, 16.39971818181818, 27, 18.03969);
INSERT INTO building(id, name, level) VALUES (3717, "building_subsistence_farmslevel", 55);
INSERT INTO supply(goods_id, building_id, max_supply, current_output, level) VALUES (7, 3717, 99.0825, 55, 108.99075);
INSERT INTO supply(goods_id, building_id, max_supply, current_output, level) VALUES (9, 3717, 16.513745454545454, 55, 18.16512);
INSERT INTO supply(goods_id, building_id, max_supply, current_output, level) VALUES (10, 3717, 16.513745454545454, 55, 18.16512);
INSERT INTO supply(goods_id, building_id, max_supply, current_output, level) VALUES (12, 3717, 16.513745454545454, 55, 18.16512);
INSERT INTO supply(goods_id, building_id, max_supply, current_output, level) VALUES (13, 3717, 16.513745454545454, 55, 18.16512);
INSERT INTO supply(goods_id, building_id, max_supply, current_output, level) VALUES (15, 3717, 16.513745454545454, 55, 18.16512);
INSERT INTO supply(goods_id, building_id, max_supply, current_output, level) VALUES (38, 3717, 23.119245454545453, 55, 25.43117);
INSERT INTO building(id, name, level) VALUES (3719, "building_subsistence_farmslevel", 86);
INSERT INTO supply(goods_id, building_id, max_supply, current_output, level) VALUES (7, 3719, 167.09885454545454, 86, 183.80874);
INSERT INTO supply(goods_id, building_id, max_supply, current_output, level) VALUES (9, 3719, 27.849809090909087, 86, 30.63479);
INSERT INTO supply(goods_id, building_id, max_supply, current_output, level) VALUES (10, 3719, 27.849809090909087, 86, 30.63479);
INSERT INTO supply(goods_id, building_id, max_supply, current_output, level) VALUES (12, 3719, 27.849809090909087, 86, 30.63479);
INSERT INTO supply(goods_id, building_id, max_supply, current_output, level) VALUES (13, 3719, 27.849809090909087, 86, 30.63479);
INSERT INTO supply(goods_id, building_id, max_supply, current_output, level) VALUES (15, 3719, 27.849809090909087, 86, 30.63479);
INSERT INTO supply(goods_id, building_id, max_supply, current_output, level) VALUES (38, 3719, 38.98972727272727, 86, 42.8887);
INSERT INTO building(id, name, level) VALUES (3720, "building_subsistence_farmslevel", 52);
INSERT INTO supply(goods_id, building_id, max_supply, current_output, level) VALUES (7, 3720, 14.829354545454546, 52, 16.31229);
INSERT INTO supply(goods_id, building_id, max_supply, current_output, level) VALUES (9, 3720, 2.4715545454545453, 52, 2.71871);
INSERT INTO supply(goods_id, building_id, max_supply, current_output, level) VALUES (10, 3720, 2.4715545454545453, 52, 2.71871);
INSERT INTO supply(goods_id, building_id, max_supply, current_output, level) VALUES (12, 3720, 2.4715545454545453, 52, 2.71871);
INSERT INTO supply(goods_id, building_id, max_supply, current_output, level) VALUES (13, 3720, 2.4715545454545453, 52, 2.71871);
INSERT INTO supply(goods_id, building_id, max_supply, current_output, level) VALUES (15, 3720, 2.4715545454545453, 52, 2.71871);
INSERT INTO supply(goods_id, building_id, max_supply, current_output, level) VALUES (38, 3720, 3.460181818181818, 52, 3.8062);
INSERT INTO building(id, name, level) VALUES (3721, "building_subsistence_farmslevel", 124);
INSERT INTO supply(goods_id, building_id, max_supply, current_output, level) VALUES (7, 3721, 207.1854, 124, 258.98175);
INSERT INTO supply(goods_id, building_id, max_supply, current_output, level) VALUES (9, 3721, 34.530896, 124, 43.16362);
INSERT INTO supply(goods_id, building_id, max_supply, current_output, level) VALUES (10, 3721, 34.530896, 124, 43.16362);
INSERT INTO supply(goods_id, building_id, max_supply, current_output, level) VALUES (12, 3721, 34.530896, 124, 43.16362);
INSERT INTO supply(goods_id, building_id, max_supply, current_output, level) VALUES (13, 3721, 34.530896, 124, 43.16362);
INSERT INTO supply(goods_id, building_id, max_supply, current_output, level) VALUES (15, 3721, 34.530896, 124, 43.16362);
INSERT INTO supply(goods_id, building_id, max_supply, current_output, level) VALUES (38, 3721, 48.343256000000004, 124, 60.42907);
INSERT INTO building(id, name, level) VALUES (3722, "building_urban_centerlevel", 1);
INSERT INTO demand(goods_id, building_id, max_demand, current_input, level) VALUES (10, 3722, 5.0, 1, 2.7999935966756047);
INSERT INTO supply(goods_id, building_id, max_supply, current_output, level) VALUES (15, 3722, 25.0, 1, 13.999967983378022);
INSERT INTO building(id, name, level) VALUES (3723, "building_subsistence_farmslevel", 222);
INSERT INTO supply(goods_id, building_id, max_supply, current_output, level) VALUES (7, 3723, 457.77509999999995, 222, 503.55261);
INSERT INTO supply(goods_id, building_id, max_supply, current_output, level) VALUES (9, 3723, 76.29584545454546, 222, 83.92543);
INSERT INTO supply(goods_id, building_id, max_supply, current_output, level) VALUES (10, 3723, 76.29584545454546, 222, 83.92543);
INSERT INTO supply(goods_id, building_id, max_supply, current_output, level) VALUES (12, 3723, 76.29584545454546, 222, 83.92543);
INSERT INTO supply(goods_id, building_id, max_supply, current_output, level) VALUES (13, 3723, 76.29584545454546, 222, 83.92543);
INSERT INTO supply(goods_id, building_id, max_supply, current_output, level) VALUES (15, 3723, 76.29584545454546, 222, 83.92543);
INSERT INTO supply(goods_id, building_id, max_supply, current_output, level) VALUES (38, 3723, 106.81418181818181, 222, 117.4956);
INSERT INTO building(id, name, level) VALUES (3724, "building_urban_centerlevel", 1);
INSERT INTO demand(goods_id, building_id, max_demand, current_input, level) VALUES (10, 3724, 5.0, 1, 2.7999935966756047);
INSERT INTO supply(goods_id, building_id, max_supply, current_output, level) VALUES (15, 3724, 25.0, 1, 13.999967983378022);
INSERT INTO building(id, name, level) VALUES (3725, "building_subsistence_farmslevel", 56);
INSERT INTO supply(goods_id, building_id, max_supply, current_output, level) VALUES (7, 3725, 80.73071818181818, 56, 88.80379);
INSERT INTO supply(goods_id, building_id, max_supply, current_output, level) VALUES (9, 3725, 13.45511818181818, 56, 14.80063);
INSERT INTO supply(goods_id, building_id, max_supply, current_output, level) VALUES (10, 3725, 13.45511818181818, 56, 14.80063);
INSERT INTO supply(goods_id, building_id, max_supply, current_output, level) VALUES (12, 3725, 13.45511818181818, 56, 14.80063);
INSERT INTO supply(goods_id, building_id, max_supply, current_output, level) VALUES (13, 3725, 13.45511818181818, 56, 14.80063);
INSERT INTO supply(goods_id, building_id, max_supply, current_output, level) VALUES (15, 3725, 13.45511818181818, 56, 14.80063);
INSERT INTO supply(goods_id, building_id, max_supply, current_output, level) VALUES (38, 3725, 18.837163636363634, 56, 20.72088);
INSERT INTO building(id, name, level) VALUES (3726, "building_urban_centerlevel", 1);
INSERT INTO demand(goods_id, building_id, max_demand, current_input, level) VALUES (10, 3726, 5.0, 1, 2.7999935966756047);
INSERT INTO supply(goods_id, building_id, max_supply, current_output, level) VALUES (15, 3726, 25.0, 1, 13.999967983378022);
INSERT INTO building(id, name, level) VALUES (3727, "building_subsistence_farmslevel", 60);
INSERT INTO supply(goods_id, building_id, max_supply, current_output, level) VALUES (7, 3727, 120.36240000000001, 60, 150.453);
INSERT INTO supply(goods_id, building_id, max_supply, current_output, level) VALUES (9, 3727, 20.0604, 60, 25.0755);
INSERT INTO supply(goods_id, building_id, max_supply, current_output, level) VALUES (10, 3727, 20.0604, 60, 25.0755);
INSERT INTO supply(goods_id, building_id, max_supply, current_output, level) VALUES (12, 3727, 20.0604, 60, 25.0755);
INSERT INTO supply(goods_id, building_id, max_supply, current_output, level) VALUES (13, 3727, 20.0604, 60, 25.0755);
INSERT INTO supply(goods_id, building_id, max_supply, current_output, level) VALUES (15, 3727, 20.0604, 60, 25.0755);
INSERT INTO supply(goods_id, building_id, max_supply, current_output, level) VALUES (38, 3727, 28.08456, 60, 35.1057);
INSERT INTO building(id, name, level) VALUES (3728, "building_urban_centerlevel", 2);
INSERT INTO demand(goods_id, building_id, max_demand, current_input, level) VALUES (10, 3728, 10.0, 2, 5.599987193351209);
INSERT INTO demand(goods_id, building_id, max_demand, current_input, level) VALUES (31, 3728, 10.0, 2, 1.8354419949078797);
INSERT INTO supply(goods_id, building_id, max_supply, current_output, level) VALUES (15, 3728, 79.84, 2, 29.682233319530283);
INSERT INTO building(id, name, level) VALUES (3729, "building_subsistence_farmslevel", 65);
INSERT INTO supply(goods_id, building_id, max_supply, current_output, level) VALUES (7, 3729, 127.11854545454544, 65, 139.8304);
INSERT INTO supply(goods_id, building_id, max_supply, current_output, level) VALUES (9, 3729, 21.18641818181818, 65, 23.30506);
INSERT INTO supply(goods_id, building_id, max_supply, current_output, level) VALUES (10, 3729, 21.18641818181818, 65, 23.30506);
INSERT INTO supply(goods_id, building_id, max_supply, current_output, level) VALUES (12, 3729, 21.18641818181818, 65, 23.30506);
INSERT INTO supply(goods_id, building_id, max_supply, current_output, level) VALUES (13, 3729, 21.18641818181818, 65, 23.30506);
INSERT INTO supply(goods_id, building_id, max_supply, current_output, level) VALUES (15, 3729, 21.18641818181818, 65, 23.30506);
INSERT INTO supply(goods_id, building_id, max_supply, current_output, level) VALUES (38, 3729, 29.66099090909091, 65, 32.62709);
INSERT INTO building(id, name, level) VALUES (3730, "building_subsistence_farmslevel", 176);
INSERT INTO supply(goods_id, building_id, max_supply, current_output, level) VALUES (7, 3730, 341.68991818181814, 176, 375.85891);
INSERT INTO supply(goods_id, building_id, max_supply, current_output, level) VALUES (9, 3730, 56.94831818181817, 176, 62.64315);
INSERT INTO supply(goods_id, building_id, max_supply, current_output, level) VALUES (10, 3730, 56.94831818181817, 176, 62.64315);
INSERT INTO supply(goods_id, building_id, max_supply, current_output, level) VALUES (12, 3730, 56.94831818181817, 176, 62.64315);
INSERT INTO supply(goods_id, building_id, max_supply, current_output, level) VALUES (13, 3730, 56.94831818181817, 176, 62.64315);
INSERT INTO supply(goods_id, building_id, max_supply, current_output, level) VALUES (15, 3730, 56.94831818181817, 176, 62.64315);
INSERT INTO supply(goods_id, building_id, max_supply, current_output, level) VALUES (38, 3730, 79.72764545454545, 176, 87.70041);
INSERT INTO building(id, name, level) VALUES (3731, "building_urban_centerlevel", 3);
INSERT INTO demand(goods_id, building_id, max_demand, current_input, level) VALUES (10, 3731, 15.0, 3, 8.399980790026815);
INSERT INTO demand(goods_id, building_id, max_demand, current_input, level) VALUES (31, 3731, 15.0, 3, 2.75316299236182);
INSERT INTO supply(goods_id, building_id, max_supply, current_output, level) VALUES (15, 3731, 119.75999999999999, 3, 44.52334997929543);
INSERT INTO building(id, name, level) VALUES (3732, "building_subsistence_farmslevel", 73);
INSERT INTO supply(goods_id, building_id, max_supply, current_output, level) VALUES (7, 3732, 132.72932727272726, 73, 146.00226);
INSERT INTO supply(goods_id, building_id, max_supply, current_output, level) VALUES (9, 3732, 22.121554545454543, 73, 24.33371);
INSERT INTO supply(goods_id, building_id, max_supply, current_output, level) VALUES (10, 3732, 22.121554545454543, 73, 24.33371);
INSERT INTO supply(goods_id, building_id, max_supply, current_output, level) VALUES (12, 3732, 22.121554545454543, 73, 24.33371);
INSERT INTO supply(goods_id, building_id, max_supply, current_output, level) VALUES (13, 3732, 22.121554545454543, 73, 24.33371);
INSERT INTO supply(goods_id, building_id, max_supply, current_output, level) VALUES (15, 3732, 22.121554545454543, 73, 24.33371);
INSERT INTO supply(goods_id, building_id, max_supply, current_output, level) VALUES (38, 3732, 30.970172727272722, 73, 34.06719);
INSERT INTO building(id, name, level) VALUES (3733, "building_urban_centerlevel", 1);
INSERT INTO demand(goods_id, building_id, max_demand, current_input, level) VALUES (10, 3733, 5.0, 1, 2.7999935966756047);
INSERT INTO supply(goods_id, building_id, max_supply, current_output, level) VALUES (15, 3733, 25.0, 1, 13.999967983378022);
INSERT INTO building(id, name, level) VALUES (3734, "building_subsistence_farmslevel", 141);
INSERT INTO supply(goods_id, building_id, max_supply, current_output, level) VALUES (7, 3734, 257.7719636363636, 141, 283.54916);
INSERT INTO supply(goods_id, building_id, max_supply, current_output, level) VALUES (9, 3734, 42.96199090909091, 141, 47.25819);
INSERT INTO supply(goods_id, building_id, max_supply, current_output, level) VALUES (10, 3734, 42.96199090909091, 141, 47.25819);
INSERT INTO supply(goods_id, building_id, max_supply, current_output, level) VALUES (12, 3734, 42.96199090909091, 141, 47.25819);
INSERT INTO supply(goods_id, building_id, max_supply, current_output, level) VALUES (13, 3734, 42.96199090909091, 141, 47.25819);
INSERT INTO supply(goods_id, building_id, max_supply, current_output, level) VALUES (15, 3734, 42.96199090909091, 141, 47.25819);
INSERT INTO supply(goods_id, building_id, max_supply, current_output, level) VALUES (38, 3734, 60.146790909090896, 141, 66.16147);
INSERT INTO building(id, name, level) VALUES (3735, "building_urban_centerlevel", 2);
INSERT INTO demand(goods_id, building_id, max_demand, current_input, level) VALUES (10, 3735, 10.0, 2, 5.599987193351209);
INSERT INTO supply(goods_id, building_id, max_supply, current_output, level) VALUES (15, 3735, 50.0, 2, 27.999935966756045);
INSERT INTO building(id, name, level) VALUES (3828, "building_subsistence_farmslevel", 100);
INSERT INTO supply(goods_id, building_id, max_supply, current_output, level) VALUES (7, 3828, 178.33499999999998, 100, 196.1685);
INSERT INTO supply(goods_id, building_id, max_supply, current_output, level) VALUES (9, 3828, 29.722499999999997, 100, 32.69475);
INSERT INTO supply(goods_id, building_id, max_supply, current_output, level) VALUES (10, 3828, 29.722499999999997, 100, 32.69475);
INSERT INTO supply(goods_id, building_id, max_supply, current_output, level) VALUES (12, 3828, 29.722499999999997, 100, 32.69475);
INSERT INTO supply(goods_id, building_id, max_supply, current_output, level) VALUES (13, 3828, 29.722499999999997, 100, 32.69475);
INSERT INTO supply(goods_id, building_id, max_supply, current_output, level) VALUES (15, 3828, 29.722499999999997, 100, 32.69475);
INSERT INTO supply(goods_id, building_id, max_supply, current_output, level) VALUES (38, 3828, 41.61149999999999, 100, 45.77265);
INSERT INTO building(id, name, level) VALUES (3829, "building_subsistence_farmslevel", 61);
INSERT INTO supply(goods_id, building_id, max_supply, current_output, level) VALUES (7, 3829, 157.99853636363636, 61, 173.79839);
INSERT INTO supply(goods_id, building_id, max_supply, current_output, level) VALUES (9, 3829, 26.333081818181817, 61, 28.96639);
INSERT INTO supply(goods_id, building_id, max_supply, current_output, level) VALUES (10, 3829, 26.333081818181817, 61, 28.96639);
INSERT INTO supply(goods_id, building_id, max_supply, current_output, level) VALUES (12, 3829, 26.333081818181817, 61, 28.96639);
INSERT INTO supply(goods_id, building_id, max_supply, current_output, level) VALUES (13, 3829, 26.333081818181817, 61, 28.96639);
INSERT INTO supply(goods_id, building_id, max_supply, current_output, level) VALUES (15, 3829, 26.333081818181817, 61, 28.96639);
INSERT INTO supply(goods_id, building_id, max_supply, current_output, level) VALUES (38, 3829, 36.86631818181818, 61, 40.55295);
INSERT INTO building(id, name, level) VALUES (3830, "building_urban_centerlevel", 1);
INSERT INTO demand(goods_id, building_id, max_demand, current_input, level) VALUES (10, 3830, 5.0, 1, 2.7999935966756047);
INSERT INTO supply(goods_id, building_id, max_supply, current_output, level) VALUES (15, 3830, 25.0, 1, 13.999967983378022);
INSERT INTO building(id, name, level) VALUES (3831, "building_subsistence_farmslevel", 83);
INSERT INTO supply(goods_id, building_id, max_supply, current_output, level) VALUES (7, 3831, 204.43895454545452, 83, 224.88285);
INSERT INTO supply(goods_id, building_id, max_supply, current_output, level) VALUES (9, 3831, 34.07315454545454, 83, 37.48047);
INSERT INTO supply(goods_id, building_id, max_supply, current_output, level) VALUES (10, 3831, 34.07315454545454, 83, 37.48047);
INSERT INTO supply(goods_id, building_id, max_supply, current_output, level) VALUES (12, 3831, 34.07315454545454, 83, 37.48047);
INSERT INTO supply(goods_id, building_id, max_supply, current_output, level) VALUES (13, 3831, 34.07315454545454, 83, 37.48047);
INSERT INTO supply(goods_id, building_id, max_supply, current_output, level) VALUES (15, 3831, 34.07315454545454, 83, 37.48047);
INSERT INTO supply(goods_id, building_id, max_supply, current_output, level) VALUES (38, 3831, 47.702418181818175, 83, 52.47266);
INSERT INTO building(id, name, level) VALUES (3832, "building_subsistence_farmslevel", 122);
INSERT INTO supply(goods_id, building_id, max_supply, current_output, level) VALUES (7, 3832, 297.2212727272727, 122, 326.9434);
INSERT INTO supply(goods_id, building_id, max_supply, current_output, level) VALUES (9, 3832, 49.53687272727272, 122, 54.49056);
INSERT INTO supply(goods_id, building_id, max_supply, current_output, level) VALUES (10, 3832, 49.53687272727272, 122, 54.49056);
INSERT INTO supply(goods_id, building_id, max_supply, current_output, level) VALUES (12, 3832, 49.53687272727272, 122, 54.49056);
INSERT INTO supply(goods_id, building_id, max_supply, current_output, level) VALUES (13, 3832, 49.53687272727272, 122, 54.49056);
INSERT INTO supply(goods_id, building_id, max_supply, current_output, level) VALUES (15, 3832, 49.53687272727272, 122, 54.49056);
INSERT INTO supply(goods_id, building_id, max_supply, current_output, level) VALUES (38, 3832, 69.35162727272727, 122, 76.28679);
INSERT INTO building(id, name, level) VALUES (3833, "building_urban_centerlevel", 1);
INSERT INTO demand(goods_id, building_id, max_demand, current_input, level) VALUES (10, 3833, 5.0, 1, 2.7999935966756047);
INSERT INTO supply(goods_id, building_id, max_supply, current_output, level) VALUES (15, 3833, 25.0, 1, 13.999967983378022);
INSERT INTO building(id, name, level) VALUES (3834, "building_subsistence_farmslevel", 90);
INSERT INTO supply(goods_id, building_id, max_supply, current_output, level) VALUES (7, 3834, 147.0069, 90, 161.70759);
INSERT INTO supply(goods_id, building_id, max_supply, current_output, level) VALUES (9, 3834, 24.501145454545455, 90, 26.95126);
INSERT INTO supply(goods_id, building_id, max_supply, current_output, level) VALUES (10, 3834, 24.501145454545455, 90, 26.95126);
INSERT INTO supply(goods_id, building_id, max_supply, current_output, level) VALUES (12, 3834, 24.501145454545455, 90, 26.95126);
INSERT INTO supply(goods_id, building_id, max_supply, current_output, level) VALUES (13, 3834, 24.501145454545455, 90, 26.95126);
INSERT INTO supply(goods_id, building_id, max_supply, current_output, level) VALUES (15, 3834, 24.501145454545455, 90, 26.95126);
INSERT INTO supply(goods_id, building_id, max_supply, current_output, level) VALUES (38, 3834, 34.30160909090909, 90, 37.73177);
INSERT INTO building(id, name, level) VALUES (3835, "building_subsistence_farmslevel", 253);
INSERT INTO supply(goods_id, building_id, max_supply, current_output, level) VALUES (7, 3835, 457.66940800000003, 253, 572.08676);
INSERT INTO supply(goods_id, building_id, max_supply, current_output, level) VALUES (9, 3835, 76.278232, 253, 95.34779);
INSERT INTO supply(goods_id, building_id, max_supply, current_output, level) VALUES (10, 3835, 76.278232, 253, 95.34779);
INSERT INTO supply(goods_id, building_id, max_supply, current_output, level) VALUES (12, 3835, 76.278232, 253, 95.34779);
INSERT INTO supply(goods_id, building_id, max_supply, current_output, level) VALUES (13, 3835, 76.278232, 253, 95.34779);
INSERT INTO supply(goods_id, building_id, max_supply, current_output, level) VALUES (15, 3835, 76.278232, 253, 95.34779);
INSERT INTO supply(goods_id, building_id, max_supply, current_output, level) VALUES (38, 3835, 106.78952799999999, 253, 133.48691);
INSERT INTO building(id, name, level) VALUES (3836, "building_urban_centerlevel", 5);
INSERT INTO demand(goods_id, building_id, max_demand, current_input, level) VALUES (10, 3836, 25.0, 5, 13.999967983378022);
INSERT INTO demand(goods_id, building_id, max_demand, current_input, level) VALUES (31, 3836, 25.0, 5, 4.5886049872697);
INSERT INTO supply(goods_id, building_id, max_supply, current_output, level) VALUES (15, 3836, 199.6, 5, 74.2055832988257);
INSERT INTO building(id, name, level) VALUES (3870, "building_trade_centerlevel", 73);
INSERT INTO building(id, name, level) VALUES (3920, "building_trade_centerlevel", 11);
INSERT INTO building(id, name, level) VALUES (3921, "building_urban_centerlevel", 1);
INSERT INTO demand(goods_id, building_id, max_demand, current_input, level) VALUES (10, 3921, 5.0, 1, 2.7999935966756047);
INSERT INTO demand(goods_id, building_id, max_demand, current_input, level) VALUES (31, 3921, 5.0, 1, 0.9177209974539399);
INSERT INTO supply(goods_id, building_id, max_supply, current_output, level) VALUES (15, 3921, 39.92, 1, 14.841116659765142);
INSERT INTO building(id, name, level) VALUES (3951, "building_conscription_centerlevel", 10);
INSERT INTO building(id, name, level) VALUES (4371, "building_conscription_centerlevel", 1);
INSERT INTO building(id, name, level) VALUES (4372, "building_conscription_centerlevel", 2);
INSERT INTO building(id, name, level) VALUES (4373, "building_conscription_centerlevel", 3);
INSERT INTO building(id, name, level) VALUES (4448, "building_conscription_centerlevel", 3);
INSERT INTO building(id, name, level) VALUES (4449, "building_conscription_centerlevel", 7);
INSERT INTO building(id, name, level) VALUES (4450, "building_conscription_centerlevel", 6);
INSERT INTO building(id, name, level) VALUES (4451, "building_conscription_centerlevel", 16);
INSERT INTO building(id, name, level) VALUES (4458, "building_conscription_centerlevel", 1);
INSERT INTO building(id, name, level) VALUES (4459, "building_conscription_centerlevel", 1);
INSERT INTO building(id, name, level) VALUES (4460, "building_conscription_centerlevel", 3);
INSERT INTO building(id, name, level) VALUES (4461, "building_conscription_centerlevel", 8);
INSERT INTO building(id, name, level) VALUES (4462, "building_conscription_centerlevel", 1);
INSERT INTO building(id, name, level) VALUES (4463, "building_conscription_centerlevel", 5);
INSERT INTO building(id, name, level) VALUES (4464, "building_conscription_centerlevel", 17);
INSERT INTO building(id, name, level) VALUES (4465, "building_conscription_centerlevel", 25);
INSERT INTO building(id, name, level) VALUES (4466, "building_conscription_centerlevel", 14);
INSERT INTO building(id, name, level) VALUES (4467, "building_conscription_centerlevel", 7);
INSERT INTO building(id, name, level) VALUES (4468, "building_conscription_centerlevel", 17);
INSERT INTO building(id, name, level) VALUES (4469, "building_conscription_centerlevel", 25);
INSERT INTO building(id, name, level) VALUES (4470, "building_conscription_centerlevel", 3);
INSERT INTO building(id, name, level) VALUES (4471, "building_conscription_centerlevel", 6);
INSERT INTO building(id, name, level) VALUES (4473, "building_conscription_centerlevel", 9);
INSERT INTO building(id, name, level) VALUES (4474, "building_conscription_centerlevel", 1);
INSERT INTO building(id, name, level) VALUES (4475, "building_conscription_centerlevel", 15);
INSERT INTO building(id, name, level) VALUES (4476, "building_conscription_centerlevel", 25);
INSERT INTO building(id, name, level) VALUES (4477, "building_conscription_centerlevel", 6);
INSERT INTO building(id, name, level) VALUES (4478, "building_conscription_centerlevel", 9);
INSERT INTO building(id, name, level) VALUES (4479, "building_conscription_centerlevel", 7);
INSERT INTO building(id, name, level) VALUES (4480, "building_conscription_centerlevel", 23);
INSERT INTO building(id, name, level) VALUES (4481, "building_conscription_centerlevel", 9);
INSERT INTO building(id, name, level) VALUES (4482, "building_conscription_centerlevel", 17);
INSERT INTO building(id, name, level) VALUES (4531, "building_conscription_centerlevel", 11);
INSERT INTO building(id, name, level) VALUES (4532, "building_conscription_centerlevel", 6);
INSERT INTO building(id, name, level) VALUES (4533, "building_conscription_centerlevel", 8);
INSERT INTO building(id, name, level) VALUES (4534, "building_conscription_centerlevel", 12);
INSERT INTO building(id, name, level) VALUES (4535, "building_conscription_centerlevel", 9);
INSERT INTO building(id, name, level) VALUES (4536, "building_conscription_centerlevel", 25);
INSERT INTO building(id, name, level) VALUES (4712, "building_universitylevel", 1);
INSERT INTO demand(goods_id, building_id, max_demand, current_input, level) VALUES (14, 4712, 5.0, 1, 2.0691509393838694);
INSERT INTO building(id, name, level) VALUES (4728, "building_subsistence_pastureslevel", 44);
INSERT INTO supply(goods_id, building_id, max_supply, current_output, level) VALUES (7, 4728, 4.089799999999999, 44, 4.49878);
INSERT INTO supply(goods_id, building_id, max_supply, current_output, level) VALUES (9, 4728, 6.1347, 44, 6.74817);
INSERT INTO supply(goods_id, building_id, max_supply, current_output, level) VALUES (10, 4728, 2.0448999999999997, 44, 2.24939);
INSERT INTO supply(goods_id, building_id, max_supply, current_output, level) VALUES (12, 4728, 4.089799999999999, 44, 4.49878);
INSERT INTO supply(goods_id, building_id, max_supply, current_output, level) VALUES (13, 4728, 4.089799999999999, 44, 4.49878);
INSERT INTO supply(goods_id, building_id, max_supply, current_output, level) VALUES (15, 4728, 4.089799999999999, 44, 4.49878);
INSERT INTO supply(goods_id, building_id, max_supply, current_output, level) VALUES (36, 4728, 13.578127272727272, 44, 14.93594);
INSERT INTO supply(goods_id, building_id, max_supply, current_output, level) VALUES (38, 4728, 5.7257181818181815, 44, 6.29829);
INSERT INTO building(id, name, level) VALUES (4764, "building_tooling_workshopslevel", 1);
INSERT INTO demand(goods_id, building_id, max_demand, current_input, level) VALUES (10, 4764, 30.0, 1, 16.79996158005363);
INSERT INTO demand(goods_id, building_id, max_demand, current_input, level) VALUES (24, 4764, 20.0, 1, 0.6248321402021458);
INSERT INTO supply(goods_id, building_id, max_supply, current_output, level) VALUES (33, 4764, 60.0, 1, 17.737209790356847);
INSERT INTO building(id, name, level) VALUES (4779, "building_universitylevel", 1);
INSERT INTO demand(goods_id, building_id, max_demand, current_input, level) VALUES (14, 4779, 5.0, 1, 2.0691509393838694);
INSERT INTO building(id, name, level) VALUES (4782, "building_glassworkslevel", 1);
INSERT INTO demand(goods_id, building_id, max_demand, current_input, level) VALUES (10, 4782, 30.0, 1, 16.79996158005363);
INSERT INTO supply(goods_id, building_id, max_supply, current_output, level) VALUES (31, 4782, 30.0, 1, 16.79996158005363);
INSERT INTO building(id, name, level) VALUES (4785, "building_government_administrationlevel", 1);
INSERT INTO demand(goods_id, building_id, max_demand, current_input, level) VALUES (14, 4785, 10.0, 1, 4.138301878767739);
INSERT INTO building(id, name, level) VALUES (4790, "building_government_administrationlevel", 2);
INSERT INTO demand(goods_id, building_id, max_demand, current_input, level) VALUES (14, 4790, 20.0, 2, 8.276603757535478);
INSERT INTO building(id, name, level) VALUES (33559225, "building_subsistence_pastureslevel", 34);
INSERT INTO supply(goods_id, building_id, max_supply, current_output, level) VALUES (7, 33559225, 6.265854545454545, 34, 6.89244);
INSERT INTO supply(goods_id, building_id, max_supply, current_output, level) VALUES (9, 33559225, 9.398781818181819, 34, 10.33866);
INSERT INTO supply(goods_id, building_id, max_supply, current_output, level) VALUES (10, 33559225, 3.1329272727272723, 34, 3.44622);
INSERT INTO supply(goods_id, building_id, max_supply, current_output, level) VALUES (12, 33559225, 6.265854545454545, 34, 6.89244);
INSERT INTO supply(goods_id, building_id, max_supply, current_output, level) VALUES (13, 33559225, 6.265854545454545, 34, 6.89244);
INSERT INTO supply(goods_id, building_id, max_supply, current_output, level) VALUES (15, 33559225, 6.265854545454545, 34, 6.89244);
INSERT INTO supply(goods_id, building_id, max_supply, current_output, level) VALUES (36, 33559225, 20.802654545454544, 34, 22.88292);
INSERT INTO supply(goods_id, building_id, max_supply, current_output, level) VALUES (38, 33559225, 8.772199999999998, 34, 9.64942);
INSERT INTO building(id, name, level) VALUES (4807, "building_government_administrationlevel", 3);
INSERT INTO demand(goods_id, building_id, max_demand, current_input, level) VALUES (14, 4807, 30.0, 3, 12.414905636303216);
INSERT INTO building(id, name, level) VALUES (50336706, "building_construction_sectorlevel", 1);
INSERT INTO demand(goods_id, building_id, max_demand, current_input, level) VALUES (9, 50336706, 0.70446, 1, 1.0726823344291017);
INSERT INTO demand(goods_id, building_id, max_demand, current_input, level) VALUES (10, 50336706, 1.40892, 1, 0.7889933956456385);
INSERT INTO demand(goods_id, building_id, max_demand, current_input, level) VALUES (24, 50336706, 1.76115, 1, 0.05502115618585046);
INSERT INTO demand(goods_id, building_id, max_demand, current_input, level) VALUES (33, 50336706, 0.35223, 1, 0.024647603424391987);
INSERT INTO building(id, name, level) VALUES (83891188, "building_construction_sectorlevel", 1);
INSERT INTO demand(goods_id, building_id, max_demand, current_input, level) VALUES (9, 83891188, 4.968, 1, 7.564781304039657);
INSERT INTO demand(goods_id, building_id, max_demand, current_input, level) VALUES (10, 83891188, 9.936, 1, 5.564147275313761);
INSERT INTO demand(goods_id, building_id, max_demand, current_input, level) VALUES (24, 83891188, 12.42, 1, 0.38802075906553257);
INSERT INTO demand(goods_id, building_id, max_demand, current_input, level) VALUES (33, 83891188, 2.484, 1, 0.1738200803628019);
INSERT INTO building(id, name, level) VALUES (5127, "building_conscription_centerlevel", 1);
INSERT INTO building(id, name, level) VALUES (5177, "building_construction_sectorlevel", 1);
INSERT INTO demand(goods_id, building_id, max_demand, current_input, level) VALUES (9, 5177, 4.968, 1, 7.564781304039657);
INSERT INTO demand(goods_id, building_id, max_demand, current_input, level) VALUES (10, 5177, 9.936, 1, 5.564147275313761);
INSERT INTO demand(goods_id, building_id, max_demand, current_input, level) VALUES (24, 5177, 12.42, 1, 0.38802075906553257);
INSERT INTO demand(goods_id, building_id, max_demand, current_input, level) VALUES (33, 5177, 2.484, 1, 0.1738200803628019);
INSERT INTO building(id, name, level) VALUES (33559657, "building_construction_sectorlevel", 1);
INSERT INTO demand(goods_id, building_id, max_demand, current_input, level) VALUES (9, 33559657, 4.968, 1, 7.564781304039657);
INSERT INTO demand(goods_id, building_id, max_demand, current_input, level) VALUES (10, 33559657, 9.936, 1, 5.564147275313761);
INSERT INTO demand(goods_id, building_id, max_demand, current_input, level) VALUES (24, 33559657, 12.42, 1, 0.38802075906553257);
INSERT INTO demand(goods_id, building_id, max_demand, current_input, level) VALUES (33, 33559657, 2.484, 1, 0.1738200803628019);
INSERT INTO building(id, name, level) VALUES (167777448, "building_construction_sectorlevel", 2);
INSERT INTO demand(goods_id, building_id, max_demand, current_input, level) VALUES (9, 167777448, 9.936, 2, 15.129562608079315);
INSERT INTO demand(goods_id, building_id, max_demand, current_input, level) VALUES (10, 167777448, 19.872, 2, 11.128294550627523);
INSERT INTO demand(goods_id, building_id, max_demand, current_input, level) VALUES (24, 167777448, 24.84, 2, 0.7760415181310651);
INSERT INTO demand(goods_id, building_id, max_demand, current_input, level) VALUES (33, 167777448, 4.968, 2, 0.3476401607256038);
INSERT INTO building(id, name, level) VALUES (16782508, "building_gold_fieldslevel", 1);
INSERT INTO supply(goods_id, building_id, max_supply, current_output, level) VALUES (50, 16782508, 16.12, 1, 16.12);
INSERT INTO building(id, name, level) VALUES (5338, "building_construction_sectorlevel", 2);
INSERT INTO demand(goods_id, building_id, max_demand, current_input, level) VALUES (9, 5338, 9.936, 2, 15.129562608079315);
INSERT INTO demand(goods_id, building_id, max_demand, current_input, level) VALUES (10, 5338, 19.872, 2, 11.128294550627523);
INSERT INTO demand(goods_id, building_id, max_demand, current_input, level) VALUES (24, 5338, 24.84, 2, 0.7760415181310651);
INSERT INTO demand(goods_id, building_id, max_demand, current_input, level) VALUES (33, 5338, 4.968, 2, 0.3476401607256038);
INSERT INTO building(id, name, level) VALUES (16782572, "building_construction_sectorlevel", 1);
INSERT INTO demand(goods_id, building_id, max_demand, current_input, level) VALUES (9, 16782572, 4.96501, 1, 7.560228426402968);
INSERT INTO demand(goods_id, building_id, max_demand, current_input, level) VALUES (10, 16782572, 9.93003, 1, 5.560804082959331);
INSERT INTO demand(goods_id, building_id, max_demand, current_input, level) VALUES (24, 16782572, 12.41254, 1, 0.3877876966772372);
INSERT INTO demand(goods_id, building_id, max_demand, current_input, level) VALUES (33, 16782572, 2.4825, 1, 0.17371511654615768);
INSERT INTO building(id, name, level) VALUES (16782575, "building_construction_sectorlevel", 1);
INSERT INTO demand(goods_id, building_id, max_demand, current_input, level) VALUES (9, 16782575, 4.968, 1, 7.564781304039657);
INSERT INTO demand(goods_id, building_id, max_demand, current_input, level) VALUES (10, 16782575, 9.936, 1, 5.564147275313761);
INSERT INTO demand(goods_id, building_id, max_demand, current_input, level) VALUES (24, 16782575, 12.42, 1, 0.38802075906553257);
INSERT INTO demand(goods_id, building_id, max_demand, current_input, level) VALUES (33, 16782575, 2.484, 1, 0.1738200803628019);
INSERT INTO building(id, name, level) VALUES (16782579, "building_construction_sectorlevel", 3);
INSERT INTO demand(goods_id, building_id, max_demand, current_input, level) VALUES (9, 16782579, 14.904, 3, 22.69434391211897);
INSERT INTO demand(goods_id, building_id, max_demand, current_input, level) VALUES (10, 16782579, 29.808, 3, 16.692441825941284);
INSERT INTO demand(goods_id, building_id, max_demand, current_input, level) VALUES (24, 16782579, 37.26, 3, 1.1640622771965976);
INSERT INTO demand(goods_id, building_id, max_demand, current_input, level) VALUES (33, 16782579, 7.452, 3, 0.5214602410884056);
INSERT INTO building(id, name, level) VALUES (16782584, "building_construction_sectorlevel", 1);
INSERT INTO demand(goods_id, building_id, max_demand, current_input, level) VALUES (9, 16782584, 4.968, 1, 7.564781304039657);
INSERT INTO demand(goods_id, building_id, max_demand, current_input, level) VALUES (10, 16782584, 9.936, 1, 5.564147275313761);
INSERT INTO demand(goods_id, building_id, max_demand, current_input, level) VALUES (24, 16782584, 12.42, 1, 0.38802075906553257);
INSERT INTO demand(goods_id, building_id, max_demand, current_input, level) VALUES (33, 16782584, 2.484, 1, 0.1738200803628019);
INSERT INTO building(id, name, level) VALUES (16782586, "building_construction_sectorlevel", 1);
INSERT INTO demand(goods_id, building_id, max_demand, current_input, level) VALUES (9, 16782586, 4.968, 1, 7.564781304039657);
INSERT INTO demand(goods_id, building_id, max_demand, current_input, level) VALUES (10, 16782586, 9.936, 1, 5.564147275313761);
INSERT INTO demand(goods_id, building_id, max_demand, current_input, level) VALUES (24, 16782586, 12.42, 1, 0.38802075906553257);
INSERT INTO demand(goods_id, building_id, max_demand, current_input, level) VALUES (33, 16782586, 2.484, 1, 0.1738200803628019);
INSERT INTO building(id, name, level) VALUES (16782590, "building_construction_sectorlevel", 1);
INSERT INTO demand(goods_id, building_id, max_demand, current_input, level) VALUES (9, 16782590, 4.968, 1, 7.564781304039657);
INSERT INTO demand(goods_id, building_id, max_demand, current_input, level) VALUES (10, 16782590, 9.936, 1, 5.564147275313761);
INSERT INTO demand(goods_id, building_id, max_demand, current_input, level) VALUES (24, 16782590, 12.42, 1, 0.38802075906553257);
INSERT INTO demand(goods_id, building_id, max_demand, current_input, level) VALUES (33, 16782590, 2.484, 1, 0.1738200803628019);
INSERT INTO building(id, name, level) VALUES (67114248, "building_fishing_wharflevel", 1);
INSERT INTO demand(goods_id, building_id, max_demand, current_input, level) VALUES (18, 67114248, 5.0, 1, 4.605958662476526);
INSERT INTO supply(goods_id, building_id, max_supply, current_output, level) VALUES (8, 67114248, 50.0, 1, 46.05958662476527);
INSERT INTO building(id, name, level) VALUES (67114260, "building_construction_sectorlevel", 1);
INSERT INTO demand(goods_id, building_id, max_demand, current_input, level) VALUES (9, 67114260, 4.968, 1, 7.564781304039657);
INSERT INTO demand(goods_id, building_id, max_demand, current_input, level) VALUES (10, 67114260, 9.936, 1, 5.564147275313761);
INSERT INTO demand(goods_id, building_id, max_demand, current_input, level) VALUES (24, 67114260, 12.42, 1, 0.38802075906553257);
INSERT INTO demand(goods_id, building_id, max_demand, current_input, level) VALUES (33, 67114260, 2.484, 1, 0.1738200803628019);
INSERT INTO building(id, name, level) VALUES (83891502, "building_construction_sectorlevel", 1);
INSERT INTO demand(goods_id, building_id, max_demand, current_input, level) VALUES (9, 83891502, 4.968, 1, 7.564781304039657);
INSERT INTO demand(goods_id, building_id, max_demand, current_input, level) VALUES (10, 83891502, 9.936, 1, 5.564147275313761);
INSERT INTO demand(goods_id, building_id, max_demand, current_input, level) VALUES (24, 83891502, 12.42, 1, 0.38802075906553257);
INSERT INTO demand(goods_id, building_id, max_demand, current_input, level) VALUES (33, 83891502, 2.484, 1, 0.1738200803628019);
INSERT INTO building(id, name, level) VALUES (100668722, "building_subsistence_farmslevel", 24);
INSERT INTO supply(goods_id, building_id, max_supply, current_output, level) VALUES (7, 100668722, 71.35199999999999, 24, 78.4872);
INSERT INTO supply(goods_id, building_id, max_supply, current_output, level) VALUES (9, 100668722, 11.892, 24, 13.0812);
INSERT INTO supply(goods_id, building_id, max_supply, current_output, level) VALUES (10, 100668722, 11.892, 24, 13.0812);
INSERT INTO supply(goods_id, building_id, max_supply, current_output, level) VALUES (12, 100668722, 11.892, 24, 13.0812);
INSERT INTO supply(goods_id, building_id, max_supply, current_output, level) VALUES (13, 100668722, 11.892, 24, 13.0812);
INSERT INTO supply(goods_id, building_id, max_supply, current_output, level) VALUES (15, 100668722, 11.892, 24, 13.0812);
INSERT INTO supply(goods_id, building_id, max_supply, current_output, level) VALUES (38, 100668722, 16.6488, 24, 18.31368);
INSERT INTO building(id, name, level) VALUES (33559872, "building_construction_sectorlevel", 1);
INSERT INTO demand(goods_id, building_id, max_demand, current_input, level) VALUES (9, 33559872, 4.968, 1, 7.564781304039657);
INSERT INTO demand(goods_id, building_id, max_demand, current_input, level) VALUES (10, 33559872, 9.936, 1, 5.564147275313761);
INSERT INTO demand(goods_id, building_id, max_demand, current_input, level) VALUES (24, 33559872, 12.42, 1, 0.38802075906553257);
INSERT INTO demand(goods_id, building_id, max_demand, current_input, level) VALUES (33, 33559872, 2.484, 1, 0.1738200803628019);
INSERT INTO building(id, name, level) VALUES (33559873, "building_construction_sectorlevel", 1);
INSERT INTO demand(goods_id, building_id, max_demand, current_input, level) VALUES (9, 33559873, 4.968, 1, 7.564781304039657);
INSERT INTO demand(goods_id, building_id, max_demand, current_input, level) VALUES (10, 33559873, 9.936, 1, 5.564147275313761);
INSERT INTO demand(goods_id, building_id, max_demand, current_input, level) VALUES (24, 33559873, 12.42, 1, 0.38802075906553257);
INSERT INTO demand(goods_id, building_id, max_demand, current_input, level) VALUES (33, 33559873, 2.484, 1, 0.1738200803628019);
INSERT INTO building(id, name, level) VALUES (5451, "building_construction_sectorlevel", 1);
INSERT INTO demand(goods_id, building_id, max_demand, current_input, level) VALUES (9, 5451, 4.968, 1, 7.564781304039657);
INSERT INTO demand(goods_id, building_id, max_demand, current_input, level) VALUES (10, 5451, 9.936, 1, 5.564147275313761);
INSERT INTO demand(goods_id, building_id, max_demand, current_input, level) VALUES (24, 5451, 12.42, 1, 0.38802075906553257);
INSERT INTO demand(goods_id, building_id, max_demand, current_input, level) VALUES (33, 5451, 2.484, 1, 0.1738200803628019);
INSERT INTO building(id, name, level) VALUES (5460, "building_cotton_plantationlevel", 1);
INSERT INTO supply(goods_id, building_id, max_supply, current_output, level) VALUES (9, 5460, 39.3724, 1, 49.2155);
INSERT INTO building(id, name, level) VALUES (16782678, "building_universitylevel", 1);
INSERT INTO demand(goods_id, building_id, max_demand, current_input, level) VALUES (14, 16782678, 5.0, 1, 2.0691509393838694);
INSERT INTO building(id, name, level) VALUES (151000410, "building_conscription_centerlevel", 3);
INSERT INTO building(id, name, level) VALUES (67114331, "building_livestock_ranchlevel", 1);
INSERT INTO supply(goods_id, building_id, max_supply, current_output, level) VALUES (9, 67114331, 21.51, 1, 19.359);
INSERT INTO supply(goods_id, building_id, max_supply, current_output, level) VALUES (36, 67114331, 3.585, 1, 3.2265);
INSERT INTO building(id, name, level) VALUES (5469, "building_government_administrationlevel", 1);
INSERT INTO demand(goods_id, building_id, max_demand, current_input, level) VALUES (14, 5469, 9.16, 1, 3.7906845209512485);
INSERT INTO building(id, name, level) VALUES (16782689, "building_universitylevel", 1);
INSERT INTO demand(goods_id, building_id, max_demand, current_input, level) VALUES (14, 16782689, 5.0, 1, 2.0691509393838694);
INSERT INTO building(id, name, level) VALUES (16782705, "building_logging_camplevel", 1);
INSERT INTO demand(goods_id, building_id, max_demand, current_input, level) VALUES (33, 16782705, 5.0, 1, 0.3498793888140134);
INSERT INTO supply(goods_id, building_id, max_supply, current_output, level) VALUES (10, 16782705, 40.0, 1, 2.7990351105121074);
INSERT INTO supply(goods_id, building_id, max_supply, current_output, level) VALUES (26, 16782705, 10.0, 1, 0.6997587776280269);
INSERT INTO building(id, name, level) VALUES (16782848, "building_gold_fieldslevel", 5);
INSERT INTO supply(goods_id, building_id, max_supply, current_output, level) VALUES (50, 16782848, 56.08, 5, 58.3232);
INSERT INTO building(id, name, level) VALUES (352327293, "building_cotton_plantationlevel", 1);
INSERT INTO supply(goods_id, building_id, max_supply, current_output, level) VALUES (9, 352327293, 39.3724, 1, 49.2155);
INSERT INTO building(id, name, level) VALUES (5777, "building_universitylevel", 1);
INSERT INTO demand(goods_id, building_id, max_demand, current_input, level) VALUES (14, 5777, 5.0, 1, 2.0691509393838694);
INSERT INTO building(id, name, level) VALUES (5888, "building_government_administrationlevel", 1);
INSERT INTO demand(goods_id, building_id, max_demand, current_input, level) VALUES (14, 5888, 10.0, 1, 4.138301878767739);
INSERT INTO building(id, name, level) VALUES (6021, "building_government_administrationlevel", 1);
INSERT INTO demand(goods_id, building_id, max_demand, current_input, level) VALUES (14, 6021, 10.0, 1, 4.138301878767739);
INSERT INTO building(id, name, level) VALUES (33560508, "building_conscription_centerlevel", 1);
INSERT INTO building(id, name, level) VALUES (6134, "building_construction_sectorlevel", 1);
INSERT INTO demand(goods_id, building_id, max_demand, current_input, level) VALUES (9, 6134, 4.968, 1, 7.564781304039657);
INSERT INTO demand(goods_id, building_id, max_demand, current_input, level) VALUES (10, 6134, 9.936, 1, 5.564147275313761);
INSERT INTO demand(goods_id, building_id, max_demand, current_input, level) VALUES (24, 6134, 12.42, 1, 0.38802075906553257);
INSERT INTO demand(goods_id, building_id, max_demand, current_input, level) VALUES (33, 6134, 2.484, 1, 0.1738200803628019);
INSERT INTO building(id, name, level) VALUES (6170, "building_construction_sectorlevel", 1);
INSERT INTO demand(goods_id, building_id, max_demand, current_input, level) VALUES (9, 6170, 4.968, 1, 7.564781304039657);
INSERT INTO demand(goods_id, building_id, max_demand, current_input, level) VALUES (10, 6170, 9.936, 1, 5.564147275313761);
INSERT INTO demand(goods_id, building_id, max_demand, current_input, level) VALUES (24, 6170, 12.42, 1, 0.38802075906553257);
INSERT INTO demand(goods_id, building_id, max_demand, current_input, level) VALUES (33, 6170, 2.484, 1, 0.1738200803628019);
INSERT INTO building(id, name, level) VALUES (67115136, "building_universitylevel", 1);
INSERT INTO demand(goods_id, building_id, max_demand, current_input, level) VALUES (14, 67115136, 5.0, 1, 2.0691509393838694);
INSERT INTO building(id, name, level) VALUES (16783559, "building_naval_baselevel", 3);
INSERT INTO demand(goods_id, building_id, max_demand, current_input, level) VALUES (5, 16783559, 0.49596, 3, 0.31301845828543384);
INSERT INTO building(id, name, level) VALUES (50337996, "building_naval_baselevel", 1);
INSERT INTO demand(goods_id, building_id, max_demand, current_input, level) VALUES (5, 50337996, 0.14, 1, 0.08835910992814086);
INSERT INTO building(id, name, level) VALUES (6363, "building_naval_baselevel", 1);
INSERT INTO demand(goods_id, building_id, max_demand, current_input, level) VALUES (5, 6363, 0.128, 1, 0.08078547193430022);
INSERT INTO building(id, name, level) VALUES (16783583, "building_naval_baselevel", 1);
INSERT INTO demand(goods_id, building_id, max_demand, current_input, level) VALUES (5, 16783583, 0.116, 1, 0.07321183394045958);
INSERT INTO building(id, name, level) VALUES (16783587, "building_naval_baselevel", 2);
INSERT INTO demand(goods_id, building_id, max_demand, current_input, level) VALUES (5, 16783587, 0.244, 2, 0.15399730587475977);
INSERT INTO building(id, name, level) VALUES (6423, "building_conscription_centerlevel", 1);
INSERT INTO building(id, name, level) VALUES (6442, "building_subsistence_rice_paddieslevel", 24);
INSERT INTO supply(goods_id, building_id, max_supply, current_output, level) VALUES (7, 6442, 7.843436363636362, 24, 8.62778);
INSERT INTO supply(goods_id, building_id, max_supply, current_output, level) VALUES (9, 6442, 1.0695545454545454, 24, 1.17651);
INSERT INTO supply(goods_id, building_id, max_supply, current_output, level) VALUES (10, 6442, 1.0695545454545454, 24, 1.17651);
INSERT INTO supply(goods_id, building_id, max_supply, current_output, level) VALUES (12, 6442, 1.4260727272727272, 24, 1.56868);
INSERT INTO supply(goods_id, building_id, max_supply, current_output, level) VALUES (13, 6442, 1.4260727272727272, 24, 1.56868);
INSERT INTO supply(goods_id, building_id, max_supply, current_output, level) VALUES (15, 6442, 1.4260727272727272, 24, 1.56868);
INSERT INTO supply(goods_id, building_id, max_supply, current_output, level) VALUES (38, 6442, 2.1391181818181817, 24, 2.35303);
