

CREATE TABLE goods(    goods_name    VARCHAR(30),    code    INT,    base_price FLOAT,    current_price FLOAT,    pop_demand FLOAT, PRIMARY KEY (code));

CREATE TABLE building(    id INT,    name VARCHAR(80),    level INT, PRIMARY KEY (id));

CREATE TABLE supply(    goods_id INT,    building_id INT,    max_supply FLOAT,    current_output FLOAT,    level INT, PRIMARY KEY (goods_id, building_id));

CREATE TABLE demand(    goods_id INT,    building_id INT,    max_demand FLOAT,    current_input FLOAT,    level INT,   PRIMARY KEY (goods_id, building_id));
    
INSERT INTO goods(goods_name,code,base_price, current_price, pop_demand) VALUES ("ammunition", 0, 50, 72.25763085731928, 0);
INSERT INTO goods(goods_name,code,base_price, current_price, pop_demand) VALUES ("small_arms", 1, 60, 62.339343382016466, 0);
INSERT INTO goods(goods_name,code,base_price, current_price, pop_demand) VALUES ("artillery", 2, 70, 103.8359627296322, 0);
INSERT INTO goods(goods_name,code,base_price, current_price, pop_demand) VALUES ("tanks", 3, 80, 80, 0);
INSERT INTO goods(goods_name,code,base_price, current_price, pop_demand) VALUES ("aeroplanes", 4, 80, 80, 0);
INSERT INTO goods(goods_name,code,base_price, current_price, pop_demand) VALUES ("manowars", 5, 70, 93.4010746768377, 0);
INSERT INTO goods(goods_name,code,base_price, current_price, pop_demand) VALUES ("ironclads", 6, 80, 80, 0);
INSERT INTO goods(goods_name,code,base_price, current_price, pop_demand) VALUES ("grain", 7, 20, 26.997166719571357, 3363.1898951853245);
INSERT INTO goods(goods_name,code,base_price, current_price, pop_demand) VALUES ("fish", 8, 20, 26.255641768847365, 807.7959505390465);
INSERT INTO goods(goods_name,code,base_price, current_price, pop_demand) VALUES ("fabric", 9, 20, 11.238007473897042, 678.6506425253444);
INSERT INTO goods(goods_name,code,base_price, current_price, pop_demand) VALUES ("wood", 10, 20, 32.263512218517455, 229.11245691655648);
INSERT INTO goods(goods_name,code,base_price, current_price, pop_demand) VALUES ("groceries", 11, 30, 40.15621139332614, 436.1388591307838);
INSERT INTO goods(goods_name,code,base_price, current_price, pop_demand) VALUES ("clothes", 12, 30, 40.89592155504187, 915.7059024895574);
INSERT INTO goods(goods_name,code,base_price, current_price, pop_demand) VALUES ("furniture", 13, 30, 42.20787136245327, 741.531855376858);
INSERT INTO goods(goods_name,code,base_price, current_price, pop_demand) VALUES ("paper", 14, 30, 50.72602743153164, 37.845948757830506);
INSERT INTO goods(goods_name,code,base_price, current_price, pop_demand) VALUES ("services", 15, 30, 30.373596398352184, 495.15475333333353);
INSERT INTO goods(goods_name,code,base_price, current_price, pop_demand) VALUES ("transportation", 16, 30, 30, 0);
INSERT INTO goods(goods_name,code,base_price, current_price, pop_demand) VALUES ("electricity", 17, 30, 30, 0);
INSERT INTO goods(goods_name,code,base_price, current_price, pop_demand) VALUES ("clippers", 18, 60, 78.7046256215942, 0);
INSERT INTO goods(goods_name,code,base_price, current_price, pop_demand) VALUES ("steamers", 19, 70, 70, 0);
INSERT INTO goods(goods_name,code,base_price, current_price, pop_demand) VALUES ("silk", 20, 40, 40, 0);
INSERT INTO goods(goods_name,code,base_price, current_price, pop_demand) VALUES ("dye", 21, 40, 70.0, 0);
INSERT INTO goods(goods_name,code,base_price, current_price, pop_demand) VALUES ("sulfur", 22, 50, 85.57802795760928, 0);
INSERT INTO goods(goods_name,code,base_price, current_price, pop_demand) VALUES ("coal", 23, 30, 50.8292883906867, 53.191129248597534);
INSERT INTO goods(goods_name,code,base_price, current_price, pop_demand) VALUES ("iron", 24, 40, 68.41456402652994, 0);
INSERT INTO goods(goods_name,code,base_price, current_price, pop_demand) VALUES ("lead", 25, 40, 66.41822936680002, 0);
INSERT INTO goods(goods_name,code,base_price, current_price, pop_demand) VALUES ("hardwood", 26, 40, 66.37135590568504, 0);
INSERT INTO goods(goods_name,code,base_price, current_price, pop_demand) VALUES ("rubber", 27, 40, 40, 0);
INSERT INTO goods(goods_name,code,base_price, current_price, pop_demand) VALUES ("oil", 28, 40, 26.970863607757465, 6.611188342601075);
INSERT INTO goods(goods_name,code,base_price, current_price, pop_demand) VALUES ("engines", 29, 60, 60, 0);
INSERT INTO goods(goods_name,code,base_price, current_price, pop_demand) VALUES ("steel", 30, 50, 83.0315801686895, 0);
INSERT INTO goods(goods_name,code,base_price, current_price, pop_demand) VALUES ("glass", 31, 40, 65.80131265788823, 169.0505612510775);
INSERT INTO goods(goods_name,code,base_price, current_price, pop_demand) VALUES ("fertilizer", 32, 30, 47.116827889807624, 0);
INSERT INTO goods(goods_name,code,base_price, current_price, pop_demand) VALUES ("tools", 33, 40, 66.79227871426006, 0);
INSERT INTO goods(goods_name,code,base_price, current_price, pop_demand) VALUES ("explosives", 34, 50, 85.2705711329531, 0);
INSERT INTO goods(goods_name,code,base_price, current_price, pop_demand) VALUES ("porcelain", 35, 70, 119.74407405227896, 143.7430331914099);
INSERT INTO goods(goods_name,code,base_price, current_price, pop_demand) VALUES ("meat", 36, 30, 42.05426972804159, 296.73478658621315);
INSERT INTO goods(goods_name,code,base_price, current_price, pop_demand) VALUES ("fruit", 37, 30, 26.160569743409667, 154.18935576663924);
INSERT INTO goods(goods_name,code,base_price, current_price, pop_demand) VALUES ("liquor", 38, 30, 31.516701718529724, 698.4282942699613);
INSERT INTO goods(goods_name,code,base_price, current_price, pop_demand) VALUES ("wine", 39, 50, 83.50849896268035, 273.6939168902939);
INSERT INTO goods(goods_name,code,base_price, current_price, pop_demand) VALUES ("tea", 40, 50, 50, 0);
INSERT INTO goods(goods_name,code,base_price, current_price, pop_demand) VALUES ("coffee", 41, 50, 87.5, 69.67334810970584);
INSERT INTO goods(goods_name,code,base_price, current_price, pop_demand) VALUES ("sugar", 42, 30, 33.74078779471833, 70.37133950257858);
INSERT INTO goods(goods_name,code,base_price, current_price, pop_demand) VALUES ("tobacco", 43, 40, 33.93761315136362, 815.3917042975294);
INSERT INTO goods(goods_name,code,base_price, current_price, pop_demand) VALUES ("opium", 44, 50, 50, 0);
INSERT INTO goods(goods_name,code,base_price, current_price, pop_demand) VALUES ("automobiles", 45, 100, 100, 0);
INSERT INTO goods(goods_name,code,base_price, current_price, pop_demand) VALUES ("telephones", 46, 70, 70, 0);
INSERT INTO goods(goods_name,code,base_price, current_price, pop_demand) VALUES ("radios", 47, 80, 80, 0);
INSERT INTO goods(goods_name,code,base_price, current_price, pop_demand) VALUES ("luxury_clothes", 48, 60, 105.0, 209.43217337084278);
INSERT INTO goods(goods_name,code,base_price, current_price, pop_demand) VALUES ("luxury_furniture", 49, 60, 96.44386392651614, 259.6078879058453);
INSERT INTO goods(goods_name,code,base_price, current_price, pop_demand) VALUES ("gold", 50, 100, 100, 0);
INSERT INTO goods(goods_name,code,base_price, current_price, pop_demand) VALUES ("fine_art", 51, 200, 200, 0);
INSERT INTO building(id, name, level) VALUES (1430, "building_government_administrationlevel", 6);
INSERT INTO demand(goods_id, building_id, max_demand, current_input, level) VALUES (14, 1430, 55.90799711815562, 6, 4.407966905765234);
INSERT INTO building(id, name, level) VALUES (1431, "building_maize_farmlevel", 1);
INSERT INTO building(id, name, level) VALUES (1432, "building_white_houselevel", 1);
INSERT INTO building(id, name, level) VALUES (1433, "building_capitol_hilllevel", 1);
INSERT INTO building(id, name, level) VALUES (1434, "building_portlevel", 2);
INSERT INTO demand(goods_id, building_id, max_demand, current_input, level) VALUES (18, 1434, 10.0, 2, 5.843416542083694);
INSERT INTO building(id, name, level) VALUES (1435, "building_sugar_plantationlevel", 3);
INSERT INTO supply(goods_id, building_id, max_supply, current_output, level) VALUES (42, 1435, 89.64, 3, 91.4328);
INSERT INTO building(id, name, level) VALUES (1436, "building_cotton_plantationlevel", 2);
INSERT INTO supply(goods_id, building_id, max_supply, current_output, level) VALUES (9, 1436, 79.67999999999999, 2, 100.3968);
INSERT INTO building(id, name, level) VALUES (1437, "building_government_administrationlevel", 10);
INSERT INTO demand(goods_id, building_id, max_demand, current_input, level) VALUES (14, 1437, 99.99999999999999, 10, 7.884322696177908);
INSERT INTO building(id, name, level) VALUES (1438, "building_construction_sectorlevel", 3);
INSERT INTO demand(goods_id, building_id, max_demand, current_input, level) VALUES (9, 1438, 33.399, 3, 80.31170247023091);
INSERT INTO demand(goods_id, building_id, max_demand, current_input, level) VALUES (10, 1438, 66.798, 3, 12.186127542312454);
INSERT INTO demand(goods_id, building_id, max_demand, current_input, level) VALUES (24, 1438, 83.4975, 3, 4.412664838508892);
INSERT INTO demand(goods_id, building_id, max_demand, current_input, level) VALUES (33, 1438, 16.6995, 3, 1.785578105828777);
INSERT INTO building(id, name, level) VALUES (1439, "building_arms_industrylevel", 3);
INSERT INTO demand(goods_id, building_id, max_demand, current_input, level) VALUES (24, 1439, 60.0, 3, 3.170872065756861);
INSERT INTO demand(goods_id, building_id, max_demand, current_input, level) VALUES (26, 1439, 30.0, 3, 3.628644220430669);
INSERT INTO supply(goods_id, building_id, max_supply, current_output, level) VALUES (1, 1439, 45.0, 3, 3.9105601899818243);
INSERT INTO supply(goods_id, building_id, max_supply, current_output, level) VALUES (2, 1439, 45.0, 3, 3.9105601899818243);
INSERT INTO building(id, name, level) VALUES (1440, "building_munition_plantslevel", 1);
INSERT INTO demand(goods_id, building_id, max_demand, current_input, level) VALUES (25, 1440, 20.0, 1, 2.3878471782757527);
INSERT INTO demand(goods_id, building_id, max_demand, current_input, level) VALUES (34, 1440, 20.0, 1, 1.1890287805399866);
INSERT INTO supply(goods_id, building_id, max_supply, current_output, level) VALUES (0, 1440, 50.0, 1, 4.471094948519674);
INSERT INTO building(id, name, level) VALUES (1441, "building_universitylevel", 3);
INSERT INTO demand(goods_id, building_id, max_demand, current_input, level) VALUES (14, 1441, 15.0, 3, 1.1826484044266865);
INSERT INTO building(id, name, level) VALUES (1442, "building_iron_minelevel", 3);
INSERT INTO demand(goods_id, building_id, max_demand, current_input, level) VALUES (23, 1442, 30.0, 3, 2.2276155565065263);
INSERT INTO demand(goods_id, building_id, max_demand, current_input, level) VALUES (33, 1442, 30.0, 3, 3.207721379374431);
INSERT INTO supply(goods_id, building_id, max_supply, current_output, level) VALUES (24, 1442, 120.0, 3, 10.870673871761912);
INSERT INTO building(id, name, level) VALUES (1443, "building_paper_millslevel", 2);
INSERT INTO demand(goods_id, building_id, max_demand, current_input, level) VALUES (10, 1443, 60.0, 2, 10.945951264090949);
INSERT INTO demand(goods_id, building_id, max_demand, current_input, level) VALUES (22, 1443, 20.0, 2, 1.0250517943517552);
INSERT INTO supply(goods_id, building_id, max_supply, current_output, level) VALUES (14, 1443, 140.0, 2, 16.357957755003916);
INSERT INTO building(id, name, level) VALUES (1444, "building_textile_millslevel", 5);
INSERT INTO demand(goods_id, building_id, max_demand, current_input, level) VALUES (9, 1444, 200.0, 5, 480.92279691146985);
INSERT INTO demand(goods_id, building_id, max_demand, current_input, level) VALUES (21, 1444, 25.0, 5, 0.0);
INSERT INTO supply(goods_id, building_id, max_supply, current_output, level) VALUES (12, 1444, 300.0, 5, 150.0);
INSERT INTO building(id, name, level) VALUES (1445, "building_furniture_manufacturieslevel", 2);
INSERT INTO demand(goods_id, building_id, max_demand, current_input, level) VALUES (9, 1445, 20.0, 2, 48.092279691146985);
INSERT INTO demand(goods_id, building_id, max_demand, current_input, level) VALUES (10, 1445, 40.0, 2, 7.297300842727299);
INSERT INTO demand(goods_id, building_id, max_demand, current_input, level) VALUES (26, 1445, 20.0, 2, 2.419096146953779);
INSERT INTO demand(goods_id, building_id, max_demand, current_input, level) VALUES (33, 1445, 10.0, 2, 1.0692404597914769);
INSERT INTO supply(goods_id, building_id, max_supply, current_output, level) VALUES (13, 1445, 90.0, 2, 31.73200592388793);
INSERT INTO supply(goods_id, building_id, max_supply, current_output, level) VALUES (49, 1445, 40.0, 2, 14.10311374395019);
INSERT INTO building(id, name, level) VALUES (1446, "building_tooling_workshopslevel", 5);
INSERT INTO demand(goods_id, building_id, max_demand, current_input, level) VALUES (10, 1446, 150.0, 5, 27.36487816022737);
INSERT INTO demand(goods_id, building_id, max_demand, current_input, level) VALUES (30, 1446, 100.0, 5, 11.915786725945976);
INSERT INTO supply(goods_id, building_id, max_supply, current_output, level) VALUES (33, 1446, 400.0, 5, 60.31807766552845);
INSERT INTO building(id, name, level) VALUES (1447, "building_logging_camplevel", 2);
INSERT INTO demand(goods_id, building_id, max_demand, current_input, level) VALUES (33, 1447, 10.0, 2, 1.0692404597914769);
INSERT INTO supply(goods_id, building_id, max_supply, current_output, level) VALUES (10, 1447, 80.0, 2, 8.553923678331815);
INSERT INTO supply(goods_id, building_id, max_supply, current_output, level) VALUES (26, 1447, 25.0, 2, 2.673101149478692);
INSERT INTO building(id, name, level) VALUES (1448, "building_wheat_farmlevel", 4);
INSERT INTO demand(goods_id, building_id, max_demand, current_input, level) VALUES (32, 1448, 19.961398058252428, 4, 4.775806388647054);
INSERT INTO supply(goods_id, building_id, max_supply, current_output, level) VALUES (7, 1448, 139.72979611650487, 4, 33.4306470433653);
INSERT INTO supply(goods_id, building_id, max_supply, current_output, level) VALUES (39, 1448, 31.93823300970874, 4, 7.641289292700921);
INSERT INTO building(id, name, level) VALUES (1449, "building_fishing_wharflevel", 2);
INSERT INTO demand(goods_id, building_id, max_demand, current_input, level) VALUES (18, 1449, 10.0, 2, 5.843416542083694);
INSERT INTO supply(goods_id, building_id, max_supply, current_output, level) VALUES (8, 1449, 100.0, 2, 58.43416542083693);
INSERT INTO building(id, name, level) VALUES (1450, "building_naval_baselevel", 10);
INSERT INTO demand(goods_id, building_id, max_demand, current_input, level) VALUES (5, 1450, 20.0, 10, 11.085304910717596);
INSERT INTO building(id, name, level) VALUES (1451, "building_barrackslevel", 1);
INSERT INTO demand(goods_id, building_id, max_demand, current_input, level) VALUES (0, 1451, 1.0, 1, 0.4064631962054024);
INSERT INTO demand(goods_id, building_id, max_demand, current_input, level) VALUES (1, 1451, 1.0, 1, 0.9480146316734674);
INSERT INTO demand(goods_id, building_id, max_demand, current_input, level) VALUES (2, 1451, 1.0, 1, 0.3555054868775503);
INSERT INTO building(id, name, level) VALUES (1452, "building_portlevel", 3);
INSERT INTO demand(goods_id, building_id, max_demand, current_input, level) VALUES (18, 1452, 15.0, 3, 8.76512481312554);
INSERT INTO building(id, name, level) VALUES (1453, "building_central_parklevel", 1);
INSERT INTO building(id, name, level) VALUES (1454, "building_government_administrationlevel", 2);
INSERT INTO demand(goods_id, building_id, max_demand, current_input, level) VALUES (14, 1454, 20.0, 2, 1.576864539235582);
INSERT INTO building(id, name, level) VALUES (1455, "building_construction_sectorlevel", 1);
INSERT INTO demand(goods_id, building_id, max_demand, current_input, level) VALUES (9, 1455, 11.133, 1, 26.77056749007697);
INSERT INTO demand(goods_id, building_id, max_demand, current_input, level) VALUES (10, 1455, 22.266, 1, 4.06204251410415);
INSERT INTO demand(goods_id, building_id, max_demand, current_input, level) VALUES (24, 1455, 27.8325, 1, 1.4708882795029639);
INSERT INTO demand(goods_id, building_id, max_demand, current_input, level) VALUES (33, 1455, 5.5665, 1, 0.5951927019429255);
INSERT INTO building(id, name, level) VALUES (1456, "building_arms_industrylevel", 3);
INSERT INTO demand(goods_id, building_id, max_demand, current_input, level) VALUES (24, 1456, 30.0, 3, 1.5854360328784305);
INSERT INTO demand(goods_id, building_id, max_demand, current_input, level) VALUES (26, 1456, 30.0, 3, 3.628644220430669);
INSERT INTO supply(goods_id, building_id, max_supply, current_output, level) VALUES (1, 1456, 75.0, 3, 6.517600316636374);
INSERT INTO building(id, name, level) VALUES (1457, "building_iron_minelevel", 2);
INSERT INTO demand(goods_id, building_id, max_demand, current_input, level) VALUES (23, 1457, 20.0, 2, 1.4850770376710176);
INSERT INTO demand(goods_id, building_id, max_demand, current_input, level) VALUES (33, 1457, 20.0, 2, 2.1384809195829537);
INSERT INTO supply(goods_id, building_id, max_supply, current_output, level) VALUES (24, 1457, 80.0, 2, 7.247115914507942);
INSERT INTO building(id, name, level) VALUES (1458, "building_maize_farmlevel", 5);
INSERT INTO supply(goods_id, building_id, max_supply, current_output, level) VALUES (7, 1458, 149.7, 5, 155.688);
INSERT INTO building(id, name, level) VALUES (1459, "building_livestock_ranchlevel", 2);
INSERT INTO demand(goods_id, building_id, max_demand, current_input, level) VALUES (7, 1459, 19.96059405940594, 2, 10.649420467539283);
INSERT INTO demand(goods_id, building_id, max_demand, current_input, level) VALUES (33, 1459, 19.96059405940594, 2, 2.134267476979023);
INSERT INTO supply(goods_id, building_id, max_supply, current_output, level) VALUES (9, 1459, 79.84239603960397, 2, 25.56738223008876);
INSERT INTO supply(goods_id, building_id, max_supply, current_output, level) VALUES (32, 1459, 9.98029702970297, 2, 3.1959219861295765);
INSERT INTO supply(goods_id, building_id, max_supply, current_output, level) VALUES (36, 1459, 49.901495049504945, 2, 15.979613101173955);
INSERT INTO building(id, name, level) VALUES (1460, "building_tobacco_plantationlevel", 4);
INSERT INTO supply(goods_id, building_id, max_supply, current_output, level) VALUES (43, 1460, 99.6, 4, 102.588);
INSERT INTO building(id, name, level) VALUES (1461, "building_cotton_plantationlevel", 7);
INSERT INTO supply(goods_id, building_id, max_supply, current_output, level) VALUES (9, 1461, 278.88, 7, 365.3328);
INSERT INTO building(id, name, level) VALUES (1462, "building_barrackslevel", 1);
INSERT INTO demand(goods_id, building_id, max_demand, current_input, level) VALUES (0, 1462, 1.0, 1, 0.4064631962054024);
INSERT INTO demand(goods_id, building_id, max_demand, current_input, level) VALUES (1, 1462, 1.0, 1, 0.9480146316734674);
INSERT INTO demand(goods_id, building_id, max_demand, current_input, level) VALUES (2, 1462, 1.0, 1, 0.3555054868775503);
INSERT INTO building(id, name, level) VALUES (1463, "building_shipyardslevel", 2);
INSERT INTO demand(goods_id, building_id, max_demand, current_input, level) VALUES (9, 1463, 40.0, 2, 96.18455938229397);
INSERT INTO demand(goods_id, building_id, max_demand, current_input, level) VALUES (10, 1463, 80.0, 2, 14.594601685454599);
INSERT INTO supply(goods_id, building_id, max_supply, current_output, level) VALUES (5, 1463, 30.0, 2, 17.736487816022738);
INSERT INTO supply(goods_id, building_id, max_supply, current_output, level) VALUES (18, 1463, 40.0, 2, 23.64865042136365);
INSERT INTO building(id, name, level) VALUES (1464, "building_naval_baselevel", 15);
INSERT INTO demand(goods_id, building_id, max_demand, current_input, level) VALUES (5, 1464, 30.0, 15, 16.627957366076394);
INSERT INTO building(id, name, level) VALUES (1465, "building_portlevel", 3);
INSERT INTO demand(goods_id, building_id, max_demand, current_input, level) VALUES (18, 1465, 15.0, 3, 8.76512481312554);
INSERT INTO building(id, name, level) VALUES (1469, "building_cotton_plantationlevel", 1);
INSERT INTO supply(goods_id, building_id, max_supply, current_output, level) VALUES (9, 1469, 39.839999999999996, 1, 49.8);
INSERT INTO building(id, name, level) VALUES (1470, "building_livestock_ranchlevel", 1);
INSERT INTO demand(goods_id, building_id, max_demand, current_input, level) VALUES (7, 1470, 9.9803, 1, 5.324711818489109);
INSERT INTO demand(goods_id, building_id, max_demand, current_input, level) VALUES (33, 1470, 9.9803, 1, 1.0671340560856877);
INSERT INTO supply(goods_id, building_id, max_supply, current_output, level) VALUES (9, 1470, 39.9212, 1, 12.783691749149593);
INSERT INTO supply(goods_id, building_id, max_supply, current_output, level) VALUES (32, 1470, 4.99015, 1, 1.5979614686436991);
INSERT INTO supply(goods_id, building_id, max_supply, current_output, level) VALUES (36, 1470, 24.95075, 1, 7.989807343218496);
INSERT INTO building(id, name, level) VALUES (1471, "building_government_administrationlevel", 1);
INSERT INTO demand(goods_id, building_id, max_demand, current_input, level) VALUES (14, 1471, 10.0, 1, 0.788432269617791);
INSERT INTO building(id, name, level) VALUES (1472, "building_lead_minelevel", 1);
INSERT INTO demand(goods_id, building_id, max_demand, current_input, level) VALUES (23, 1472, 10.0, 1, 0.7425385188355088);
INSERT INTO demand(goods_id, building_id, max_demand, current_input, level) VALUES (33, 1472, 10.0, 1, 1.0692404597914769);
INSERT INTO supply(goods_id, building_id, max_supply, current_output, level) VALUES (25, 1472, 40.0, 1, 3.623557957253971);
INSERT INTO building(id, name, level) VALUES (1473, "building_maize_farmlevel", 2);
INSERT INTO supply(goods_id, building_id, max_supply, current_output, level) VALUES (7, 1473, 59.88, 2, 60.4788);
INSERT INTO building(id, name, level) VALUES (1474, "building_livestock_ranchlevel", 1);
INSERT INTO demand(goods_id, building_id, max_demand, current_input, level) VALUES (7, 1474, 9.9803, 1, 5.324711818489109);
INSERT INTO demand(goods_id, building_id, max_demand, current_input, level) VALUES (33, 1474, 9.9803, 1, 1.0671340560856877);
INSERT INTO supply(goods_id, building_id, max_supply, current_output, level) VALUES (9, 1474, 39.9212, 1, 12.783691749149593);
INSERT INTO supply(goods_id, building_id, max_supply, current_output, level) VALUES (32, 1474, 4.99015, 1, 1.5979614686436991);
INSERT INTO supply(goods_id, building_id, max_supply, current_output, level) VALUES (36, 1474, 24.95075, 1, 7.989807343218496);
INSERT INTO building(id, name, level) VALUES (1475, "building_government_administrationlevel", 2);
INSERT INTO demand(goods_id, building_id, max_demand, current_input, level) VALUES (14, 1475, 20.0, 2, 1.576864539235582);
INSERT INTO building(id, name, level) VALUES (1476, "building_chemical_plantslevel", 2);
INSERT INTO demand(goods_id, building_id, max_demand, current_input, level) VALUES (22, 1476, 60.0, 2, 3.075155383055266);
INSERT INTO demand(goods_id, building_id, max_demand, current_input, level) VALUES (24, 1476, 20.0, 2, 1.056957355252287);
INSERT INTO supply(goods_id, building_id, max_supply, current_output, level) VALUES (32, 1476, 180.0, 2, 9.36904117321819);
INSERT INTO building(id, name, level) VALUES (1477, "building_logging_camplevel", 2);
INSERT INTO demand(goods_id, building_id, max_demand, current_input, level) VALUES (33, 1477, 10.0, 2, 1.0692404597914769);
INSERT INTO supply(goods_id, building_id, max_supply, current_output, level) VALUES (10, 1477, 120.0, 2, 12.830885517497723);
INSERT INTO building(id, name, level) VALUES (1478, "building_maize_farmlevel", 8);
INSERT INTO demand(goods_id, building_id, max_demand, current_input, level) VALUES (32, 1478, 39.919999999999995, 8, 9.550943800550678);
INSERT INTO supply(goods_id, building_id, max_supply, current_output, level) VALUES (7, 1478, 399.2, 8, 95.5094380055068);
INSERT INTO building(id, name, level) VALUES (1479, "building_logging_camplevel", 1);
INSERT INTO demand(goods_id, building_id, max_demand, current_input, level) VALUES (33, 1479, 5.0, 1, 0.5346202298957384);
INSERT INTO supply(goods_id, building_id, max_supply, current_output, level) VALUES (10, 1479, 60.0, 1, 6.415442758748862);
INSERT INTO building(id, name, level) VALUES (1480, "building_sulfur_minelevel", 2);
INSERT INTO demand(goods_id, building_id, max_demand, current_input, level) VALUES (23, 1480, 20.0, 2, 1.4850770376710176);
INSERT INTO demand(goods_id, building_id, max_demand, current_input, level) VALUES (33, 1480, 20.0, 2, 2.1384809195829537);
INSERT INTO supply(goods_id, building_id, max_supply, current_output, level) VALUES (22, 1480, 80.0, 2, 7.247115914507942);
INSERT INTO building(id, name, level) VALUES (1481, "building_livestock_ranchlevel", 1);
INSERT INTO supply(goods_id, building_id, max_supply, current_output, level) VALUES (9, 1481, 29.94, 1, 29.94);
INSERT INTO supply(goods_id, building_id, max_supply, current_output, level) VALUES (36, 1481, 4.99, 1, 4.99);
INSERT INTO building(id, name, level) VALUES (1482, "building_government_administrationlevel", 1);
INSERT INTO demand(goods_id, building_id, max_demand, current_input, level) VALUES (14, 1482, 10.0, 1, 0.788432269617791);
INSERT INTO building(id, name, level) VALUES (1483, "building_construction_sectorlevel", 1);
INSERT INTO demand(goods_id, building_id, max_demand, current_input, level) VALUES (9, 1483, 11.133, 1, 26.77056749007697);
INSERT INTO demand(goods_id, building_id, max_demand, current_input, level) VALUES (10, 1483, 22.266, 1, 4.06204251410415);
INSERT INTO demand(goods_id, building_id, max_demand, current_input, level) VALUES (24, 1483, 27.8325, 1, 1.4708882795029639);
INSERT INTO demand(goods_id, building_id, max_demand, current_input, level) VALUES (33, 1483, 5.5665, 1, 0.5951927019429255);
INSERT INTO building(id, name, level) VALUES (1484, "building_glassworkslevel", 3);
INSERT INTO demand(goods_id, building_id, max_demand, current_input, level) VALUES (10, 1484, 60.0, 3, 10.945951264090949);
INSERT INTO demand(goods_id, building_id, max_demand, current_input, level) VALUES (25, 1484, 30.0, 3, 3.581770767413629);
INSERT INTO supply(goods_id, building_id, max_supply, current_output, level) VALUES (31, 1484, 120.0, 3, 18.109492798918208);
INSERT INTO building(id, name, level) VALUES (1485, "building_furniture_manufacturieslevel", 2);
INSERT INTO demand(goods_id, building_id, max_demand, current_input, level) VALUES (9, 1485, 20.0, 2, 48.092279691146985);
INSERT INTO demand(goods_id, building_id, max_demand, current_input, level) VALUES (10, 1485, 60.0, 2, 10.945951264090949);
INSERT INTO demand(goods_id, building_id, max_demand, current_input, level) VALUES (33, 1485, 10.0, 2, 1.0692404597914769);
INSERT INTO supply(goods_id, building_id, max_supply, current_output, level) VALUES (13, 1485, 130.0, 2, 55.87211790538431);
INSERT INTO building(id, name, level) VALUES (1486, "building_chemical_plantslevel", 1);
INSERT INTO demand(goods_id, building_id, max_demand, current_input, level) VALUES (22, 1486, 30.0, 1, 1.537577691527633);
INSERT INTO demand(goods_id, building_id, max_demand, current_input, level) VALUES (23, 1486, 15.0, 1, 1.1138077782532632);
INSERT INTO demand(goods_id, building_id, max_demand, current_input, level) VALUES (24, 1486, 10.0, 1, 0.5284786776261435);
INSERT INTO supply(goods_id, building_id, max_supply, current_output, level) VALUES (32, 1486, 75.0, 1, 4.458857734093825);
INSERT INTO supply(goods_id, building_id, max_supply, current_output, level) VALUES (34, 1486, 20.0, 1, 1.1890287290916866);
INSERT INTO building(id, name, level) VALUES (1487, "building_coal_minelevel", 2);
INSERT INTO demand(goods_id, building_id, max_demand, current_input, level) VALUES (33, 1487, 20.0, 2, 2.1384809195829537);
INSERT INTO supply(goods_id, building_id, max_supply, current_output, level) VALUES (23, 1487, 80.0, 2, 8.553923678331815);
INSERT INTO building(id, name, level) VALUES (1488, "building_maize_farmlevel", 6);
INSERT INTO demand(goods_id, building_id, max_demand, current_input, level) VALUES (32, 1488, 29.941495238095236, 6, 7.163565589266118);
INSERT INTO supply(goods_id, building_id, max_supply, current_output, level) VALUES (7, 1488, 227.5554, 6, 54.443107137069894);
INSERT INTO supply(goods_id, building_id, max_supply, current_output, level) VALUES (39, 1488, 35.9298, 6, 8.596280074274194);
INSERT INTO building(id, name, level) VALUES (1489, "building_livestock_ranchlevel", 2);
INSERT INTO demand(goods_id, building_id, max_demand, current_input, level) VALUES (7, 1489, 19.96059405940594, 2, 10.649420467539283);
INSERT INTO demand(goods_id, building_id, max_demand, current_input, level) VALUES (33, 1489, 19.96059405940594, 2, 2.134267476979023);
INSERT INTO supply(goods_id, building_id, max_supply, current_output, level) VALUES (9, 1489, 79.84239603960397, 2, 25.56738223008876);
INSERT INTO supply(goods_id, building_id, max_supply, current_output, level) VALUES (32, 1489, 9.98029702970297, 2, 3.1959219861295765);
INSERT INTO supply(goods_id, building_id, max_supply, current_output, level) VALUES (36, 1489, 49.901495049504945, 2, 15.979613101173955);
INSERT INTO building(id, name, level) VALUES (1490, "building_barrackslevel", 1);
INSERT INTO demand(goods_id, building_id, max_demand, current_input, level) VALUES (0, 1490, 1.0, 1, 0.4064631962054024);
INSERT INTO demand(goods_id, building_id, max_demand, current_input, level) VALUES (1, 1490, 1.0, 1, 0.9480146316734674);
INSERT INTO demand(goods_id, building_id, max_demand, current_input, level) VALUES (2, 1490, 1.0, 1, 0.3555054868775503);
INSERT INTO building(id, name, level) VALUES (1491, "building_government_administrationlevel", 1);
INSERT INTO demand(goods_id, building_id, max_demand, current_input, level) VALUES (14, 1491, 10.0, 1, 0.788432269617791);
INSERT INTO building(id, name, level) VALUES (1492, "building_universitylevel", 1);
INSERT INTO demand(goods_id, building_id, max_demand, current_input, level) VALUES (14, 1492, 5.0, 1, 0.3942161348088955);
INSERT INTO building(id, name, level) VALUES (1493, "building_food_industrylevel", 4);
INSERT INTO demand(goods_id, building_id, max_demand, current_input, level) VALUES (7, 1493, 160.0, 4, 85.36355529976629);
INSERT INTO demand(goods_id, building_id, max_demand, current_input, level) VALUES (42, 1493, 160.0, 4, 133.3988423745471);
INSERT INTO supply(goods_id, building_id, max_supply, current_output, level) VALUES (11, 1493, 139.99999999999997, 4, 95.70854898251207);
INSERT INTO supply(goods_id, building_id, max_supply, current_output, level) VALUES (38, 1493, 239.99999999999997, 4, 164.071798255735);
INSERT INTO building(id, name, level) VALUES (1494, "building_coal_minelevel", 2);
INSERT INTO demand(goods_id, building_id, max_demand, current_input, level) VALUES (33, 1494, 19.999999999999996, 2, 2.1384809195829533);
INSERT INTO supply(goods_id, building_id, max_supply, current_output, level) VALUES (23, 1494, 79.99999999999999, 2, 8.553923678331813);
INSERT INTO building(id, name, level) VALUES (1495, "building_tobacco_plantationlevel", 8);
INSERT INTO supply(goods_id, building_id, max_supply, current_output, level) VALUES (43, 1495, 199.2, 8, 213.144);
INSERT INTO building(id, name, level) VALUES (1496, "building_maize_farmlevel", 5);
INSERT INTO demand(goods_id, building_id, max_demand, current_input, level) VALUES (32, 1496, 24.95125, 5, 5.96963894046819);
INSERT INTO supply(goods_id, building_id, max_supply, current_output, level) VALUES (7, 1496, 189.62949999999998, 5, 45.36925594755824);
INSERT INTO supply(goods_id, building_id, max_supply, current_output, level) VALUES (39, 1496, 29.941499999999998, 5, 7.163566728561827);
INSERT INTO building(id, name, level) VALUES (1497, "building_livestock_ranchlevel", 1);
INSERT INTO demand(goods_id, building_id, max_demand, current_input, level) VALUES (7, 1497, 9.9803, 1, 5.324711818489109);
INSERT INTO demand(goods_id, building_id, max_demand, current_input, level) VALUES (33, 1497, 9.9803, 1, 1.0671340560856877);
INSERT INTO supply(goods_id, building_id, max_supply, current_output, level) VALUES (9, 1497, 39.9212, 1, 12.783691749149593);
INSERT INTO supply(goods_id, building_id, max_supply, current_output, level) VALUES (32, 1497, 4.99015, 1, 1.5979614686436991);
INSERT INTO supply(goods_id, building_id, max_supply, current_output, level) VALUES (36, 1497, 24.95075, 1, 7.989807343218496);
INSERT INTO building(id, name, level) VALUES (1498, "building_barrackslevel", 1);
INSERT INTO demand(goods_id, building_id, max_demand, current_input, level) VALUES (0, 1498, 1.0, 1, 0.4064631962054024);
INSERT INTO demand(goods_id, building_id, max_demand, current_input, level) VALUES (1, 1498, 1.0, 1, 0.9480146316734674);
INSERT INTO demand(goods_id, building_id, max_demand, current_input, level) VALUES (2, 1498, 1.0, 1, 0.3555054868775503);
INSERT INTO building(id, name, level) VALUES (1499, "building_government_administrationlevel", 1);
INSERT INTO demand(goods_id, building_id, max_demand, current_input, level) VALUES (14, 1499, 10.0, 1, 0.788432269617791);
INSERT INTO building(id, name, level) VALUES (1500, "building_food_industrylevel", 3);
INSERT INTO demand(goods_id, building_id, max_demand, current_input, level) VALUES (7, 1500, 120.0, 3, 64.02266647482472);
INSERT INTO demand(goods_id, building_id, max_demand, current_input, level) VALUES (42, 1500, 120.0, 3, 100.04913178091033);
INSERT INTO supply(goods_id, building_id, max_supply, current_output, level) VALUES (11, 1500, 104.99999999999999, 3, 71.78141173688407);
INSERT INTO supply(goods_id, building_id, max_supply, current_output, level) VALUES (38, 1500, 180.0, 3, 123.05384869180126);
INSERT INTO building(id, name, level) VALUES (1501, "building_maize_farmlevel", 10);
INSERT INTO supply(goods_id, building_id, max_supply, current_output, level) VALUES (7, 1501, 99.79999999999998, 10, 108.782);
INSERT INTO supply(goods_id, building_id, max_supply, current_output, level) VALUES (37, 1501, 89.82, 10, 97.9038);
INSERT INTO supply(goods_id, building_id, max_supply, current_output, level) VALUES (42, 1501, 59.879999999999995, 10, 65.2692);
INSERT INTO building(id, name, level) VALUES (1502, "building_livestock_ranchlevel", 2);
INSERT INTO demand(goods_id, building_id, max_demand, current_input, level) VALUES (7, 1502, 19.96059405940594, 2, 10.649420467539283);
INSERT INTO demand(goods_id, building_id, max_demand, current_input, level) VALUES (33, 1502, 19.96059405940594, 2, 2.134267476979023);
INSERT INTO supply(goods_id, building_id, max_supply, current_output, level) VALUES (9, 1502, 79.84239603960397, 2, 25.56738223008876);
INSERT INTO supply(goods_id, building_id, max_supply, current_output, level) VALUES (32, 1502, 9.98029702970297, 2, 3.1959219861295765);
INSERT INTO supply(goods_id, building_id, max_supply, current_output, level) VALUES (36, 1502, 49.901495049504945, 2, 15.979613101173955);
INSERT INTO building(id, name, level) VALUES (1503, "building_tobacco_plantationlevel", 10);
INSERT INTO supply(goods_id, building_id, max_supply, current_output, level) VALUES (43, 1503, 249.0, 10, 271.41);
INSERT INTO building(id, name, level) VALUES (1504, "building_cotton_plantationlevel", 3);
INSERT INTO supply(goods_id, building_id, max_supply, current_output, level) VALUES (9, 1504, 119.52, 3, 151.7904);
INSERT INTO building(id, name, level) VALUES (1505, "building_barrackslevel", 1);
INSERT INTO demand(goods_id, building_id, max_demand, current_input, level) VALUES (0, 1505, 1.0, 1, 0.4064631962054024);
INSERT INTO demand(goods_id, building_id, max_demand, current_input, level) VALUES (1, 1505, 1.0, 1, 0.9480146316734674);
INSERT INTO demand(goods_id, building_id, max_demand, current_input, level) VALUES (2, 1505, 1.0, 1, 0.3555054868775503);
INSERT INTO building(id, name, level) VALUES (1506, "building_government_administrationlevel", 1);
INSERT INTO demand(goods_id, building_id, max_demand, current_input, level) VALUES (14, 1506, 10.0, 1, 0.788432269617791);
INSERT INTO building(id, name, level) VALUES (1507, "building_cotton_plantationlevel", 4);
INSERT INTO supply(goods_id, building_id, max_supply, current_output, level) VALUES (9, 1507, 159.35999999999999, 4, 203.9808);
INSERT INTO building(id, name, level) VALUES (1508, "building_maize_farmlevel", 4);
INSERT INTO supply(goods_id, building_id, max_supply, current_output, level) VALUES (7, 1508, 119.76, 4, 123.3528);
INSERT INTO building(id, name, level) VALUES (1509, "building_tobacco_plantationlevel", 2);
INSERT INTO supply(goods_id, building_id, max_supply, current_output, level) VALUES (43, 1509, 49.800000000000004, 2, 50.298);
INSERT INTO building(id, name, level) VALUES (1510, "building_government_administrationlevel", 1);
INSERT INTO demand(goods_id, building_id, max_demand, current_input, level) VALUES (14, 1510, 10.0, 1, 0.788432269617791);
INSERT INTO building(id, name, level) VALUES (1511, "building_maize_farmlevel", 6);
INSERT INTO supply(goods_id, building_id, max_supply, current_output, level) VALUES (7, 1511, 59.88, 6, 62.874);
INSERT INTO supply(goods_id, building_id, max_supply, current_output, level) VALUES (37, 1511, 53.891999999999996, 6, 56.5866);
INSERT INTO supply(goods_id, building_id, max_supply, current_output, level) VALUES (42, 1511, 35.928000000000004, 6, 37.7244);
INSERT INTO building(id, name, level) VALUES (1512, "building_sugar_plantationlevel", 2);
INSERT INTO supply(goods_id, building_id, max_supply, current_output, level) VALUES (42, 1512, 59.76, 2, 60.3576);
INSERT INTO building(id, name, level) VALUES (1513, "building_cotton_plantationlevel", 10);
INSERT INTO supply(goods_id, building_id, max_supply, current_output, level) VALUES (9, 1513, 398.4, 10, 533.856);
INSERT INTO building(id, name, level) VALUES (1514, "building_tobacco_plantationlevel", 3);
INSERT INTO supply(goods_id, building_id, max_supply, current_output, level) VALUES (43, 1514, 74.7, 3, 76.194);
INSERT INTO building(id, name, level) VALUES (1515, "building_barrackslevel", 1);
INSERT INTO demand(goods_id, building_id, max_demand, current_input, level) VALUES (0, 1515, 1.0, 1, 0.4064631962054024);
INSERT INTO demand(goods_id, building_id, max_demand, current_input, level) VALUES (1, 1515, 1.0, 1, 0.9480146316734674);
INSERT INTO demand(goods_id, building_id, max_demand, current_input, level) VALUES (2, 1515, 1.0, 1, 0.3555054868775503);
INSERT INTO building(id, name, level) VALUES (1516, "building_portlevel", 1);
INSERT INTO demand(goods_id, building_id, max_demand, current_input, level) VALUES (18, 1516, 5.0, 1, 2.921708271041847);
INSERT INTO building(id, name, level) VALUES (1517, "building_government_administrationlevel", 2);
INSERT INTO demand(goods_id, building_id, max_demand, current_input, level) VALUES (14, 1517, 20.0, 2, 1.576864539235582);
INSERT INTO building(id, name, level) VALUES (1518, "building_maize_farmlevel", 5);
INSERT INTO supply(goods_id, building_id, max_supply, current_output, level) VALUES (7, 1518, 149.7, 5, 155.688);
INSERT INTO building(id, name, level) VALUES (1519, "building_livestock_ranchlevel", 1);
INSERT INTO demand(goods_id, building_id, max_demand, current_input, level) VALUES (7, 1519, 9.9803, 1, 5.324711818489109);
INSERT INTO demand(goods_id, building_id, max_demand, current_input, level) VALUES (33, 1519, 9.9803, 1, 1.0671340560856877);
INSERT INTO supply(goods_id, building_id, max_supply, current_output, level) VALUES (9, 1519, 39.9212, 1, 12.783691749149593);
INSERT INTO supply(goods_id, building_id, max_supply, current_output, level) VALUES (32, 1519, 4.99015, 1, 1.5979614686436991);
INSERT INTO supply(goods_id, building_id, max_supply, current_output, level) VALUES (36, 1519, 24.95075, 1, 7.989807343218496);
INSERT INTO building(id, name, level) VALUES (1520, "building_sugar_plantationlevel", 4);
INSERT INTO supply(goods_id, building_id, max_supply, current_output, level) VALUES (42, 1520, 119.52, 4, 123.1056);
INSERT INTO building(id, name, level) VALUES (1521, "building_cotton_plantationlevel", 8);
INSERT INTO supply(goods_id, building_id, max_supply, current_output, level) VALUES (9, 1521, 318.71999999999997, 8, 420.7104);
INSERT INTO building(id, name, level) VALUES (1522, "building_tobacco_plantationlevel", 3);
INSERT INTO supply(goods_id, building_id, max_supply, current_output, level) VALUES (43, 1522, 74.7, 3, 76.194);
INSERT INTO building(id, name, level) VALUES (1523, "building_barrackslevel", 1);
INSERT INTO demand(goods_id, building_id, max_demand, current_input, level) VALUES (0, 1523, 1.0, 1, 0.4064631962054024);
INSERT INTO demand(goods_id, building_id, max_demand, current_input, level) VALUES (1, 1523, 1.0, 1, 0.9480146316734674);
INSERT INTO demand(goods_id, building_id, max_demand, current_input, level) VALUES (2, 1523, 1.0, 1, 0.3555054868775503);
INSERT INTO building(id, name, level) VALUES (1524, "building_portlevel", 1);
INSERT INTO demand(goods_id, building_id, max_demand, current_input, level) VALUES (18, 1524, 5.0, 1, 2.921708271041847);
INSERT INTO building(id, name, level) VALUES (1525, "building_coal_minelevel", 1);
INSERT INTO demand(goods_id, building_id, max_demand, current_input, level) VALUES (33, 1525, 10.0, 1, 1.0692404597914769);
INSERT INTO supply(goods_id, building_id, max_supply, current_output, level) VALUES (23, 1525, 40.0, 1, 4.276961839165907);
INSERT INTO building(id, name, level) VALUES (1526, "building_logging_camplevel", 1);
INSERT INTO demand(goods_id, building_id, max_demand, current_input, level) VALUES (33, 1526, 5.0, 1, 0.5346202298957384);
INSERT INTO supply(goods_id, building_id, max_supply, current_output, level) VALUES (10, 1526, 40.0, 1, 4.276961839165907);
INSERT INTO supply(goods_id, building_id, max_supply, current_output, level) VALUES (26, 1526, 12.5, 1, 1.336550574739346);
INSERT INTO building(id, name, level) VALUES (1527, "building_government_administrationlevel", 1);
INSERT INTO demand(goods_id, building_id, max_demand, current_input, level) VALUES (14, 1527, 10.0, 1, 0.788432269617791);
INSERT INTO building(id, name, level) VALUES (1528, "building_glassworkslevel", 1);
INSERT INTO demand(goods_id, building_id, max_demand, current_input, level) VALUES (10, 1528, 20.0, 1, 3.6486504213636497);
INSERT INTO demand(goods_id, building_id, max_demand, current_input, level) VALUES (21, 1528, 15.0, 1, 0.0);
INSERT INTO demand(goods_id, building_id, max_demand, current_input, level) VALUES (25, 1528, 10.0, 1, 1.1939235891378763);
INSERT INTO supply(goods_id, building_id, max_supply, current_output, level) VALUES (31, 1528, 20.0, 1, 2.0121658665464675);
INSERT INTO supply(goods_id, building_id, max_supply, current_output, level) VALUES (35, 1528, 25.0, 1, 2.515207333183084);
INSERT INTO building(id, name, level) VALUES (1529, "building_fishing_wharflevel", 3);
INSERT INTO demand(goods_id, building_id, max_demand, current_input, level) VALUES (18, 1529, 15.0, 3, 8.76512481312554);
INSERT INTO supply(goods_id, building_id, max_supply, current_output, level) VALUES (8, 1529, 150.0, 3, 87.6512481312554);
INSERT INTO building(id, name, level) VALUES (1530, "building_tobacco_plantationlevel", 4);
INSERT INTO supply(goods_id, building_id, max_supply, current_output, level) VALUES (43, 1530, 99.6, 4, 102.588);
INSERT INTO building(id, name, level) VALUES (1531, "building_naval_baselevel", 5);
INSERT INTO demand(goods_id, building_id, max_demand, current_input, level) VALUES (5, 1531, 10.0, 5, 5.542652455358798);
INSERT INTO building(id, name, level) VALUES (1532, "building_portlevel", 2);
INSERT INTO demand(goods_id, building_id, max_demand, current_input, level) VALUES (18, 1532, 10.0, 2, 5.843416542083694);
INSERT INTO building(id, name, level) VALUES (1533, "building_government_administrationlevel", 1);
INSERT INTO demand(goods_id, building_id, max_demand, current_input, level) VALUES (14, 1533, 10.0, 1, 0.788432269617791);
INSERT INTO building(id, name, level) VALUES (1534, "building_fishing_wharflevel", 1);
INSERT INTO demand(goods_id, building_id, max_demand, current_input, level) VALUES (18, 1534, 5.0, 1, 2.921708271041847);
INSERT INTO supply(goods_id, building_id, max_supply, current_output, level) VALUES (8, 1534, 50.0, 1, 29.217082710418467);
INSERT INTO building(id, name, level) VALUES (1535, "building_livestock_ranchlevel", 1);
INSERT INTO demand(goods_id, building_id, max_demand, current_input, level) VALUES (7, 1535, 9.9803, 1, 5.324711818489109);
INSERT INTO demand(goods_id, building_id, max_demand, current_input, level) VALUES (33, 1535, 9.9803, 1, 1.0671340560856877);
INSERT INTO supply(goods_id, building_id, max_supply, current_output, level) VALUES (9, 1535, 39.9212, 1, 12.783691749149593);
INSERT INTO supply(goods_id, building_id, max_supply, current_output, level) VALUES (32, 1535, 4.99015, 1, 1.5979614686436991);
INSERT INTO supply(goods_id, building_id, max_supply, current_output, level) VALUES (36, 1535, 24.95075, 1, 7.989807343218496);
INSERT INTO building(id, name, level) VALUES (1536, "building_government_administrationlevel", 3);
INSERT INTO demand(goods_id, building_id, max_demand, current_input, level) VALUES (14, 1536, 30.0, 3, 2.365296808853373);
INSERT INTO building(id, name, level) VALUES (1537, "building_steel_millslevel", 3);
INSERT INTO demand(goods_id, building_id, max_demand, current_input, level) VALUES (23, 1537, 90.0, 3, 6.68284666951958);
INSERT INTO demand(goods_id, building_id, max_demand, current_input, level) VALUES (24, 1537, 120.0, 3, 6.341744131513722);
INSERT INTO supply(goods_id, building_id, max_supply, current_output, level) VALUES (30, 1537, 195.0, 3, 12.39241766550111);
INSERT INTO building(id, name, level) VALUES (1538, "building_textile_millslevel", 2);
INSERT INTO demand(goods_id, building_id, max_demand, current_input, level) VALUES (9, 1538, 80.0, 2, 192.36911876458794);
INSERT INTO demand(goods_id, building_id, max_demand, current_input, level) VALUES (21, 1538, 10.0, 2, 0.0);
INSERT INTO supply(goods_id, building_id, max_supply, current_output, level) VALUES (12, 1538, 120.0, 2, 60.0);
INSERT INTO building(id, name, level) VALUES (1539, "building_furniture_manufacturieslevel", 4);
INSERT INTO demand(goods_id, building_id, max_demand, current_input, level) VALUES (9, 1539, 40.0, 4, 96.18455938229397);
INSERT INTO demand(goods_id, building_id, max_demand, current_input, level) VALUES (10, 1539, 80.0, 4, 14.594601685454599);
INSERT INTO demand(goods_id, building_id, max_demand, current_input, level) VALUES (26, 1539, 40.0, 4, 4.838192293907558);
INSERT INTO demand(goods_id, building_id, max_demand, current_input, level) VALUES (33, 1539, 20.0, 4, 2.1384809195829537);
INSERT INTO supply(goods_id, building_id, max_supply, current_output, level) VALUES (13, 1539, 180.0, 4, 63.46401184777586);
INSERT INTO supply(goods_id, building_id, max_supply, current_output, level) VALUES (49, 1539, 80.0, 4, 28.20622748790038);
INSERT INTO building(id, name, level) VALUES (1540, "building_glassworkslevel", 2);
INSERT INTO demand(goods_id, building_id, max_demand, current_input, level) VALUES (10, 1540, 40.0, 2, 7.297300842727299);
INSERT INTO demand(goods_id, building_id, max_demand, current_input, level) VALUES (21, 1540, 30.0, 2, 0.0);
INSERT INTO demand(goods_id, building_id, max_demand, current_input, level) VALUES (25, 1540, 20.0, 2, 2.3878471782757527);
INSERT INTO supply(goods_id, building_id, max_supply, current_output, level) VALUES (31, 1540, 40.0, 2, 4.024331733092935);
INSERT INTO supply(goods_id, building_id, max_supply, current_output, level) VALUES (35, 1540, 50.0, 2, 5.030414666366168);
INSERT INTO building(id, name, level) VALUES (1541, "building_coal_minelevel", 4);
INSERT INTO demand(goods_id, building_id, max_demand, current_input, level) VALUES (33, 1541, 40.00000000000001, 4, 4.276961839165908);
INSERT INTO supply(goods_id, building_id, max_supply, current_output, level) VALUES (23, 1541, 160.00000000000003, 4, 17.107847356663633);
INSERT INTO building(id, name, level) VALUES (1542, "building_maize_farmlevel", 4);
INSERT INTO demand(goods_id, building_id, max_demand, current_input, level) VALUES (32, 1542, 19.961000000000002, 4, 4.775711152374552);
INSERT INTO supply(goods_id, building_id, max_supply, current_output, level) VALUES (7, 1542, 151.70359223300972, 4, 36.29540289977786);
INSERT INTO supply(goods_id, building_id, max_supply, current_output, level) VALUES (39, 1542, 23.953194174757282, 4, 5.730851989147914);
INSERT INTO building(id, name, level) VALUES (1543, "building_livestock_ranchlevel", 3);
INSERT INTO demand(goods_id, building_id, max_demand, current_input, level) VALUES (7, 1543, 29.940892156862745, 3, 15.974131270979322);
INSERT INTO demand(goods_id, building_id, max_demand, current_input, level) VALUES (33, 1543, 29.940892156862745, 3, 3.2014013296370942);
INSERT INTO supply(goods_id, building_id, max_supply, current_output, level) VALUES (9, 1543, 119.76359803921568, 3, 38.35107461956028);
INSERT INTO supply(goods_id, building_id, max_supply, current_output, level) VALUES (32, 1543, 14.970441176470588, 3, 4.793881580432862);
INSERT INTO supply(goods_id, building_id, max_supply, current_output, level) VALUES (36, 1543, 74.8522450980392, 3, 23.96942045993424);
INSERT INTO building(id, name, level) VALUES (1544, "building_logging_camplevel", 5);
INSERT INTO demand(goods_id, building_id, max_demand, current_input, level) VALUES (33, 1544, 25.0, 5, 2.673101149478692);
INSERT INTO supply(goods_id, building_id, max_supply, current_output, level) VALUES (10, 1544, 200.0, 5, 21.384809195829536);
INSERT INTO supply(goods_id, building_id, max_supply, current_output, level) VALUES (26, 1544, 62.5, 5, 6.68275287369673);
INSERT INTO building(id, name, level) VALUES (1545, "building_barrackslevel", 1);
INSERT INTO demand(goods_id, building_id, max_demand, current_input, level) VALUES (0, 1545, 1.0, 1, 0.4064631962054024);
INSERT INTO demand(goods_id, building_id, max_demand, current_input, level) VALUES (1, 1545, 1.0, 1, 0.9480146316734674);
INSERT INTO demand(goods_id, building_id, max_demand, current_input, level) VALUES (2, 1545, 1.0, 1, 0.3555054868775503);
INSERT INTO building(id, name, level) VALUES (1546, "building_paper_millslevel", 3);
INSERT INTO demand(goods_id, building_id, max_demand, current_input, level) VALUES (10, 1546, 90.0, 3, 16.418926896136423);
INSERT INTO demand(goods_id, building_id, max_demand, current_input, level) VALUES (22, 1546, 30.0, 3, 1.537577691527633);
INSERT INTO supply(goods_id, building_id, max_supply, current_output, level) VALUES (14, 1546, 209.99999999999997, 3, 24.53693663250587);
INSERT INTO building(id, name, level) VALUES (1547, "building_government_administrationlevel", 1);
INSERT INTO demand(goods_id, building_id, max_demand, current_input, level) VALUES (14, 1547, 10.0, 1, 0.788432269617791);
INSERT INTO building(id, name, level) VALUES (1548, "building_fishing_wharflevel", 1);
INSERT INTO demand(goods_id, building_id, max_demand, current_input, level) VALUES (18, 1548, 5.0, 1, 2.921708271041847);
INSERT INTO supply(goods_id, building_id, max_supply, current_output, level) VALUES (8, 1548, 50.0, 1, 29.217082710418467);
INSERT INTO building(id, name, level) VALUES (1549, "building_maize_farmlevel", 1);
INSERT INTO supply(goods_id, building_id, max_supply, current_output, level) VALUES (7, 1549, 9.98, 1, 9.98);
INSERT INTO supply(goods_id, building_id, max_supply, current_output, level) VALUES (37, 1549, 8.982, 1, 8.982);
INSERT INTO supply(goods_id, building_id, max_supply, current_output, level) VALUES (42, 1549, 5.988, 1, 5.988);
INSERT INTO building(id, name, level) VALUES (1550, "building_logging_camplevel", 2);
INSERT INTO demand(goods_id, building_id, max_demand, current_input, level) VALUES (33, 1550, 10.0, 2, 1.0692404597914769);
INSERT INTO supply(goods_id, building_id, max_supply, current_output, level) VALUES (10, 1550, 120.0, 2, 12.830885517497723);
INSERT INTO building(id, name, level) VALUES (1551, "building_lead_minelevel", 3);
INSERT INTO demand(goods_id, building_id, max_demand, current_input, level) VALUES (23, 1551, 30.0, 3, 2.2276155565065263);
INSERT INTO demand(goods_id, building_id, max_demand, current_input, level) VALUES (33, 1551, 30.0, 3, 3.207721379374431);
INSERT INTO supply(goods_id, building_id, max_supply, current_output, level) VALUES (25, 1551, 120.0, 3, 10.870673871761912);
INSERT INTO building(id, name, level) VALUES (1552, "building_maize_farmlevel", 2);
INSERT INTO supply(goods_id, building_id, max_supply, current_output, level) VALUES (7, 1552, 19.96, 2, 20.1596);
INSERT INTO supply(goods_id, building_id, max_supply, current_output, level) VALUES (37, 1552, 17.964000000000002, 2, 18.14364);
INSERT INTO supply(goods_id, building_id, max_supply, current_output, level) VALUES (42, 1552, 11.976, 2, 12.09576);
INSERT INTO building(id, name, level) VALUES (1553, "building_government_administrationlevel", 1);
INSERT INTO demand(goods_id, building_id, max_demand, current_input, level) VALUES (14, 1553, 10.0, 1, 0.788432269617791);
INSERT INTO building(id, name, level) VALUES (1554, "building_glassworkslevel", 1);
INSERT INTO demand(goods_id, building_id, max_demand, current_input, level) VALUES (10, 1554, 20.0, 1, 3.6486504213636497);
INSERT INTO demand(goods_id, building_id, max_demand, current_input, level) VALUES (25, 1554, 10.0, 1, 1.1939235891378763);
INSERT INTO supply(goods_id, building_id, max_supply, current_output, level) VALUES (31, 1554, 40.0, 1, 6.036497599639402);
INSERT INTO building(id, name, level) VALUES (1555, "building_fishing_wharflevel", 1);
INSERT INTO demand(goods_id, building_id, max_demand, current_input, level) VALUES (18, 1555, 5.0, 1, 2.921708271041847);
INSERT INTO supply(goods_id, building_id, max_supply, current_output, level) VALUES (8, 1555, 50.0, 1, 29.217082710418467);
INSERT INTO building(id, name, level) VALUES (1556, "building_government_administrationlevel", 1);
INSERT INTO demand(goods_id, building_id, max_demand, current_input, level) VALUES (14, 1556, 10.0, 1, 0.788432269617791);
INSERT INTO building(id, name, level) VALUES (1557, "building_iron_minelevel", 1);
INSERT INTO demand(goods_id, building_id, max_demand, current_input, level) VALUES (23, 1557, 10.0, 1, 0.7425385188355088);
INSERT INTO demand(goods_id, building_id, max_demand, current_input, level) VALUES (33, 1557, 10.0, 1, 1.0692404597914769);
INSERT INTO supply(goods_id, building_id, max_supply, current_output, level) VALUES (24, 1557, 40.0, 1, 3.623557957253971);
INSERT INTO building(id, name, level) VALUES (1558, "building_portlevel", 1);
INSERT INTO demand(goods_id, building_id, max_demand, current_input, level) VALUES (18, 1558, 5.0, 1, 2.921708271041847);
INSERT INTO building(id, name, level) VALUES (1559, "building_government_administrationlevel", 1);
INSERT INTO demand(goods_id, building_id, max_demand, current_input, level) VALUES (14, 1559, 10.0, 1, 0.788432269617791);
INSERT INTO building(id, name, level) VALUES (1560, "building_construction_sectorlevel", 1);
INSERT INTO demand(goods_id, building_id, max_demand, current_input, level) VALUES (9, 1560, 11.133, 1, 26.77056749007697);
INSERT INTO demand(goods_id, building_id, max_demand, current_input, level) VALUES (10, 1560, 22.266, 1, 4.06204251410415);
INSERT INTO demand(goods_id, building_id, max_demand, current_input, level) VALUES (24, 1560, 27.8325, 1, 1.4708882795029639);
INSERT INTO demand(goods_id, building_id, max_demand, current_input, level) VALUES (33, 1560, 5.5665, 1, 0.5951927019429255);
INSERT INTO building(id, name, level) VALUES (1561, "building_universitylevel", 2);
INSERT INTO demand(goods_id, building_id, max_demand, current_input, level) VALUES (14, 1561, 10.0, 2, 0.788432269617791);
INSERT INTO building(id, name, level) VALUES (1562, "building_textile_millslevel", 3);
INSERT INTO demand(goods_id, building_id, max_demand, current_input, level) VALUES (9, 1562, 120.0, 3, 288.5536781468819);
INSERT INTO demand(goods_id, building_id, max_demand, current_input, level) VALUES (21, 1562, 15.0, 3, 0.0);
INSERT INTO supply(goods_id, building_id, max_supply, current_output, level) VALUES (12, 1562, 180.0, 3, 90.0);
INSERT INTO building(id, name, level) VALUES (1563, "building_glassworkslevel", 3);
INSERT INTO demand(goods_id, building_id, max_demand, current_input, level) VALUES (10, 1563, 60.0, 3, 10.945951264090949);
INSERT INTO demand(goods_id, building_id, max_demand, current_input, level) VALUES (25, 1563, 30.0, 3, 3.581770767413629);
INSERT INTO supply(goods_id, building_id, max_supply, current_output, level) VALUES (31, 1563, 120.0, 3, 18.109492798918208);
INSERT INTO building(id, name, level) VALUES (1564, "building_shipyardslevel", 3);
INSERT INTO demand(goods_id, building_id, max_demand, current_input, level) VALUES (9, 1564, 60.0, 3, 144.27683907344095);
INSERT INTO demand(goods_id, building_id, max_demand, current_input, level) VALUES (10, 1564, 120.0, 3, 21.891902528181898);
INSERT INTO supply(goods_id, building_id, max_supply, current_output, level) VALUES (5, 1564, 44.99999999999999, 3, 26.604731724034103);
INSERT INTO supply(goods_id, building_id, max_supply, current_output, level) VALUES (18, 1564, 60.0, 3, 35.472975632045475);
INSERT INTO building(id, name, level) VALUES (1565, "building_fishing_wharflevel", 3);
INSERT INTO demand(goods_id, building_id, max_demand, current_input, level) VALUES (18, 1565, 15.0, 3, 8.76512481312554);
INSERT INTO supply(goods_id, building_id, max_supply, current_output, level) VALUES (8, 1565, 150.0, 3, 87.6512481312554);
INSERT INTO building(id, name, level) VALUES (1566, "building_whaling_stationlevel", 1);
INSERT INTO demand(goods_id, building_id, max_demand, current_input, level) VALUES (18, 1566, 5.0, 1, 2.921708271041847);
INSERT INTO supply(goods_id, building_id, max_supply, current_output, level) VALUES (28, 1566, 20.0, 1, 11.686833084167388);
INSERT INTO supply(goods_id, building_id, max_supply, current_output, level) VALUES (36, 1566, 10.0, 1, 5.843416542083694);
INSERT INTO building(id, name, level) VALUES (1567, "building_wheat_farmlevel", 2);
INSERT INTO demand(goods_id, building_id, max_demand, current_input, level) VALUES (32, 1567, 9.98, 2, 2.38773595013767);
INSERT INTO supply(goods_id, building_id, max_supply, current_output, level) VALUES (7, 1567, 59.88, 2, 14.32641570082602);
INSERT INTO supply(goods_id, building_id, max_supply, current_output, level) VALUES (37, 1567, 17.964000000000002, 2, 4.297924710247806);
INSERT INTO supply(goods_id, building_id, max_supply, current_output, level) VALUES (42, 1567, 11.976, 2, 2.865283140165204);
INSERT INTO building(id, name, level) VALUES (1568, "building_barrackslevel", 1);
INSERT INTO demand(goods_id, building_id, max_demand, current_input, level) VALUES (0, 1568, 1.0, 1, 0.4064631962054024);
INSERT INTO demand(goods_id, building_id, max_demand, current_input, level) VALUES (1, 1568, 1.0, 1, 0.9480146316734674);
INSERT INTO demand(goods_id, building_id, max_demand, current_input, level) VALUES (2, 1568, 1.0, 1, 0.3555054868775503);
INSERT INTO building(id, name, level) VALUES (1569, "building_naval_baselevel", 10);
INSERT INTO demand(goods_id, building_id, max_demand, current_input, level) VALUES (5, 1569, 20.0, 10, 11.085304910717596);
INSERT INTO building(id, name, level) VALUES (1570, "building_portlevel", 3);
INSERT INTO demand(goods_id, building_id, max_demand, current_input, level) VALUES (18, 1570, 15.0, 3, 8.76512481312554);
INSERT INTO building(id, name, level) VALUES (1571, "building_logging_camplevel", 1);
INSERT INTO demand(goods_id, building_id, max_demand, current_input, level) VALUES (33, 1571, 5.0, 1, 0.5346202298957384);
INSERT INTO supply(goods_id, building_id, max_supply, current_output, level) VALUES (10, 1571, 40.0, 1, 4.276961839165907);
INSERT INTO supply(goods_id, building_id, max_supply, current_output, level) VALUES (26, 1571, 12.5, 1, 1.336550574739346);
INSERT INTO building(id, name, level) VALUES (1572, "building_government_administrationlevel", 1);
INSERT INTO demand(goods_id, building_id, max_demand, current_input, level) VALUES (14, 1572, 10.0, 1, 0.788432269617791);
INSERT INTO building(id, name, level) VALUES (1573, "building_logging_camplevel", 1);
INSERT INTO demand(goods_id, building_id, max_demand, current_input, level) VALUES (33, 1573, 5.0, 1, 0.5346202298957384);
INSERT INTO supply(goods_id, building_id, max_supply, current_output, level) VALUES (10, 1573, 60.0, 1, 6.415442758748862);
INSERT INTO building(id, name, level) VALUES (1574, "building_livestock_ranchlevel", 1);
INSERT INTO supply(goods_id, building_id, max_supply, current_output, level) VALUES (9, 1574, 29.94, 1, 29.94);
INSERT INTO supply(goods_id, building_id, max_supply, current_output, level) VALUES (36, 1574, 4.99, 1, 4.99);
INSERT INTO building(id, name, level) VALUES (1575, "building_food_industrylevel", 2);
INSERT INTO demand(goods_id, building_id, max_demand, current_input, level) VALUES (7, 1575, 80.0, 2, 42.681777649883145);
INSERT INTO demand(goods_id, building_id, max_demand, current_input, level) VALUES (42, 1575, 80.0, 2, 66.69942118727354);
INSERT INTO supply(goods_id, building_id, max_supply, current_output, level) VALUES (11, 1575, 70.0, 2, 47.85427449125605);
INSERT INTO supply(goods_id, building_id, max_supply, current_output, level) VALUES (38, 1575, 120.0, 2, 82.03589912786751);
INSERT INTO building(id, name, level) VALUES (1576, "building_logging_camplevel", 1);
INSERT INTO demand(goods_id, building_id, max_demand, current_input, level) VALUES (33, 1576, 5.0, 1, 0.5346202298957384);
INSERT INTO supply(goods_id, building_id, max_supply, current_output, level) VALUES (10, 1576, 60.0, 1, 6.415442758748862);
INSERT INTO building(id, name, level) VALUES (1577, "building_livestock_ranchlevel", 2);
INSERT INTO supply(goods_id, building_id, max_supply, current_output, level) VALUES (9, 1577, 59.88, 2, 60.4788);
INSERT INTO supply(goods_id, building_id, max_supply, current_output, level) VALUES (36, 1577, 9.98, 2, 10.0798);
INSERT INTO building(id, name, level) VALUES (1578, "building_government_administrationlevel", 1);
INSERT INTO demand(goods_id, building_id, max_demand, current_input, level) VALUES (14, 1578, 10.0, 1, 0.788432269617791);
INSERT INTO building(id, name, level) VALUES (1579, "building_furniture_manufacturieslevel", 1);
INSERT INTO demand(goods_id, building_id, max_demand, current_input, level) VALUES (9, 1579, 10.0, 1, 24.046139845573492);
INSERT INTO demand(goods_id, building_id, max_demand, current_input, level) VALUES (10, 1579, 20.0, 1, 3.6486504213636497);
INSERT INTO demand(goods_id, building_id, max_demand, current_input, level) VALUES (26, 1579, 10.0, 1, 1.2095480734768895);
INSERT INTO demand(goods_id, building_id, max_demand, current_input, level) VALUES (33, 1579, 5.0, 1, 0.5346202298957384);
INSERT INTO supply(goods_id, building_id, max_supply, current_output, level) VALUES (13, 1579, 45.0, 1, 15.866002961943964);
INSERT INTO supply(goods_id, building_id, max_supply, current_output, level) VALUES (49, 1579, 20.0, 1, 7.051556871975095);
INSERT INTO building(id, name, level) VALUES (1580, "building_logging_camplevel", 3);
INSERT INTO demand(goods_id, building_id, max_demand, current_input, level) VALUES (33, 1580, 15.0, 3, 1.6038606896872154);
INSERT INTO supply(goods_id, building_id, max_supply, current_output, level) VALUES (10, 1580, 120.0, 3, 12.830885517497723);
INSERT INTO supply(goods_id, building_id, max_supply, current_output, level) VALUES (26, 1580, 37.5, 3, 4.009651724218038);
INSERT INTO building(id, name, level) VALUES (1581, "building_shipyardslevel", 2);
INSERT INTO demand(goods_id, building_id, max_demand, current_input, level) VALUES (9, 1581, 40.0, 2, 96.18455938229397);
INSERT INTO demand(goods_id, building_id, max_demand, current_input, level) VALUES (10, 1581, 80.0, 2, 14.594601685454599);
INSERT INTO supply(goods_id, building_id, max_supply, current_output, level) VALUES (18, 1581, 70.0, 2, 41.385138237386386);
INSERT INTO building(id, name, level) VALUES (1582, "building_fishing_wharflevel", 3);
INSERT INTO demand(goods_id, building_id, max_demand, current_input, level) VALUES (18, 1582, 15.0, 3, 8.76512481312554);
INSERT INTO supply(goods_id, building_id, max_supply, current_output, level) VALUES (8, 1582, 150.0, 3, 87.6512481312554);
INSERT INTO building(id, name, level) VALUES (1583, "building_portlevel", 1);
INSERT INTO demand(goods_id, building_id, max_demand, current_input, level) VALUES (18, 1583, 5.0, 1, 2.921708271041847);
INSERT INTO building(id, name, level) VALUES (1584, "building_government_administrationlevel", 2);
INSERT INTO demand(goods_id, building_id, max_demand, current_input, level) VALUES (14, 1584, 20.0, 2, 1.576864539235582);
INSERT INTO building(id, name, level) VALUES (1585, "building_food_industrylevel", 1);
INSERT INTO demand(goods_id, building_id, max_demand, current_input, level) VALUES (7, 1585, 40.0, 1, 21.340888824941572);
INSERT INTO demand(goods_id, building_id, max_demand, current_input, level) VALUES (42, 1585, 40.0, 1, 33.34971059363677);
INSERT INTO supply(goods_id, building_id, max_supply, current_output, level) VALUES (11, 1585, 35.0, 1, 23.927137245628025);
INSERT INTO supply(goods_id, building_id, max_supply, current_output, level) VALUES (38, 1585, 60.0, 1, 41.017949563933755);
INSERT INTO building(id, name, level) VALUES (1586, "building_coal_minelevel", 2);
INSERT INTO demand(goods_id, building_id, max_demand, current_input, level) VALUES (33, 1586, 19.999999999999996, 2, 2.1384809195829533);
INSERT INTO supply(goods_id, building_id, max_supply, current_output, level) VALUES (23, 1586, 79.99999999999999, 2, 8.553923678331813);
INSERT INTO building(id, name, level) VALUES (1587, "building_logging_camplevel", 1);
INSERT INTO demand(goods_id, building_id, max_demand, current_input, level) VALUES (33, 1587, 5.0, 1, 0.5346202298957384);
INSERT INTO supply(goods_id, building_id, max_supply, current_output, level) VALUES (10, 1587, 60.0, 1, 6.415442758748862);
INSERT INTO building(id, name, level) VALUES (1588, "building_maize_farmlevel", 5);
INSERT INTO supply(goods_id, building_id, max_supply, current_output, level) VALUES (7, 1588, 149.7, 5, 155.688);
INSERT INTO building(id, name, level) VALUES (1589, "building_cotton_plantationlevel", 10);
INSERT INTO supply(goods_id, building_id, max_supply, current_output, level) VALUES (9, 1589, 398.4, 10, 533.856);
INSERT INTO building(id, name, level) VALUES (1590, "building_barrackslevel", 1);
INSERT INTO demand(goods_id, building_id, max_demand, current_input, level) VALUES (0, 1590, 1.0, 1, 0.4064631962054024);
INSERT INTO demand(goods_id, building_id, max_demand, current_input, level) VALUES (1, 1590, 1.0, 1, 0.9480146316734674);
INSERT INTO demand(goods_id, building_id, max_demand, current_input, level) VALUES (2, 1590, 1.0, 1, 0.3555054868775503);
INSERT INTO building(id, name, level) VALUES (1591, "building_portlevel", 1);
INSERT INTO demand(goods_id, building_id, max_demand, current_input, level) VALUES (18, 1591, 5.0, 1, 2.921708271041847);
INSERT INTO building(id, name, level) VALUES (1592, "building_government_administrationlevel", 2);
INSERT INTO demand(goods_id, building_id, max_demand, current_input, level) VALUES (14, 1592, 20.0, 2, 1.576864539235582);
INSERT INTO building(id, name, level) VALUES (1593, "building_cotton_plantationlevel", 10);
INSERT INTO supply(goods_id, building_id, max_supply, current_output, level) VALUES (9, 1593, 398.4, 10, 533.856);
INSERT INTO building(id, name, level) VALUES (1594, "building_tobacco_plantationlevel", 5);
INSERT INTO supply(goods_id, building_id, max_supply, current_output, level) VALUES (43, 1594, 124.49999999999999, 5, 129.48);
INSERT INTO building(id, name, level) VALUES (1595, "building_maize_farmlevel", 5);
INSERT INTO supply(goods_id, building_id, max_supply, current_output, level) VALUES (7, 1595, 149.7, 5, 155.688);
INSERT INTO building(id, name, level) VALUES (1596, "building_barrackslevel", 1);
INSERT INTO demand(goods_id, building_id, max_demand, current_input, level) VALUES (0, 1596, 1.0, 1, 0.4064631962054024);
INSERT INTO demand(goods_id, building_id, max_demand, current_input, level) VALUES (1, 1596, 1.0, 1, 0.9480146316734674);
INSERT INTO demand(goods_id, building_id, max_demand, current_input, level) VALUES (2, 1596, 1.0, 1, 0.3555054868775503);
INSERT INTO building(id, name, level) VALUES (1597, "building_portlevel", 1);
INSERT INTO demand(goods_id, building_id, max_demand, current_input, level) VALUES (18, 1597, 5.0, 1, 2.921708271041847);
INSERT INTO building(id, name, level) VALUES (2866, "building_subsistence_farmslevel", 115);
INSERT INTO supply(goods_id, building_id, max_supply, current_output, level) VALUES (7, 2866, 19.31425, 115, 19.31425);
INSERT INTO supply(goods_id, building_id, max_supply, current_output, level) VALUES (9, 2866, 3.86285, 115, 3.86285);
INSERT INTO supply(goods_id, building_id, max_supply, current_output, level) VALUES (10, 2866, 3.86285, 115, 3.86285);
INSERT INTO supply(goods_id, building_id, max_supply, current_output, level) VALUES (12, 2866, 3.86285, 115, 3.86285);
INSERT INTO supply(goods_id, building_id, max_supply, current_output, level) VALUES (13, 2866, 3.86285, 115, 3.86285);
INSERT INTO supply(goods_id, building_id, max_supply, current_output, level) VALUES (15, 2866, 3.86285, 115, 3.86285);
INSERT INTO supply(goods_id, building_id, max_supply, current_output, level) VALUES (38, 2866, 5.40799, 115, 5.40799);
INSERT INTO building(id, name, level) VALUES (2867, "building_subsistence_farmslevel", 116);
INSERT INTO supply(goods_id, building_id, max_supply, current_output, level) VALUES (7, 2867, 118.3519, 116, 118.3519);
INSERT INTO supply(goods_id, building_id, max_supply, current_output, level) VALUES (9, 2867, 23.67038, 116, 23.67038);
INSERT INTO supply(goods_id, building_id, max_supply, current_output, level) VALUES (10, 2867, 23.67038, 116, 23.67038);
INSERT INTO supply(goods_id, building_id, max_supply, current_output, level) VALUES (12, 2867, 23.67038, 116, 23.67038);
INSERT INTO supply(goods_id, building_id, max_supply, current_output, level) VALUES (13, 2867, 23.67038, 116, 23.67038);
INSERT INTO supply(goods_id, building_id, max_supply, current_output, level) VALUES (15, 2867, 23.67038, 116, 23.67038);
INSERT INTO supply(goods_id, building_id, max_supply, current_output, level) VALUES (38, 2867, 33.13853, 116, 33.13853);
INSERT INTO building(id, name, level) VALUES (2868, "building_urban_centerlevel", 10);
INSERT INTO demand(goods_id, building_id, max_demand, current_input, level) VALUES (10, 2868, 49.99999999999999, 10, 9.121626053409123);
INSERT INTO demand(goods_id, building_id, max_demand, current_input, level) VALUES (23, 2868, 99.99999999999999, 10, 7.425385188355088);
INSERT INTO demand(goods_id, building_id, max_demand, current_input, level) VALUES (31, 2868, 49.99999999999999, 10, 6.997812423919508);
INSERT INTO supply(goods_id, building_id, max_supply, current_output, level) VALUES (15, 2868, 700.0, 10, 92.54994500036217);
INSERT INTO building(id, name, level) VALUES (2869, "building_subsistence_farmslevel", 162);
INSERT INTO supply(goods_id, building_id, max_supply, current_output, level) VALUES (7, 2869, 8.13645, 162, 8.13645);
INSERT INTO supply(goods_id, building_id, max_supply, current_output, level) VALUES (9, 2869, 1.62729, 162, 1.62729);
INSERT INTO supply(goods_id, building_id, max_supply, current_output, level) VALUES (10, 2869, 1.62729, 162, 1.62729);
INSERT INTO supply(goods_id, building_id, max_supply, current_output, level) VALUES (12, 2869, 1.62729, 162, 1.62729);
INSERT INTO supply(goods_id, building_id, max_supply, current_output, level) VALUES (13, 2869, 1.62729, 162, 1.62729);
INSERT INTO supply(goods_id, building_id, max_supply, current_output, level) VALUES (15, 2869, 1.62729, 162, 1.62729);
INSERT INTO supply(goods_id, building_id, max_supply, current_output, level) VALUES (38, 2869, 2.2782, 162, 2.2782);
INSERT INTO building(id, name, level) VALUES (2870, "building_urban_centerlevel", 3);
INSERT INTO demand(goods_id, building_id, max_demand, current_input, level) VALUES (10, 2870, 15.0, 3, 2.7364878160227373);
INSERT INTO demand(goods_id, building_id, max_demand, current_input, level) VALUES (23, 2870, 30.0, 3, 2.2276155565065263);
INSERT INTO demand(goods_id, building_id, max_demand, current_input, level) VALUES (31, 2870, 15.0, 3, 2.0993437271758526);
INSERT INTO supply(goods_id, building_id, max_supply, current_output, level) VALUES (15, 2870, 209.99999999999997, 3, 27.76498350010864);
INSERT INTO building(id, name, level) VALUES (2915, "building_subsistence_farmslevel", 20);
INSERT INTO supply(goods_id, building_id, max_supply, current_output, level) VALUES (7, 2915, 0.224, 20, 0.224);
INSERT INTO supply(goods_id, building_id, max_supply, current_output, level) VALUES (9, 2915, 0.0448, 20, 0.0448);
INSERT INTO supply(goods_id, building_id, max_supply, current_output, level) VALUES (10, 2915, 0.0448, 20, 0.0448);
INSERT INTO supply(goods_id, building_id, max_supply, current_output, level) VALUES (12, 2915, 0.0448, 20, 0.0448);
INSERT INTO supply(goods_id, building_id, max_supply, current_output, level) VALUES (13, 2915, 0.0448, 20, 0.0448);
INSERT INTO supply(goods_id, building_id, max_supply, current_output, level) VALUES (15, 2915, 0.0448, 20, 0.0448);
INSERT INTO supply(goods_id, building_id, max_supply, current_output, level) VALUES (38, 2915, 0.06272, 20, 0.06272);
INSERT INTO building(id, name, level) VALUES (2916, "building_subsistence_farmslevel", 103);
INSERT INTO supply(goods_id, building_id, max_supply, current_output, level) VALUES (7, 2916, 2.4926, 103, 2.4926);
INSERT INTO supply(goods_id, building_id, max_supply, current_output, level) VALUES (9, 2916, 0.49852, 103, 0.49852);
INSERT INTO supply(goods_id, building_id, max_supply, current_output, level) VALUES (10, 2916, 0.49852, 103, 0.49852);
INSERT INTO supply(goods_id, building_id, max_supply, current_output, level) VALUES (12, 2916, 0.49852, 103, 0.49852);
INSERT INTO supply(goods_id, building_id, max_supply, current_output, level) VALUES (13, 2916, 0.49852, 103, 0.49852);
INSERT INTO supply(goods_id, building_id, max_supply, current_output, level) VALUES (15, 2916, 0.49852, 103, 0.49852);
INSERT INTO supply(goods_id, building_id, max_supply, current_output, level) VALUES (38, 2916, 0.69792, 103, 0.69792);
INSERT INTO building(id, name, level) VALUES (2919, "building_subsistence_farmslevel", 126);
INSERT INTO supply(goods_id, building_id, max_supply, current_output, level) VALUES (7, 2919, 1.4931, 126, 1.4931);
INSERT INTO supply(goods_id, building_id, max_supply, current_output, level) VALUES (9, 2919, 0.29862, 126, 0.29862);
INSERT INTO supply(goods_id, building_id, max_supply, current_output, level) VALUES (10, 2919, 0.29862, 126, 0.29862);
INSERT INTO supply(goods_id, building_id, max_supply, current_output, level) VALUES (12, 2919, 0.29862, 126, 0.29862);
INSERT INTO supply(goods_id, building_id, max_supply, current_output, level) VALUES (13, 2919, 0.29862, 126, 0.29862);
INSERT INTO supply(goods_id, building_id, max_supply, current_output, level) VALUES (15, 2919, 0.29862, 126, 0.29862);
INSERT INTO supply(goods_id, building_id, max_supply, current_output, level) VALUES (38, 2919, 0.41806, 126, 0.41806);
INSERT INTO building(id, name, level) VALUES (2923, "building_subsistence_farmslevel", 129);
INSERT INTO supply(goods_id, building_id, max_supply, current_output, level) VALUES (7, 2923, 0.744975, 129, 0.89397);
INSERT INTO supply(goods_id, building_id, max_supply, current_output, level) VALUES (9, 2923, 0.1489916666666667, 129, 0.17879);
INSERT INTO supply(goods_id, building_id, max_supply, current_output, level) VALUES (10, 2923, 0.1489916666666667, 129, 0.17879);
INSERT INTO supply(goods_id, building_id, max_supply, current_output, level) VALUES (12, 2923, 0.1489916666666667, 129, 0.17879);
INSERT INTO supply(goods_id, building_id, max_supply, current_output, level) VALUES (13, 2923, 0.1489916666666667, 129, 0.17879);
INSERT INTO supply(goods_id, building_id, max_supply, current_output, level) VALUES (15, 2923, 0.1489916666666667, 129, 0.17879);
INSERT INTO supply(goods_id, building_id, max_supply, current_output, level) VALUES (38, 2923, 0.20859166666666665, 129, 0.25031);
INSERT INTO building(id, name, level) VALUES (2926, "building_subsistence_farmslevel", 17);
INSERT INTO supply(goods_id, building_id, max_supply, current_output, level) VALUES (7, 2926, 0.49725, 17, 0.5967);
INSERT INTO supply(goods_id, building_id, max_supply, current_output, level) VALUES (9, 2926, 0.09945000000000001, 17, 0.11934);
INSERT INTO supply(goods_id, building_id, max_supply, current_output, level) VALUES (10, 2926, 0.09945000000000001, 17, 0.11934);
INSERT INTO supply(goods_id, building_id, max_supply, current_output, level) VALUES (12, 2926, 0.09945000000000001, 17, 0.11934);
INSERT INTO supply(goods_id, building_id, max_supply, current_output, level) VALUES (13, 2926, 0.09945000000000001, 17, 0.11934);
INSERT INTO supply(goods_id, building_id, max_supply, current_output, level) VALUES (15, 2926, 0.09945000000000001, 17, 0.11934);
INSERT INTO supply(goods_id, building_id, max_supply, current_output, level) VALUES (38, 2926, 0.13922500000000002, 17, 0.16707);
INSERT INTO building(id, name, level) VALUES (2927, "building_subsistence_farmslevel", 39);
INSERT INTO supply(goods_id, building_id, max_supply, current_output, level) VALUES (7, 2927, 0.496275, 39, 0.59553);
INSERT INTO supply(goods_id, building_id, max_supply, current_output, level) VALUES (9, 2927, 0.09925, 39, 0.1191);
INSERT INTO supply(goods_id, building_id, max_supply, current_output, level) VALUES (10, 2927, 0.09925, 39, 0.1191);
INSERT INTO supply(goods_id, building_id, max_supply, current_output, level) VALUES (12, 2927, 0.09925, 39, 0.1191);
INSERT INTO supply(goods_id, building_id, max_supply, current_output, level) VALUES (13, 2927, 0.09925, 39, 0.1191);
INSERT INTO supply(goods_id, building_id, max_supply, current_output, level) VALUES (15, 2927, 0.09925, 39, 0.1191);
INSERT INTO supply(goods_id, building_id, max_supply, current_output, level) VALUES (38, 2927, 0.13895000000000002, 39, 0.16674);
INSERT INTO building(id, name, level) VALUES (2930, "building_subsistence_farmslevel", 148);
INSERT INTO supply(goods_id, building_id, max_supply, current_output, level) VALUES (7, 2930, 1.4948000000000001, 148, 1.79376);
INSERT INTO supply(goods_id, building_id, max_supply, current_output, level) VALUES (9, 2930, 0.2989583333333334, 148, 0.35875);
INSERT INTO supply(goods_id, building_id, max_supply, current_output, level) VALUES (10, 2930, 0.2989583333333334, 148, 0.35875);
INSERT INTO supply(goods_id, building_id, max_supply, current_output, level) VALUES (12, 2930, 0.2989583333333334, 148, 0.35875);
INSERT INTO supply(goods_id, building_id, max_supply, current_output, level) VALUES (13, 2930, 0.2989583333333334, 148, 0.35875);
INSERT INTO supply(goods_id, building_id, max_supply, current_output, level) VALUES (15, 2930, 0.2989583333333334, 148, 0.35875);
INSERT INTO supply(goods_id, building_id, max_supply, current_output, level) VALUES (38, 2930, 0.41854166666666665, 148, 0.50225);
INSERT INTO building(id, name, level) VALUES (2935, "building_subsistence_farmslevel", 178);
INSERT INTO supply(goods_id, building_id, max_supply, current_output, level) VALUES (7, 2935, 6.5148, 178, 6.5148);
INSERT INTO supply(goods_id, building_id, max_supply, current_output, level) VALUES (9, 2935, 1.30296, 178, 1.30296);
INSERT INTO supply(goods_id, building_id, max_supply, current_output, level) VALUES (10, 2935, 1.30296, 178, 1.30296);
INSERT INTO supply(goods_id, building_id, max_supply, current_output, level) VALUES (12, 2935, 1.30296, 178, 1.30296);
INSERT INTO supply(goods_id, building_id, max_supply, current_output, level) VALUES (13, 2935, 1.30296, 178, 1.30296);
INSERT INTO supply(goods_id, building_id, max_supply, current_output, level) VALUES (15, 2935, 1.30296, 178, 1.30296);
INSERT INTO supply(goods_id, building_id, max_supply, current_output, level) VALUES (38, 2935, 1.82414, 178, 1.82414);
INSERT INTO building(id, name, level) VALUES (2936, "building_subsistence_farmslevel", 227);
INSERT INTO supply(goods_id, building_id, max_supply, current_output, level) VALUES (7, 2936, 33.5506, 227, 33.5506);
INSERT INTO supply(goods_id, building_id, max_supply, current_output, level) VALUES (9, 2936, 6.71012, 227, 6.71012);
INSERT INTO supply(goods_id, building_id, max_supply, current_output, level) VALUES (10, 2936, 6.71012, 227, 6.71012);
INSERT INTO supply(goods_id, building_id, max_supply, current_output, level) VALUES (12, 2936, 6.71012, 227, 6.71012);
INSERT INTO supply(goods_id, building_id, max_supply, current_output, level) VALUES (13, 2936, 6.71012, 227, 6.71012);
INSERT INTO supply(goods_id, building_id, max_supply, current_output, level) VALUES (15, 2936, 6.71012, 227, 6.71012);
INSERT INTO supply(goods_id, building_id, max_supply, current_output, level) VALUES (38, 2936, 9.39416, 227, 9.39416);
INSERT INTO building(id, name, level) VALUES (2937, "building_subsistence_farmslevel", 240);
INSERT INTO supply(goods_id, building_id, max_supply, current_output, level) VALUES (7, 2937, 5.484, 240, 5.484);
INSERT INTO supply(goods_id, building_id, max_supply, current_output, level) VALUES (9, 2937, 1.0968, 240, 1.0968);
INSERT INTO supply(goods_id, building_id, max_supply, current_output, level) VALUES (10, 2937, 1.0968, 240, 1.0968);
INSERT INTO supply(goods_id, building_id, max_supply, current_output, level) VALUES (12, 2937, 1.0968, 240, 1.0968);
INSERT INTO supply(goods_id, building_id, max_supply, current_output, level) VALUES (13, 2937, 1.0968, 240, 1.0968);
INSERT INTO supply(goods_id, building_id, max_supply, current_output, level) VALUES (15, 2937, 1.0968, 240, 1.0968);
INSERT INTO supply(goods_id, building_id, max_supply, current_output, level) VALUES (38, 2937, 1.53552, 240, 1.53552);
INSERT INTO building(id, name, level) VALUES (2938, "building_subsistence_farmslevel", 111);
INSERT INTO supply(goods_id, building_id, max_supply, current_output, level) VALUES (7, 2938, 1.99245, 111, 1.99245);
INSERT INTO supply(goods_id, building_id, max_supply, current_output, level) VALUES (9, 2938, 0.39849, 111, 0.39849);
INSERT INTO supply(goods_id, building_id, max_supply, current_output, level) VALUES (10, 2938, 0.39849, 111, 0.39849);
INSERT INTO supply(goods_id, building_id, max_supply, current_output, level) VALUES (12, 2938, 0.39849, 111, 0.39849);
INSERT INTO supply(goods_id, building_id, max_supply, current_output, level) VALUES (13, 2938, 0.39849, 111, 0.39849);
INSERT INTO supply(goods_id, building_id, max_supply, current_output, level) VALUES (15, 2938, 0.39849, 111, 0.39849);
INSERT INTO supply(goods_id, building_id, max_supply, current_output, level) VALUES (38, 2938, 0.55788, 111, 0.55788);
INSERT INTO building(id, name, level) VALUES (2940, "building_subsistence_farmslevel", 180);
INSERT INTO supply(goods_id, building_id, max_supply, current_output, level) VALUES (7, 2940, 4.4955, 180, 4.4955);
INSERT INTO supply(goods_id, building_id, max_supply, current_output, level) VALUES (9, 2940, 0.8991, 180, 0.8991);
INSERT INTO supply(goods_id, building_id, max_supply, current_output, level) VALUES (10, 2940, 0.8991, 180, 0.8991);
INSERT INTO supply(goods_id, building_id, max_supply, current_output, level) VALUES (12, 2940, 0.8991, 180, 0.8991);
INSERT INTO supply(goods_id, building_id, max_supply, current_output, level) VALUES (13, 2940, 0.8991, 180, 0.8991);
INSERT INTO supply(goods_id, building_id, max_supply, current_output, level) VALUES (15, 2940, 0.8991, 180, 0.8991);
INSERT INTO supply(goods_id, building_id, max_supply, current_output, level) VALUES (38, 2940, 1.25874, 180, 1.25874);
INSERT INTO building(id, name, level) VALUES (2941, "building_subsistence_farmslevel", 212);
INSERT INTO supply(goods_id, building_id, max_supply, current_output, level) VALUES (7, 2941, 45.9404, 212, 45.9404);
INSERT INTO supply(goods_id, building_id, max_supply, current_output, level) VALUES (9, 2941, 9.18808, 212, 9.18808);
INSERT INTO supply(goods_id, building_id, max_supply, current_output, level) VALUES (10, 2941, 9.18808, 212, 9.18808);
INSERT INTO supply(goods_id, building_id, max_supply, current_output, level) VALUES (12, 2941, 9.18808, 212, 9.18808);
INSERT INTO supply(goods_id, building_id, max_supply, current_output, level) VALUES (13, 2941, 9.18808, 212, 9.18808);
INSERT INTO supply(goods_id, building_id, max_supply, current_output, level) VALUES (15, 2941, 9.18808, 212, 9.18808);
INSERT INTO supply(goods_id, building_id, max_supply, current_output, level) VALUES (38, 2941, 12.86331, 212, 12.86331);
INSERT INTO building(id, name, level) VALUES (2942, "building_urban_centerlevel", 1);
INSERT INTO demand(goods_id, building_id, max_demand, current_input, level) VALUES (10, 2942, 5.0, 1, 0.9121626053409124);
INSERT INTO demand(goods_id, building_id, max_demand, current_input, level) VALUES (23, 2942, 10.0, 1, 0.7425385188355088);
INSERT INTO demand(goods_id, building_id, max_demand, current_input, level) VALUES (31, 2942, 5.0, 1, 0.6997812423919508);
INSERT INTO supply(goods_id, building_id, max_supply, current_output, level) VALUES (15, 2942, 70.0, 1, 9.254994500036215);
INSERT INTO building(id, name, level) VALUES (2943, "building_subsistence_farmslevel", 179);
INSERT INTO supply(goods_id, building_id, max_supply, current_output, level) VALUES (7, 2943, 9.58545, 179, 9.58545);
INSERT INTO supply(goods_id, building_id, max_supply, current_output, level) VALUES (9, 2943, 1.91709, 179, 1.91709);
INSERT INTO supply(goods_id, building_id, max_supply, current_output, level) VALUES (10, 2943, 1.91709, 179, 1.91709);
INSERT INTO supply(goods_id, building_id, max_supply, current_output, level) VALUES (12, 2943, 1.91709, 179, 1.91709);
INSERT INTO supply(goods_id, building_id, max_supply, current_output, level) VALUES (13, 2943, 1.91709, 179, 1.91709);
INSERT INTO supply(goods_id, building_id, max_supply, current_output, level) VALUES (15, 2943, 1.91709, 179, 1.91709);
INSERT INTO supply(goods_id, building_id, max_supply, current_output, level) VALUES (38, 2943, 2.68392, 179, 2.68392);
INSERT INTO building(id, name, level) VALUES (2944, "building_subsistence_farmslevel", 172);
INSERT INTO supply(goods_id, building_id, max_supply, current_output, level) VALUES (7, 2944, 117.8286, 172, 117.8286);
INSERT INTO supply(goods_id, building_id, max_supply, current_output, level) VALUES (9, 2944, 23.56572, 172, 23.56572);
INSERT INTO supply(goods_id, building_id, max_supply, current_output, level) VALUES (10, 2944, 23.56572, 172, 23.56572);
INSERT INTO supply(goods_id, building_id, max_supply, current_output, level) VALUES (12, 2944, 23.56572, 172, 23.56572);
INSERT INTO supply(goods_id, building_id, max_supply, current_output, level) VALUES (13, 2944, 23.56572, 172, 23.56572);
INSERT INTO supply(goods_id, building_id, max_supply, current_output, level) VALUES (15, 2944, 23.56572, 172, 23.56572);
INSERT INTO supply(goods_id, building_id, max_supply, current_output, level) VALUES (38, 2944, 32.992, 172, 32.992);
INSERT INTO building(id, name, level) VALUES (2945, "building_urban_centerlevel", 2);
INSERT INTO demand(goods_id, building_id, max_demand, current_input, level) VALUES (10, 2945, 10.0, 2, 1.8243252106818248);
INSERT INTO demand(goods_id, building_id, max_demand, current_input, level) VALUES (23, 2945, 20.0, 2, 1.4850770376710176);
INSERT INTO demand(goods_id, building_id, max_demand, current_input, level) VALUES (31, 2945, 10.0, 2, 1.3995624847839017);
INSERT INTO supply(goods_id, building_id, max_supply, current_output, level) VALUES (15, 2945, 140.0, 2, 18.50998900007243);
INSERT INTO building(id, name, level) VALUES (2946, "building_subsistence_farmslevel", 166);
INSERT INTO supply(goods_id, building_id, max_supply, current_output, level) VALUES (7, 2946, 32.0878, 166, 32.0878);
INSERT INTO supply(goods_id, building_id, max_supply, current_output, level) VALUES (9, 2946, 6.41756, 166, 6.41756);
INSERT INTO supply(goods_id, building_id, max_supply, current_output, level) VALUES (10, 2946, 6.41756, 166, 6.41756);
INSERT INTO supply(goods_id, building_id, max_supply, current_output, level) VALUES (12, 2946, 6.41756, 166, 6.41756);
INSERT INTO supply(goods_id, building_id, max_supply, current_output, level) VALUES (13, 2946, 6.41756, 166, 6.41756);
INSERT INTO supply(goods_id, building_id, max_supply, current_output, level) VALUES (15, 2946, 6.41756, 166, 6.41756);
INSERT INTO supply(goods_id, building_id, max_supply, current_output, level) VALUES (38, 2946, 8.98458, 166, 8.98458);
INSERT INTO building(id, name, level) VALUES (2947, "building_urban_centerlevel", 2);
INSERT INTO demand(goods_id, building_id, max_demand, current_input, level) VALUES (10, 2947, 10.0, 2, 1.8243252106818248);
INSERT INTO demand(goods_id, building_id, max_demand, current_input, level) VALUES (23, 2947, 20.0, 2, 1.4850770376710176);
INSERT INTO demand(goods_id, building_id, max_demand, current_input, level) VALUES (31, 2947, 10.0, 2, 1.3995624847839017);
INSERT INTO supply(goods_id, building_id, max_supply, current_output, level) VALUES (15, 2947, 140.0, 2, 18.50998900007243);
INSERT INTO building(id, name, level) VALUES (2948, "building_subsistence_farmslevel", 155);
INSERT INTO supply(goods_id, building_id, max_supply, current_output, level) VALUES (7, 2948, 17.96837, 155, 17.96837);
INSERT INTO supply(goods_id, building_id, max_supply, current_output, level) VALUES (9, 2948, 3.59367, 155, 3.59367);
INSERT INTO supply(goods_id, building_id, max_supply, current_output, level) VALUES (10, 2948, 3.59367, 155, 3.59367);
INSERT INTO supply(goods_id, building_id, max_supply, current_output, level) VALUES (12, 2948, 3.59367, 155, 3.59367);
INSERT INTO supply(goods_id, building_id, max_supply, current_output, level) VALUES (13, 2948, 3.59367, 155, 3.59367);
INSERT INTO supply(goods_id, building_id, max_supply, current_output, level) VALUES (15, 2948, 3.59367, 155, 3.59367);
INSERT INTO supply(goods_id, building_id, max_supply, current_output, level) VALUES (38, 2948, 5.03114, 155, 5.03114);
INSERT INTO building(id, name, level) VALUES (2949, "building_urban_centerlevel", 2);
INSERT INTO demand(goods_id, building_id, max_demand, current_input, level) VALUES (10, 2949, 10.0, 2, 1.8243252106818248);
INSERT INTO demand(goods_id, building_id, max_demand, current_input, level) VALUES (23, 2949, 20.0, 2, 1.4850770376710176);
INSERT INTO demand(goods_id, building_id, max_demand, current_input, level) VALUES (31, 2949, 10.0, 2, 1.3995624847839017);
INSERT INTO supply(goods_id, building_id, max_supply, current_output, level) VALUES (15, 2949, 140.0, 2, 18.50998900007243);
INSERT INTO building(id, name, level) VALUES (2950, "building_subsistence_farmslevel", 150);
INSERT INTO supply(goods_id, building_id, max_supply, current_output, level) VALUES (7, 2950, 5.0925, 150, 5.0925);
INSERT INTO supply(goods_id, building_id, max_supply, current_output, level) VALUES (9, 2950, 1.0185, 150, 1.0185);
INSERT INTO supply(goods_id, building_id, max_supply, current_output, level) VALUES (10, 2950, 1.0185, 150, 1.0185);
INSERT INTO supply(goods_id, building_id, max_supply, current_output, level) VALUES (12, 2950, 1.0185, 150, 1.0185);
INSERT INTO supply(goods_id, building_id, max_supply, current_output, level) VALUES (13, 2950, 1.0185, 150, 1.0185);
INSERT INTO supply(goods_id, building_id, max_supply, current_output, level) VALUES (15, 2950, 1.0185, 150, 1.0185);
INSERT INTO supply(goods_id, building_id, max_supply, current_output, level) VALUES (38, 2950, 1.4259, 150, 1.4259);
INSERT INTO building(id, name, level) VALUES (2951, "building_subsistence_farmslevel", 149);
INSERT INTO supply(goods_id, building_id, max_supply, current_output, level) VALUES (7, 2951, 14.29282, 149, 14.29282);
INSERT INTO supply(goods_id, building_id, max_supply, current_output, level) VALUES (9, 2951, 2.85856, 149, 2.85856);
INSERT INTO supply(goods_id, building_id, max_supply, current_output, level) VALUES (10, 2951, 2.85856, 149, 2.85856);
INSERT INTO supply(goods_id, building_id, max_supply, current_output, level) VALUES (12, 2951, 2.85856, 149, 2.85856);
INSERT INTO supply(goods_id, building_id, max_supply, current_output, level) VALUES (13, 2951, 2.85856, 149, 2.85856);
INSERT INTO supply(goods_id, building_id, max_supply, current_output, level) VALUES (15, 2951, 2.85856, 149, 2.85856);
INSERT INTO supply(goods_id, building_id, max_supply, current_output, level) VALUES (38, 2951, 4.00199, 149, 4.00199);
INSERT INTO building(id, name, level) VALUES (2952, "building_urban_centerlevel", 1);
INSERT INTO demand(goods_id, building_id, max_demand, current_input, level) VALUES (10, 2952, 5.0, 1, 0.9121626053409124);
INSERT INTO demand(goods_id, building_id, max_demand, current_input, level) VALUES (23, 2952, 10.0, 1, 0.7425385188355088);
INSERT INTO demand(goods_id, building_id, max_demand, current_input, level) VALUES (31, 2952, 5.0, 1, 0.6997812423919508);
INSERT INTO supply(goods_id, building_id, max_supply, current_output, level) VALUES (15, 2952, 70.0, 1, 9.254994500036215);
INSERT INTO building(id, name, level) VALUES (2953, "building_subsistence_farmslevel", 100);
INSERT INTO supply(goods_id, building_id, max_supply, current_output, level) VALUES (7, 2953, 14.8825, 100, 14.8825);
INSERT INTO supply(goods_id, building_id, max_supply, current_output, level) VALUES (9, 2953, 2.9765, 100, 2.9765);
INSERT INTO supply(goods_id, building_id, max_supply, current_output, level) VALUES (10, 2953, 2.9765, 100, 2.9765);
INSERT INTO supply(goods_id, building_id, max_supply, current_output, level) VALUES (12, 2953, 2.9765, 100, 2.9765);
INSERT INTO supply(goods_id, building_id, max_supply, current_output, level) VALUES (13, 2953, 2.9765, 100, 2.9765);
INSERT INTO supply(goods_id, building_id, max_supply, current_output, level) VALUES (15, 2953, 2.9765, 100, 2.9765);
INSERT INTO supply(goods_id, building_id, max_supply, current_output, level) VALUES (38, 2953, 4.1671, 100, 4.1671);
INSERT INTO building(id, name, level) VALUES (2954, "building_subsistence_farmslevel", 159);
INSERT INTO supply(goods_id, building_id, max_supply, current_output, level) VALUES (7, 2954, 11.50365, 159, 11.50365);
INSERT INTO supply(goods_id, building_id, max_supply, current_output, level) VALUES (9, 2954, 2.30073, 159, 2.30073);
INSERT INTO supply(goods_id, building_id, max_supply, current_output, level) VALUES (10, 2954, 2.30073, 159, 2.30073);
INSERT INTO supply(goods_id, building_id, max_supply, current_output, level) VALUES (12, 2954, 2.30073, 159, 2.30073);
INSERT INTO supply(goods_id, building_id, max_supply, current_output, level) VALUES (13, 2954, 2.30073, 159, 2.30073);
INSERT INTO supply(goods_id, building_id, max_supply, current_output, level) VALUES (15, 2954, 2.30073, 159, 2.30073);
INSERT INTO supply(goods_id, building_id, max_supply, current_output, level) VALUES (38, 2954, 3.22102, 159, 3.22102);
INSERT INTO building(id, name, level) VALUES (2955, "building_urban_centerlevel", 1);
INSERT INTO demand(goods_id, building_id, max_demand, current_input, level) VALUES (10, 2955, 5.0, 1, 0.9121626053409124);
INSERT INTO demand(goods_id, building_id, max_demand, current_input, level) VALUES (23, 2955, 10.0, 1, 0.7425385188355088);
INSERT INTO demand(goods_id, building_id, max_demand, current_input, level) VALUES (31, 2955, 5.0, 1, 0.6997812423919508);
INSERT INTO supply(goods_id, building_id, max_supply, current_output, level) VALUES (15, 2955, 70.0, 1, 9.254994500036215);
INSERT INTO building(id, name, level) VALUES (2956, "building_urban_centerlevel", 1);
INSERT INTO building(id, name, level) VALUES (2957, "building_subsistence_farmslevel", 50);
INSERT INTO supply(goods_id, building_id, max_supply, current_output, level) VALUES (7, 2957, 21.4775, 50, 21.4775);
INSERT INTO supply(goods_id, building_id, max_supply, current_output, level) VALUES (9, 2957, 4.2955, 50, 4.2955);
INSERT INTO supply(goods_id, building_id, max_supply, current_output, level) VALUES (10, 2957, 4.2955, 50, 4.2955);
INSERT INTO supply(goods_id, building_id, max_supply, current_output, level) VALUES (12, 2957, 4.2955, 50, 4.2955);
INSERT INTO supply(goods_id, building_id, max_supply, current_output, level) VALUES (13, 2957, 4.2955, 50, 4.2955);
INSERT INTO supply(goods_id, building_id, max_supply, current_output, level) VALUES (15, 2957, 4.2955, 50, 4.2955);
INSERT INTO supply(goods_id, building_id, max_supply, current_output, level) VALUES (38, 2957, 6.0137, 50, 6.0137);
INSERT INTO building(id, name, level) VALUES (2958, "building_subsistence_farmslevel", 21);
INSERT INTO supply(goods_id, building_id, max_supply, current_output, level) VALUES (7, 2958, 14.8092, 21, 14.8092);
INSERT INTO supply(goods_id, building_id, max_supply, current_output, level) VALUES (9, 2958, 2.96184, 21, 2.96184);
INSERT INTO supply(goods_id, building_id, max_supply, current_output, level) VALUES (10, 2958, 2.96184, 21, 2.96184);
INSERT INTO supply(goods_id, building_id, max_supply, current_output, level) VALUES (12, 2958, 2.96184, 21, 2.96184);
INSERT INTO supply(goods_id, building_id, max_supply, current_output, level) VALUES (13, 2958, 2.96184, 21, 2.96184);
INSERT INTO supply(goods_id, building_id, max_supply, current_output, level) VALUES (15, 2958, 2.96184, 21, 2.96184);
INSERT INTO supply(goods_id, building_id, max_supply, current_output, level) VALUES (38, 2958, 4.14657, 21, 4.14657);
INSERT INTO building(id, name, level) VALUES (2959, "building_subsistence_farmslevel", 14);
INSERT INTO supply(goods_id, building_id, max_supply, current_output, level) VALUES (7, 2959, 4.50975, 14, 4.50975);
INSERT INTO supply(goods_id, building_id, max_supply, current_output, level) VALUES (9, 2959, 0.90195, 14, 0.90195);
INSERT INTO supply(goods_id, building_id, max_supply, current_output, level) VALUES (10, 2959, 0.90195, 14, 0.90195);
INSERT INTO supply(goods_id, building_id, max_supply, current_output, level) VALUES (12, 2959, 0.90195, 14, 0.90195);
INSERT INTO supply(goods_id, building_id, max_supply, current_output, level) VALUES (13, 2959, 0.90195, 14, 0.90195);
INSERT INTO supply(goods_id, building_id, max_supply, current_output, level) VALUES (15, 2959, 0.90195, 14, 0.90195);
INSERT INTO supply(goods_id, building_id, max_supply, current_output, level) VALUES (38, 2959, 1.26273, 14, 1.26273);
INSERT INTO building(id, name, level) VALUES (2960, "building_subsistence_farmslevel", 173);
INSERT INTO supply(goods_id, building_id, max_supply, current_output, level) VALUES (7, 2960, 102.97825, 173, 102.97825);
INSERT INTO supply(goods_id, building_id, max_supply, current_output, level) VALUES (9, 2960, 20.59565, 173, 20.59565);
INSERT INTO supply(goods_id, building_id, max_supply, current_output, level) VALUES (10, 2960, 20.59565, 173, 20.59565);
INSERT INTO supply(goods_id, building_id, max_supply, current_output, level) VALUES (12, 2960, 20.59565, 173, 20.59565);
INSERT INTO supply(goods_id, building_id, max_supply, current_output, level) VALUES (13, 2960, 20.59565, 173, 20.59565);
INSERT INTO supply(goods_id, building_id, max_supply, current_output, level) VALUES (15, 2960, 20.59565, 173, 20.59565);
INSERT INTO supply(goods_id, building_id, max_supply, current_output, level) VALUES (38, 2960, 28.83391, 173, 28.83391);
INSERT INTO building(id, name, level) VALUES (2961, "building_urban_centerlevel", 4);
INSERT INTO demand(goods_id, building_id, max_demand, current_input, level) VALUES (10, 2961, 20.0, 4, 3.6486504213636497);
INSERT INTO demand(goods_id, building_id, max_demand, current_input, level) VALUES (23, 2961, 40.0, 4, 2.9701540753420352);
INSERT INTO demand(goods_id, building_id, max_demand, current_input, level) VALUES (31, 2961, 20.0, 4, 2.7991249695678033);
INSERT INTO supply(goods_id, building_id, max_supply, current_output, level) VALUES (15, 2961, 279.99999999999994, 4, 37.01997800014485);
INSERT INTO building(id, name, level) VALUES (2962, "building_subsistence_farmslevel", 39);
INSERT INTO supply(goods_id, building_id, max_supply, current_output, level) VALUES (7, 2962, 21.6255, 39, 21.6255);
INSERT INTO supply(goods_id, building_id, max_supply, current_output, level) VALUES (9, 2962, 4.3251, 39, 4.3251);
INSERT INTO supply(goods_id, building_id, max_supply, current_output, level) VALUES (10, 2962, 4.3251, 39, 4.3251);
INSERT INTO supply(goods_id, building_id, max_supply, current_output, level) VALUES (12, 2962, 4.3251, 39, 4.3251);
INSERT INTO supply(goods_id, building_id, max_supply, current_output, level) VALUES (13, 2962, 4.3251, 39, 4.3251);
INSERT INTO supply(goods_id, building_id, max_supply, current_output, level) VALUES (15, 2962, 4.3251, 39, 4.3251);
INSERT INTO supply(goods_id, building_id, max_supply, current_output, level) VALUES (38, 2962, 6.05514, 39, 6.05514);
INSERT INTO building(id, name, level) VALUES (2963, "building_urban_centerlevel", 1);
INSERT INTO demand(goods_id, building_id, max_demand, current_input, level) VALUES (10, 2963, 5.0, 1, 0.9121626053409124);
INSERT INTO demand(goods_id, building_id, max_demand, current_input, level) VALUES (23, 2963, 10.0, 1, 0.7425385188355088);
INSERT INTO demand(goods_id, building_id, max_demand, current_input, level) VALUES (31, 2963, 5.0, 1, 0.6997812423919508);
INSERT INTO supply(goods_id, building_id, max_supply, current_output, level) VALUES (15, 2963, 70.0, 1, 9.254994500036215);
INSERT INTO building(id, name, level) VALUES (2964, "building_subsistence_farmslevel", 268);
INSERT INTO supply(goods_id, building_id, max_supply, current_output, level) VALUES (7, 2964, 45.0977, 268, 45.0977);
INSERT INTO supply(goods_id, building_id, max_supply, current_output, level) VALUES (9, 2964, 9.01954, 268, 9.01954);
INSERT INTO supply(goods_id, building_id, max_supply, current_output, level) VALUES (10, 2964, 9.01954, 268, 9.01954);
INSERT INTO supply(goods_id, building_id, max_supply, current_output, level) VALUES (12, 2964, 9.01954, 268, 9.01954);
INSERT INTO supply(goods_id, building_id, max_supply, current_output, level) VALUES (13, 2964, 9.01954, 268, 9.01954);
INSERT INTO supply(goods_id, building_id, max_supply, current_output, level) VALUES (15, 2964, 9.01954, 268, 9.01954);
INSERT INTO supply(goods_id, building_id, max_supply, current_output, level) VALUES (38, 2964, 12.62735, 268, 12.62735);
INSERT INTO building(id, name, level) VALUES (2965, "building_subsistence_fishing_villageslevel", 15);
INSERT INTO supply(goods_id, building_id, max_supply, current_output, level) VALUES (7, 2965, 3.51705, 15, 3.51705);
INSERT INTO supply(goods_id, building_id, max_supply, current_output, level) VALUES (8, 2965, 14.0682, 15, 14.0682);
INSERT INTO supply(goods_id, building_id, max_supply, current_output, level) VALUES (9, 2965, 1.75852, 15, 1.75852);
INSERT INTO supply(goods_id, building_id, max_supply, current_output, level) VALUES (10, 2965, 5.27557, 15, 5.27557);
INSERT INTO supply(goods_id, building_id, max_supply, current_output, level) VALUES (12, 2965, 3.51705, 15, 3.51705);
INSERT INTO supply(goods_id, building_id, max_supply, current_output, level) VALUES (13, 2965, 3.51705, 15, 3.51705);
INSERT INTO supply(goods_id, building_id, max_supply, current_output, level) VALUES (15, 2965, 3.51705, 15, 3.51705);
INSERT INTO supply(goods_id, building_id, max_supply, current_output, level) VALUES (38, 2965, 4.92387, 15, 4.92387);
INSERT INTO building(id, name, level) VALUES (2966, "building_subsistence_fishing_villageslevel", 10);
INSERT INTO supply(goods_id, building_id, max_supply, current_output, level) VALUES (7, 2966, 1.1592, 10, 1.1592);
INSERT INTO supply(goods_id, building_id, max_supply, current_output, level) VALUES (8, 2966, 4.6368, 10, 4.6368);
INSERT INTO supply(goods_id, building_id, max_supply, current_output, level) VALUES (9, 2966, 0.5796, 10, 0.5796);
INSERT INTO supply(goods_id, building_id, max_supply, current_output, level) VALUES (10, 2966, 1.7388, 10, 1.7388);
INSERT INTO supply(goods_id, building_id, max_supply, current_output, level) VALUES (12, 2966, 1.1592, 10, 1.1592);
INSERT INTO supply(goods_id, building_id, max_supply, current_output, level) VALUES (13, 2966, 1.1592, 10, 1.1592);
INSERT INTO supply(goods_id, building_id, max_supply, current_output, level) VALUES (15, 2966, 1.1592, 10, 1.1592);
INSERT INTO supply(goods_id, building_id, max_supply, current_output, level) VALUES (38, 2966, 1.62288, 10, 1.62288);
INSERT INTO building(id, name, level) VALUES (2967, "building_subsistence_fishing_villageslevel", 18);
INSERT INTO supply(goods_id, building_id, max_supply, current_output, level) VALUES (7, 2967, 7.20468, 18, 7.20468);
INSERT INTO supply(goods_id, building_id, max_supply, current_output, level) VALUES (8, 2967, 28.81872, 18, 28.81872);
INSERT INTO supply(goods_id, building_id, max_supply, current_output, level) VALUES (9, 2967, 3.60234, 18, 3.60234);
INSERT INTO supply(goods_id, building_id, max_supply, current_output, level) VALUES (10, 2967, 10.80702, 18, 10.80702);
INSERT INTO supply(goods_id, building_id, max_supply, current_output, level) VALUES (12, 2967, 7.20468, 18, 7.20468);
INSERT INTO supply(goods_id, building_id, max_supply, current_output, level) VALUES (13, 2967, 7.20468, 18, 7.20468);
INSERT INTO supply(goods_id, building_id, max_supply, current_output, level) VALUES (15, 2967, 7.20468, 18, 7.20468);
INSERT INTO supply(goods_id, building_id, max_supply, current_output, level) VALUES (38, 2967, 10.08655, 18, 10.08655);
INSERT INTO building(id, name, level) VALUES (2968, "building_urban_centerlevel", 3);
INSERT INTO demand(goods_id, building_id, max_demand, current_input, level) VALUES (10, 2968, 15.0, 3, 2.7364878160227373);
INSERT INTO demand(goods_id, building_id, max_demand, current_input, level) VALUES (23, 2968, 30.0, 3, 2.2276155565065263);
INSERT INTO demand(goods_id, building_id, max_demand, current_input, level) VALUES (31, 2968, 15.0, 3, 2.0993437271758526);
INSERT INTO supply(goods_id, building_id, max_supply, current_output, level) VALUES (15, 2968, 209.99999999999997, 3, 27.76498350010864);
INSERT INTO building(id, name, level) VALUES (2969, "building_subsistence_farmslevel", 22);
INSERT INTO supply(goods_id, building_id, max_supply, current_output, level) VALUES (7, 2969, 23.0824, 22, 23.0824);
INSERT INTO supply(goods_id, building_id, max_supply, current_output, level) VALUES (9, 2969, 4.61648, 22, 4.61648);
INSERT INTO supply(goods_id, building_id, max_supply, current_output, level) VALUES (10, 2969, 4.61648, 22, 4.61648);
INSERT INTO supply(goods_id, building_id, max_supply, current_output, level) VALUES (12, 2969, 4.61648, 22, 4.61648);
INSERT INTO supply(goods_id, building_id, max_supply, current_output, level) VALUES (13, 2969, 4.61648, 22, 4.61648);
INSERT INTO supply(goods_id, building_id, max_supply, current_output, level) VALUES (15, 2969, 4.61648, 22, 4.61648);
INSERT INTO supply(goods_id, building_id, max_supply, current_output, level) VALUES (38, 2969, 6.46307, 22, 6.46307);
INSERT INTO building(id, name, level) VALUES (2970, "building_subsistence_farmslevel", 14);
INSERT INTO supply(goods_id, building_id, max_supply, current_output, level) VALUES (7, 2970, 27.58385, 14, 27.58385);
INSERT INTO supply(goods_id, building_id, max_supply, current_output, level) VALUES (9, 2970, 5.51677, 14, 5.51677);
INSERT INTO supply(goods_id, building_id, max_supply, current_output, level) VALUES (10, 2970, 5.51677, 14, 5.51677);
INSERT INTO supply(goods_id, building_id, max_supply, current_output, level) VALUES (12, 2970, 5.51677, 14, 5.51677);
INSERT INTO supply(goods_id, building_id, max_supply, current_output, level) VALUES (13, 2970, 5.51677, 14, 5.51677);
INSERT INTO supply(goods_id, building_id, max_supply, current_output, level) VALUES (15, 2970, 5.51677, 14, 5.51677);
INSERT INTO supply(goods_id, building_id, max_supply, current_output, level) VALUES (38, 2970, 7.72347, 14, 7.72347);
INSERT INTO building(id, name, level) VALUES (2971, "building_subsistence_fishing_villageslevel", 20);
INSERT INTO supply(goods_id, building_id, max_supply, current_output, level) VALUES (7, 2971, 3.5869, 20, 3.5869);
INSERT INTO supply(goods_id, building_id, max_supply, current_output, level) VALUES (8, 2971, 14.3476, 20, 14.3476);
INSERT INTO supply(goods_id, building_id, max_supply, current_output, level) VALUES (9, 2971, 1.79345, 20, 1.79345);
INSERT INTO supply(goods_id, building_id, max_supply, current_output, level) VALUES (10, 2971, 5.38035, 20, 5.38035);
INSERT INTO supply(goods_id, building_id, max_supply, current_output, level) VALUES (12, 2971, 3.5869, 20, 3.5869);
INSERT INTO supply(goods_id, building_id, max_supply, current_output, level) VALUES (13, 2971, 3.5869, 20, 3.5869);
INSERT INTO supply(goods_id, building_id, max_supply, current_output, level) VALUES (15, 2971, 3.5869, 20, 3.5869);
INSERT INTO supply(goods_id, building_id, max_supply, current_output, level) VALUES (38, 2971, 5.02166, 20, 5.02166);
INSERT INTO building(id, name, level) VALUES (2972, "building_urban_centerlevel", 1);
INSERT INTO demand(goods_id, building_id, max_demand, current_input, level) VALUES (10, 2972, 5.0, 1, 0.9121626053409124);
INSERT INTO demand(goods_id, building_id, max_demand, current_input, level) VALUES (23, 2972, 10.0, 1, 0.7425385188355088);
INSERT INTO demand(goods_id, building_id, max_demand, current_input, level) VALUES (31, 2972, 5.0, 1, 0.6997812423919508);
INSERT INTO supply(goods_id, building_id, max_supply, current_output, level) VALUES (15, 2972, 70.0, 1, 9.254994500036215);
INSERT INTO building(id, name, level) VALUES (2973, "building_subsistence_farmslevel", 165);
INSERT INTO supply(goods_id, building_id, max_supply, current_output, level) VALUES (7, 2973, 34.89337, 165, 34.89337);
INSERT INTO supply(goods_id, building_id, max_supply, current_output, level) VALUES (9, 2973, 6.97867, 165, 6.97867);
INSERT INTO supply(goods_id, building_id, max_supply, current_output, level) VALUES (10, 2973, 6.97867, 165, 6.97867);
INSERT INTO supply(goods_id, building_id, max_supply, current_output, level) VALUES (12, 2973, 6.97867, 165, 6.97867);
INSERT INTO supply(goods_id, building_id, max_supply, current_output, level) VALUES (13, 2973, 6.97867, 165, 6.97867);
INSERT INTO supply(goods_id, building_id, max_supply, current_output, level) VALUES (15, 2973, 6.97867, 165, 6.97867);
INSERT INTO supply(goods_id, building_id, max_supply, current_output, level) VALUES (38, 2973, 9.77014, 165, 9.77014);
INSERT INTO building(id, name, level) VALUES (2974, "building_urban_centerlevel", 1);
INSERT INTO demand(goods_id, building_id, max_demand, current_input, level) VALUES (10, 2974, 5.0, 1, 0.9121626053409124);
INSERT INTO demand(goods_id, building_id, max_demand, current_input, level) VALUES (23, 2974, 10.0, 1, 0.7425385188355088);
INSERT INTO demand(goods_id, building_id, max_demand, current_input, level) VALUES (31, 2974, 5.0, 1, 0.6997812423919508);
INSERT INTO supply(goods_id, building_id, max_supply, current_output, level) VALUES (15, 2974, 70.0, 1, 9.254994500036215);
INSERT INTO building(id, name, level) VALUES (3946, "building_subsistence_farmslevel", 80);
INSERT INTO supply(goods_id, building_id, max_supply, current_output, level) VALUES (7, 3946, 12.808, 80, 12.808);
INSERT INTO supply(goods_id, building_id, max_supply, current_output, level) VALUES (9, 3946, 2.5616, 80, 2.5616);
INSERT INTO supply(goods_id, building_id, max_supply, current_output, level) VALUES (10, 3946, 2.5616, 80, 2.5616);
INSERT INTO supply(goods_id, building_id, max_supply, current_output, level) VALUES (12, 3946, 2.5616, 80, 2.5616);
INSERT INTO supply(goods_id, building_id, max_supply, current_output, level) VALUES (13, 3946, 2.5616, 80, 2.5616);
INSERT INTO supply(goods_id, building_id, max_supply, current_output, level) VALUES (15, 3946, 2.5616, 80, 2.5616);
INSERT INTO supply(goods_id, building_id, max_supply, current_output, level) VALUES (38, 3946, 3.58624, 80, 3.58624);
INSERT INTO building(id, name, level) VALUES (3947, "building_urban_centerlevel", 1);
INSERT INTO demand(goods_id, building_id, max_demand, current_input, level) VALUES (10, 3947, 5.0, 1, 0.9121626053409124);
INSERT INTO demand(goods_id, building_id, max_demand, current_input, level) VALUES (23, 3947, 10.0, 1, 0.7425385188355088);
INSERT INTO demand(goods_id, building_id, max_demand, current_input, level) VALUES (31, 3947, 5.0, 1, 0.6997812423919508);
INSERT INTO supply(goods_id, building_id, max_supply, current_output, level) VALUES (15, 3947, 70.0, 1, 9.254994500036215);
INSERT INTO building(id, name, level) VALUES (3956, "building_trade_centerlevel", 16);
INSERT INTO building(id, name, level) VALUES (3957, "building_trade_centerlevel", 60);
INSERT INTO building(id, name, level) VALUES (3958, "building_trade_centerlevel", 17);
INSERT INTO building(id, name, level) VALUES (3959, "building_urban_centerlevel", 1);
INSERT INTO demand(goods_id, building_id, max_demand, current_input, level) VALUES (10, 3959, 5.0, 1, 0.9121626053409124);
INSERT INTO demand(goods_id, building_id, max_demand, current_input, level) VALUES (23, 3959, 10.0, 1, 0.7425385188355088);
INSERT INTO demand(goods_id, building_id, max_demand, current_input, level) VALUES (31, 3959, 5.0, 1, 0.6997812423919508);
INSERT INTO supply(goods_id, building_id, max_supply, current_output, level) VALUES (15, 3959, 70.0, 1, 9.254994500036215);
INSERT INTO building(id, name, level) VALUES (4037, "building_conscription_centerlevel", 7);
INSERT INTO building(id, name, level) VALUES (4038, "building_conscription_centerlevel", 38);
INSERT INTO building(id, name, level) VALUES (4039, "building_conscription_centerlevel", 18);
INSERT INTO building(id, name, level) VALUES (4069, "building_conscription_centerlevel", 1);
INSERT INTO building(id, name, level) VALUES (4070, "building_conscription_centerlevel", 7);
INSERT INTO building(id, name, level) VALUES (4072, "building_conscription_centerlevel", 11);
INSERT INTO building(id, name, level) VALUES (4073, "building_conscription_centerlevel", 1);
INSERT INTO building(id, name, level) VALUES (4074, "building_conscription_centerlevel", 23);
INSERT INTO building(id, name, level) VALUES (4075, "building_conscription_centerlevel", 15);
INSERT INTO building(id, name, level) VALUES (4076, "building_conscription_centerlevel", 15);
INSERT INTO building(id, name, level) VALUES (4077, "building_conscription_centerlevel", 6);
INSERT INTO building(id, name, level) VALUES (4078, "building_conscription_centerlevel", 14);
INSERT INTO building(id, name, level) VALUES (4079, "building_conscription_centerlevel", 1);
INSERT INTO building(id, name, level) VALUES (4080, "building_conscription_centerlevel", 14);
INSERT INTO building(id, name, level) VALUES (4081, "building_conscription_centerlevel", 2);
INSERT INTO building(id, name, level) VALUES (4082, "building_conscription_centerlevel", 3);
INSERT INTO building(id, name, level) VALUES (4083, "building_conscription_centerlevel", 6);
INSERT INTO building(id, name, level) VALUES (4084, "building_conscription_centerlevel", 1);
INSERT INTO building(id, name, level) VALUES (4085, "building_conscription_centerlevel", 26);
INSERT INTO building(id, name, level) VALUES (4086, "building_conscription_centerlevel", 6);
INSERT INTO building(id, name, level) VALUES (4087, "building_conscription_centerlevel", 7);
INSERT INTO building(id, name, level) VALUES (4088, "building_conscription_centerlevel", 3);
INSERT INTO building(id, name, level) VALUES (4089, "building_conscription_centerlevel", 1);
INSERT INTO building(id, name, level) VALUES (4090, "building_conscription_centerlevel", 14);
INSERT INTO building(id, name, level) VALUES (4091, "building_conscription_centerlevel", 4);
INSERT INTO building(id, name, level) VALUES (4092, "building_conscription_centerlevel", 4);
INSERT INTO building(id, name, level) VALUES (4093, "building_conscription_centerlevel", 6);
INSERT INTO building(id, name, level) VALUES (4094, "building_conscription_centerlevel", 16);
INSERT INTO building(id, name, level) VALUES (4642, "building_conscription_centerlevel", 15);
INSERT INTO building(id, name, level) VALUES (4647, "building_wheat_farmlevel", 0);
