
  
CREATE TABLE goods(    goods_name    VARCHAR(30),    code    INT,    base_price FLOAT,    current_price FLOAT,    pop_demand FLOAT, PRIMARY KEY (code));

CREATE TABLE building(    id INT,    name VARCHAR(80),    level INT, PRIMARY KEY (id));

CREATE TABLE supply(    goods_id INT,    building_id INT,    max_supply FLOAT,    current_output FLOAT,    level INT, PRIMARY KEY (goods_id, building_id));

CREATE TABLE demand(    goods_id INT,    building_id INT,    max_demand FLOAT,    current_input FLOAT,    level INT,   PRIMARY KEY (goods_id, building_id));
    
INSERT INTO goods(goods_name,code,base_price, current_price, pop_demand) VALUES ("ammunition", 0, 50, 71.044484637261, 0);
INSERT INTO goods(goods_name,code,base_price, current_price, pop_demand) VALUES ("small_arms", 1, 60, 99.03149798180114, 5.800394089629669);
INSERT INTO goods(goods_name,code,base_price, current_price, pop_demand) VALUES ("artillery", 2, 70, 120.91435386800501, 0);
INSERT INTO goods(goods_name,code,base_price, current_price, pop_demand) VALUES ("tanks", 3, 80, 80, 0);
INSERT INTO goods(goods_name,code,base_price, current_price, pop_demand) VALUES ("aeroplanes", 4, 80, 80, 0);
INSERT INTO goods(goods_name,code,base_price, current_price, pop_demand) VALUES ("manowars", 5, 70, 111.00021008540769, 0);
INSERT INTO goods(goods_name,code,base_price, current_price, pop_demand) VALUES ("ironclads", 6, 80, 80, 0);
INSERT INTO goods(goods_name,code,base_price, current_price, pop_demand) VALUES ("grain", 7, 20, 30.190465115159633, 3540.1971368825198);
INSERT INTO goods(goods_name,code,base_price, current_price, pop_demand) VALUES ("fish", 8, 20, 26.651519846558813, 734.062467421852);
INSERT INTO goods(goods_name,code,base_price, current_price, pop_demand) VALUES ("fabric", 9, 20, 8.975297165699644, 98.72884582947043);
INSERT INTO goods(goods_name,code,base_price, current_price, pop_demand) VALUES ("wood", 10, 20, 31.268432531048962, 236.33682502256198);
INSERT INTO goods(goods_name,code,base_price, current_price, pop_demand) VALUES ("groceries", 11, 30, 44.84900314935422, 317.0178305193506);
INSERT INTO goods(goods_name,code,base_price, current_price, pop_demand) VALUES ("clothes", 12, 30, 35.17571645843805, 886.1412535345753);
INSERT INTO goods(goods_name,code,base_price, current_price, pop_demand) VALUES ("furniture", 13, 30, 41.340659904921125, 797.7157216911846);
INSERT INTO goods(goods_name,code,base_price, current_price, pop_demand) VALUES ("paper", 14, 30, 50.715225190462334, 65.30744045294597);
INSERT INTO goods(goods_name,code,base_price, current_price, pop_demand) VALUES ("services", 15, 30, 37.91445286390689, 686.8191073647077);
INSERT INTO goods(goods_name,code,base_price, current_price, pop_demand) VALUES ("transportation", 16, 30, 47.64684538888307, 229.58251666666652);
INSERT INTO goods(goods_name,code,base_price, current_price, pop_demand) VALUES ("electricity", 17, 30, 30, 0);
INSERT INTO goods(goods_name,code,base_price, current_price, pop_demand) VALUES ("clippers", 18, 60, 81.79693235438845, 35.52024268329789);
INSERT INTO goods(goods_name,code,base_price, current_price, pop_demand) VALUES ("steamers", 19, 70, 70, 0);
INSERT INTO goods(goods_name,code,base_price, current_price, pop_demand) VALUES ("silk", 20, 40, 40, 0);
INSERT INTO goods(goods_name,code,base_price, current_price, pop_demand) VALUES ("dye", 21, 40, 44.76516614010344, 0);
INSERT INTO goods(goods_name,code,base_price, current_price, pop_demand) VALUES ("sulfur", 22, 50, 81.60711076645153, 0);
INSERT INTO goods(goods_name,code,base_price, current_price, pop_demand) VALUES ("coal", 23, 30, 50.11331190378185, 392.08191654604303);
INSERT INTO goods(goods_name,code,base_price, current_price, pop_demand) VALUES ("iron", 24, 40, 68.20007967259107, 0);
INSERT INTO goods(goods_name,code,base_price, current_price, pop_demand) VALUES ("lead", 25, 40, 65.13620882286146, 0);
INSERT INTO goods(goods_name,code,base_price, current_price, pop_demand) VALUES ("hardwood", 26, 40, 68.07012109836819, 0);
INSERT INTO goods(goods_name,code,base_price, current_price, pop_demand) VALUES ("rubber", 27, 40, 40, 0);
INSERT INTO goods(goods_name,code,base_price, current_price, pop_demand) VALUES ("oil", 28, 40, 59.46910988541585, 29.377785914451263);
INSERT INTO goods(goods_name,code,base_price, current_price, pop_demand) VALUES ("engines", 29, 60, 101.39820714646557, 0);
INSERT INTO goods(goods_name,code,base_price, current_price, pop_demand) VALUES ("steel", 30, 50, 84.59817970839725, 0);
INSERT INTO goods(goods_name,code,base_price, current_price, pop_demand) VALUES ("glass", 31, 40, 52.66796375076059, 40.40761541705621);
INSERT INTO goods(goods_name,code,base_price, current_price, pop_demand) VALUES ("fertilizer", 32, 30, 50.2707969823662, 0);
INSERT INTO goods(goods_name,code,base_price, current_price, pop_demand) VALUES ("tools", 33, 40, 66.27459661667552, 0);
INSERT INTO goods(goods_name,code,base_price, current_price, pop_demand) VALUES ("explosives", 34, 50, 81.86674634233914, 0);
INSERT INTO goods(goods_name,code,base_price, current_price, pop_demand) VALUES ("porcelain", 35, 70, 106.39575930339176, 132.03971820598068);
INSERT INTO goods(goods_name,code,base_price, current_price, pop_demand) VALUES ("meat", 36, 30, 45.584061676301005, 190.2050666397459);
INSERT INTO goods(goods_name,code,base_price, current_price, pop_demand) VALUES ("fruit", 37, 30, 49.38955554655167, 199.66748161419846);
INSERT INTO goods(goods_name,code,base_price, current_price, pop_demand) VALUES ("liquor", 38, 30, 35.421082434645534, 480.4647695622632);
INSERT INTO goods(goods_name,code,base_price, current_price, pop_demand) VALUES ("wine", 39, 50, 45.20899898387344, 177.23916249394892);
INSERT INTO goods(goods_name,code,base_price, current_price, pop_demand) VALUES ("tea", 40, 50, 87.5, 0.624691591833299);
INSERT INTO goods(goods_name,code,base_price, current_price, pop_demand) VALUES ("coffee", 41, 50, 87.5, 51.44670130523545);
INSERT INTO goods(goods_name,code,base_price, current_price, pop_demand) VALUES ("sugar", 42, 30, 42.27107570342155, 35.45529207982958);
INSERT INTO goods(goods_name,code,base_price, current_price, pop_demand) VALUES ("tobacco", 43, 40, 36.15505306140504, 892.5121972033039);
INSERT INTO goods(goods_name,code,base_price, current_price, pop_demand) VALUES ("opium", 44, 50, 50, 0);
INSERT INTO goods(goods_name,code,base_price, current_price, pop_demand) VALUES ("automobiles", 45, 100, 100, 0);
INSERT INTO goods(goods_name,code,base_price, current_price, pop_demand) VALUES ("telephones", 46, 70, 70, 0);
INSERT INTO goods(goods_name,code,base_price, current_price, pop_demand) VALUES ("radios", 47, 80, 80, 0);
INSERT INTO goods(goods_name,code,base_price, current_price, pop_demand) VALUES ("luxury_clothes", 48, 60, 105.0, 119.05154467528402);
INSERT INTO goods(goods_name,code,base_price, current_price, pop_demand) VALUES ("luxury_furniture", 49, 60, 92.6790902169992, 295.27985491773865);
INSERT INTO goods(goods_name,code,base_price, current_price, pop_demand) VALUES ("gold", 50, 100, 25.0, 0);
INSERT INTO goods(goods_name,code,base_price, current_price, pop_demand) VALUES ("fine_art", 51, 200, 334.47236092195175, 0.016551619424030183);
INSERT INTO building(id, name, level) VALUES (16777662, "building_conscription_center", 8);
INSERT INTO building(id, name, level) VALUES (1318, "building_government_administration", 2);
INSERT INTO demand(goods_id, building_id, max_demand, current_input, level) VALUES (14, 1318, 40.0, 2, 3.172932994735218);
INSERT INTO building(id, name, level) VALUES (1319, "building_white_house", 1);
INSERT INTO building(id, name, level) VALUES (1320, "building_capitol_hill", 1);
INSERT INTO building(id, name, level) VALUES (1321, "building_port", 2);
INSERT INTO demand(goods_id, building_id, max_demand, current_input, level) VALUES (18, 1321, 10.0, 2, 5.156237254581072);
INSERT INTO building(id, name, level) VALUES (1322, "building_sugar_plantation", 1);
INSERT INTO supply(goods_id, building_id, max_supply, current_output, level) VALUES (42, 1322, 29.004, 1, 29.004);
INSERT INTO building(id, name, level) VALUES (1323, "building_cotton_plantation", 2);
INSERT INTO supply(goods_id, building_id, max_supply, current_output, level) VALUES (9, 1323, 78.584, 2, 99.01584);
INSERT INTO building(id, name, level) VALUES (1324, "building_government_administration", 10);
INSERT INTO demand(goods_id, building_id, max_demand, current_input, level) VALUES (14, 1324, 199.99999999999997, 10, 15.864664973676089);
INSERT INTO building(id, name, level) VALUES (1325, "building_construction_sector", 2);
INSERT INTO demand(goods_id, building_id, max_demand, current_input, level) VALUES (9, 1325, 39.9996, 2, 150.9306034217963);
INSERT INTO demand(goods_id, building_id, max_demand, current_input, level) VALUES (10, 1325, 79.9992, 2, 19.90149415081066);
INSERT INTO demand(goods_id, building_id, max_demand, current_input, level) VALUES (24, 1325, 99.999, 2, 5.999674427356267);
INSERT INTO demand(goods_id, building_id, max_demand, current_input, level) VALUES (33, 1325, 19.9998, 2, 2.4835774195281988);
INSERT INTO building(id, name, level) VALUES (1326, "building_university", 3);
INSERT INTO demand(goods_id, building_id, max_demand, current_input, level) VALUES (14, 1326, 30.0, 3, 2.3796997460514135);
INSERT INTO building(id, name, level) VALUES (1327, "building_iron_mine", 4);
INSERT INTO demand(goods_id, building_id, max_demand, current_input, level) VALUES (23, 1327, 40.0, 4, 4.243001059945901);
INSERT INTO demand(goods_id, building_id, max_demand, current_input, level) VALUES (33, 1327, 40.0, 4, 4.967204511101508);
INSERT INTO supply(goods_id, building_id, max_supply, current_output, level) VALUES (24, 1327, 160.0, 4, 18.42041114209482);
INSERT INTO building(id, name, level) VALUES (1328, "building_paper_mills", 2);
INSERT INTO demand(goods_id, building_id, max_demand, current_input, level) VALUES (10, 1328, 60.0, 2, 14.926269875806751);
INSERT INTO demand(goods_id, building_id, max_demand, current_input, level) VALUES (22, 1328, 20.0, 2, 3.1428742578946705);
INSERT INTO supply(goods_id, building_id, max_supply, current_output, level) VALUES (14, 1328, 140.0, 2, 28.41404142440589);
INSERT INTO building(id, name, level) VALUES (1329, "building_textile_mills", 5);
INSERT INTO demand(goods_id, building_id, max_demand, current_input, level) VALUES (9, 1329, 164.19, 5, 619.5385897815161);
INSERT INTO demand(goods_id, building_id, max_demand, current_input, level) VALUES (21, 1329, 20.52375, 5, 17.263780714401733);
INSERT INTO supply(goods_id, building_id, max_supply, current_output, level) VALUES (12, 1329, 246.28499999999997, 5, 226.72518428641035);
INSERT INTO building(id, name, level) VALUES (1330, "building_furniture_manufacturies", 2);
INSERT INTO demand(goods_id, building_id, max_demand, current_input, level) VALUES (9, 1330, 20.0, 2, 75.46605637146186);
INSERT INTO demand(goods_id, building_id, max_demand, current_input, level) VALUES (10, 1330, 30.0, 2, 7.463134937903376);
INSERT INTO demand(goods_id, building_id, max_demand, current_input, level) VALUES (26, 1330, 30.0, 2, 1.929878901632959);
INSERT INTO demand(goods_id, building_id, max_demand, current_input, level) VALUES (33, 1330, 10.0, 2, 1.241801127775377);
INSERT INTO supply(goods_id, building_id, max_supply, current_output, level) VALUES (13, 1330, 80.0, 2, 28.745611481908313);
INSERT INTO supply(goods_id, building_id, max_supply, current_output, level) VALUES (49, 1330, 50.0, 2, 17.966007176192694);
INSERT INTO building(id, name, level) VALUES (1331, "building_tooling_workshops", 5);
INSERT INTO demand(goods_id, building_id, max_demand, current_input, level) VALUES (10, 1331, 150.0, 5, 37.31567468951688);
INSERT INTO demand(goods_id, building_id, max_demand, current_input, level) VALUES (30, 1331, 100.0, 5, 7.738187444280501);
INSERT INTO supply(goods_id, building_id, max_supply, current_output, level) VALUES (33, 1331, 400.0, 5, 65.23060780791685);
INSERT INTO building(id, name, level) VALUES (1332, "building_logging_camp", 2);
INSERT INTO demand(goods_id, building_id, max_demand, current_input, level) VALUES (33, 1332, 10.0, 2, 1.241801127775377);
INSERT INTO supply(goods_id, building_id, max_supply, current_output, level) VALUES (10, 1332, 70.0, 2, 8.69260789442764);
INSERT INTO supply(goods_id, building_id, max_supply, current_output, level) VALUES (26, 1332, 25.0, 2, 3.1045028194384425);
INSERT INTO building(id, name, level) VALUES (1333, "building_wheat_farm", 3);
INSERT INTO demand(goods_id, building_id, max_demand, current_input, level) VALUES (32, 1333, 15.0, 3, 1.4861353450901373);
INSERT INTO demand(goods_id, building_id, max_demand, current_input, level) VALUES (33, 1333, 3.0, 3, 0.3725403383326132);
INSERT INTO supply(goods_id, building_id, max_supply, current_output, level) VALUES (7, 1333, 120.0, 3, 13.395348147012813);
INSERT INTO building(id, name, level) VALUES (1334, "building_vineyard_plantation", 3);
INSERT INTO supply(goods_id, building_id, max_supply, current_output, level) VALUES (39, 1334, 60.0, 3, 61.2);
INSERT INTO building(id, name, level) VALUES (1335, "building_fishing_wharf", 2);
INSERT INTO demand(goods_id, building_id, max_demand, current_input, level) VALUES (18, 1335, 10.0, 2, 5.156237254581072);
INSERT INTO supply(goods_id, building_id, max_supply, current_output, level) VALUES (8, 1335, 100.0, 2, 51.56237254581072);
INSERT INTO building(id, name, level) VALUES (1336, "building_port", 3);
INSERT INTO demand(goods_id, building_id, max_demand, current_input, level) VALUES (18, 1336, 15.0, 3, 7.7343558818716085);
INSERT INTO building(id, name, level) VALUES (1337, "building_central_park", 1);
INSERT INTO building(id, name, level) VALUES (1338, "building_government_administration", 2);
INSERT INTO demand(goods_id, building_id, max_demand, current_input, level) VALUES (14, 1338, 40.0, 2, 3.172932994735218);
INSERT INTO building(id, name, level) VALUES (1339, "building_arms_industry", 3);
INSERT INTO demand(goods_id, building_id, max_demand, current_input, level) VALUES (24, 1339, 21.956098039215686, 3, 1.3173075723798182);
INSERT INTO demand(goods_id, building_id, max_demand, current_input, level) VALUES (26, 1339, 21.956098039215686, 3, 1.4124203456022377);
INSERT INTO supply(goods_id, building_id, max_supply, current_output, level) VALUES (1, 1339, 65.86829411764705, 3, 4.094591876973084);
INSERT INTO building(id, name, level) VALUES (1340, "building_iron_mine", 2);
INSERT INTO demand(goods_id, building_id, max_demand, current_input, level) VALUES (23, 1340, 20.0, 2, 2.1215005299729506);
INSERT INTO demand(goods_id, building_id, max_demand, current_input, level) VALUES (33, 1340, 20.0, 2, 2.483602255550754);
INSERT INTO supply(goods_id, building_id, max_supply, current_output, level) VALUES (24, 1340, 80.0, 2, 9.21020557104741);
INSERT INTO building(id, name, level) VALUES (1341, "building_maize_farm", 5);
INSERT INTO demand(goods_id, building_id, max_demand, current_input, level) VALUES (32, 1341, 25.0, 5, 2.4768922418168957);
INSERT INTO demand(goods_id, building_id, max_demand, current_input, level) VALUES (33, 1341, 5.0, 5, 0.6209005638876886);
INSERT INTO supply(goods_id, building_id, max_supply, current_output, level) VALUES (7, 1341, 200.0, 5, 22.325580245021353);
INSERT INTO building(id, name, level) VALUES (1342, "building_livestock_ranch", 2);
INSERT INTO demand(goods_id, building_id, max_demand, current_input, level) VALUES (7, 1342, 20.0, 2, 6.4127131797880255);
INSERT INTO demand(goods_id, building_id, max_demand, current_input, level) VALUES (33, 1342, 20.0, 2, 2.483602255550754);
INSERT INTO supply(goods_id, building_id, max_supply, current_output, level) VALUES (9, 1342, 40.0, 2, 8.89631543533878);
INSERT INTO supply(goods_id, building_id, max_supply, current_output, level) VALUES (32, 1342, 10.0, 2, 2.224078858834695);
INSERT INTO supply(goods_id, building_id, max_supply, current_output, level) VALUES (36, 1342, 50.0, 2, 11.120394294173474);
INSERT INTO building(id, name, level) VALUES (1343, "building_tobacco_plantation", 4);
INSERT INTO supply(goods_id, building_id, max_supply, current_output, level) VALUES (43, 1343, 100.0, 4, 103.0);
INSERT INTO building(id, name, level) VALUES (1344, "building_cotton_plantation", 7);
INSERT INTO supply(goods_id, building_id, max_supply, current_output, level) VALUES (9, 1344, 280.0, 7, 366.8);
INSERT INTO building(id, name, level) VALUES (1345, "building_shipyards", 1);
INSERT INTO demand(goods_id, building_id, max_demand, current_input, level) VALUES (9, 1345, 20.0, 1, 75.46605637146186);
INSERT INTO demand(goods_id, building_id, max_demand, current_input, level) VALUES (10, 1345, 40.0, 1, 9.950846583871169);
INSERT INTO demand(goods_id, building_id, max_demand, current_input, level) VALUES (26, 1345, 20.0, 1, 1.2865859344219728);
INSERT INTO demand(goods_id, building_id, max_demand, current_input, level) VALUES (29, 1345, 5.0, 1, 0.4001992059487183);
INSERT INTO supply(goods_id, building_id, max_supply, current_output, level) VALUES (18, 1345, 70.0, 1, 24.379955293883377);
INSERT INTO building(id, name, level) VALUES (1346, "building_military_shipyards", 1);
INSERT INTO demand(goods_id, building_id, max_demand, current_input, level) VALUES (9, 1346, 7.3804, 1, 27.848484122196854);
INSERT INTO demand(goods_id, building_id, max_demand, current_input, level) VALUES (10, 1346, 14.7608, 1, 3.6720614063801382);
INSERT INTO demand(goods_id, building_id, max_demand, current_input, level) VALUES (24, 1346, 7.3804, 1, 0.4428043994805968);
INSERT INTO demand(goods_id, building_id, max_demand, current_input, level) VALUES (26, 1346, 14.7608, 1, 0.9495518830407926);
INSERT INTO demand(goods_id, building_id, max_demand, current_input, level) VALUES (29, 1346, 3.690195744680851, 1, 0.2953626813633231);
INSERT INTO supply(goods_id, building_id, max_supply, current_output, level) VALUES (5, 1346, 33.21179574468085, 1, 9.65226214258417);
INSERT INTO building(id, name, level) VALUES (1347, "building_port", 3);
INSERT INTO demand(goods_id, building_id, max_demand, current_input, level) VALUES (18, 1347, 15.0, 3, 7.7343558818716085);
INSERT INTO building(id, name, level) VALUES (1351, "building_cotton_plantation", 1);
INSERT INTO supply(goods_id, building_id, max_supply, current_output, level) VALUES (9, 1351, 40.0, 1, 50.0);
INSERT INTO building(id, name, level) VALUES (1352, "building_livestock_ranch", 1);
INSERT INTO demand(goods_id, building_id, max_demand, current_input, level) VALUES (7, 1352, 10.0, 1, 3.2063565898940127);
INSERT INTO demand(goods_id, building_id, max_demand, current_input, level) VALUES (33, 1352, 5.0, 1, 0.6209005638876886);
INSERT INTO supply(goods_id, building_id, max_supply, current_output, level) VALUES (9, 1352, 20.0, 1, 4.44815771766939);
INSERT INTO supply(goods_id, building_id, max_supply, current_output, level) VALUES (32, 1352, 5.0, 1, 1.1120394294173475);
INSERT INTO supply(goods_id, building_id, max_supply, current_output, level) VALUES (36, 1352, 15.0, 1, 3.3361182882520426);
INSERT INTO building(id, name, level) VALUES (1353, "building_government_administration", 1);
INSERT INTO demand(goods_id, building_id, max_demand, current_input, level) VALUES (14, 1353, 20.0, 1, 1.586466497367609);
INSERT INTO building(id, name, level) VALUES (1354, "building_lead_mine", 1);
INSERT INTO demand(goods_id, building_id, max_demand, current_input, level) VALUES (23, 1354, 5.5304, 1, 0.5866373265481203);
INSERT INTO demand(goods_id, building_id, max_demand, current_input, level) VALUES (33, 1354, 5.5304, 1, 0.6867656957048947);
INSERT INTO supply(goods_id, building_id, max_supply, current_output, level) VALUES (25, 1354, 22.1216, 1, 2.5468060445060297);
INSERT INTO building(id, name, level) VALUES (1355, "building_maize_farm", 2);
INSERT INTO demand(goods_id, building_id, max_demand, current_input, level) VALUES (32, 1355, 10.0, 2, 0.9907568967267583);
INSERT INTO demand(goods_id, building_id, max_demand, current_input, level) VALUES (33, 1355, 2.0, 2, 0.24836022555507545);
INSERT INTO supply(goods_id, building_id, max_supply, current_output, level) VALUES (7, 1355, 50.0, 2, 5.581395061255338);
INSERT INTO supply(goods_id, building_id, max_supply, current_output, level) VALUES (37, 1355, 14.0, 2, 1.5627906171514947);
INSERT INTO supply(goods_id, building_id, max_supply, current_output, level) VALUES (42, 1355, 10.0, 2, 1.1162790122510677);
INSERT INTO building(id, name, level) VALUES (1356, "building_livestock_ranch", 1);
INSERT INTO demand(goods_id, building_id, max_demand, current_input, level) VALUES (7, 1356, 9.4098, 1, 3.017117423958468);
INSERT INTO demand(goods_id, building_id, max_demand, current_input, level) VALUES (33, 1356, 4.7049, 1, 0.5842550126070373);
INSERT INTO supply(goods_id, building_id, max_supply, current_output, level) VALUES (9, 1356, 18.8196, 1, 4.185627449172543);
INSERT INTO supply(goods_id, building_id, max_supply, current_output, level) VALUES (32, 1356, 4.7049, 1, 1.0464068622931357);
INSERT INTO supply(goods_id, building_id, max_supply, current_output, level) VALUES (36, 1356, 14.1147, 1, 3.1392205868794067);
INSERT INTO building(id, name, level) VALUES (1357, "building_government_administration", 2);
INSERT INTO demand(goods_id, building_id, max_demand, current_input, level) VALUES (14, 1357, 40.0, 2, 3.172932994735218);
INSERT INTO building(id, name, level) VALUES (1358, "building_chemical_plants", 1);
INSERT INTO demand(goods_id, building_id, max_demand, current_input, level) VALUES (22, 1358, 30.0, 1, 4.714311386842005);
INSERT INTO demand(goods_id, building_id, max_demand, current_input, level) VALUES (24, 1358, 10.0, 1, 0.5999734424700515);
INSERT INTO supply(goods_id, building_id, max_supply, current_output, level) VALUES (32, 1358, 90.0, 1, 9.77134757137824);
INSERT INTO building(id, name, level) VALUES (1359, "building_logging_camp", 2);
INSERT INTO demand(goods_id, building_id, max_demand, current_input, level) VALUES (33, 1359, 10.0, 2, 1.241801127775377);
INSERT INTO supply(goods_id, building_id, max_supply, current_output, level) VALUES (10, 1359, 120.0, 2, 14.901613533304525);
INSERT INTO building(id, name, level) VALUES (1360, "building_maize_farm", 8);
INSERT INTO demand(goods_id, building_id, max_demand, current_input, level) VALUES (32, 1360, 39.99999999999999, 8, 3.9630275869070317);
INSERT INTO demand(goods_id, building_id, max_demand, current_input, level) VALUES (33, 1360, 8.0, 8, 0.9934409022203018);
INSERT INTO supply(goods_id, building_id, max_supply, current_output, level) VALUES (7, 1360, 319.99999999999994, 8, 35.72092839203416);
INSERT INTO building(id, name, level) VALUES (1361, "building_logging_camp", 1);
INSERT INTO demand(goods_id, building_id, max_demand, current_input, level) VALUES (33, 1361, 5.0, 1, 0.6209005638876886);
INSERT INTO supply(goods_id, building_id, max_supply, current_output, level) VALUES (10, 1361, 60.0, 1, 7.450806766652263);
INSERT INTO building(id, name, level) VALUES (1362, "building_sulfur_mine", 4);
INSERT INTO demand(goods_id, building_id, max_demand, current_input, level) VALUES (23, 1362, 39.94759223300971, 4, 4.237441904673671);
INSERT INTO demand(goods_id, building_id, max_demand, current_input, level) VALUES (33, 1362, 39.94759223300971, 4, 4.960696508686236);
INSERT INTO supply(goods_id, building_id, max_supply, current_output, level) VALUES (22, 1362, 159.79039805825244, 4, 18.396280179949997);
INSERT INTO building(id, name, level) VALUES (1363, "building_livestock_ranch", 1);
INSERT INTO demand(goods_id, building_id, max_demand, current_input, level) VALUES (7, 1363, 10.0, 1, 3.2063565898940127);
INSERT INTO supply(goods_id, building_id, max_supply, current_output, level) VALUES (9, 1363, 20.0, 1, 6.4127131797880255);
INSERT INTO supply(goods_id, building_id, max_supply, current_output, level) VALUES (32, 1363, 5.0, 1, 1.6031782949470064);
INSERT INTO supply(goods_id, building_id, max_supply, current_output, level) VALUES (36, 1363, 5.0, 1, 1.6031782949470064);
INSERT INTO building(id, name, level) VALUES (1364, "building_government_administration", 1);
INSERT INTO demand(goods_id, building_id, max_demand, current_input, level) VALUES (14, 1364, 20.0, 1, 1.586466497367609);
INSERT INTO building(id, name, level) VALUES (1365, "building_construction_sector", 1);
INSERT INTO demand(goods_id, building_id, max_demand, current_input, level) VALUES (9, 1365, 19.9998, 1, 75.46530171089815);
INSERT INTO demand(goods_id, building_id, max_demand, current_input, level) VALUES (10, 1365, 39.9996, 1, 9.95074707540533);
INSERT INTO demand(goods_id, building_id, max_demand, current_input, level) VALUES (24, 1365, 49.9995, 1, 2.9998372136781337);
INSERT INTO demand(goods_id, building_id, max_demand, current_input, level) VALUES (33, 1365, 9.9999, 1, 1.2417887097640994);
INSERT INTO building(id, name, level) VALUES (1366, "building_glassworks", 1);
INSERT INTO demand(goods_id, building_id, max_demand, current_input, level) VALUES (10, 1366, 20.0, 1, 4.975423291935584);
INSERT INTO demand(goods_id, building_id, max_demand, current_input, level) VALUES (21, 1366, 5.0, 1, 4.205805643316093);
INSERT INTO demand(goods_id, building_id, max_demand, current_input, level) VALUES (25, 1366, 10.0, 1, 1.6212637257139566);
INSERT INTO supply(goods_id, building_id, max_supply, current_output, level) VALUES (31, 1366, 20.0, 1, 8.34705777220929);
INSERT INTO supply(goods_id, building_id, max_supply, current_output, level) VALUES (35, 1366, 20.0, 1, 8.34705777220929);
INSERT INTO building(id, name, level) VALUES (1367, "building_furniture_manufacturies", 2);
INSERT INTO demand(goods_id, building_id, max_demand, current_input, level) VALUES (9, 1367, 20.0, 2, 75.46605637146186);
INSERT INTO demand(goods_id, building_id, max_demand, current_input, level) VALUES (10, 1367, 30.0, 2, 7.463134937903376);
INSERT INTO demand(goods_id, building_id, max_demand, current_input, level) VALUES (26, 1367, 30.0, 2, 1.929878901632959);
INSERT INTO demand(goods_id, building_id, max_demand, current_input, level) VALUES (33, 1367, 10.0, 2, 1.241801127775377);
INSERT INTO supply(goods_id, building_id, max_supply, current_output, level) VALUES (13, 1367, 80.0, 2, 28.745611481908313);
INSERT INTO supply(goods_id, building_id, max_supply, current_output, level) VALUES (49, 1367, 50.0, 2, 17.966007176192694);
INSERT INTO building(id, name, level) VALUES (1368, "building_chemical_plants", 1);
INSERT INTO demand(goods_id, building_id, max_demand, current_input, level) VALUES (22, 1368, 30.0, 1, 4.714311386842005);
INSERT INTO demand(goods_id, building_id, max_demand, current_input, level) VALUES (24, 1368, 10.0, 1, 0.5999734424700515);
INSERT INTO supply(goods_id, building_id, max_supply, current_output, level) VALUES (32, 1368, 90.0, 1, 9.77134757137824);
INSERT INTO building(id, name, level) VALUES (1369, "building_coal_mine", 3);
INSERT INTO demand(goods_id, building_id, max_demand, current_input, level) VALUES (33, 1369, 30.0, 3, 3.7254033833261317);
INSERT INTO supply(goods_id, building_id, max_supply, current_output, level) VALUES (23, 1369, 120.0, 3, 14.901613533304527);
INSERT INTO building(id, name, level) VALUES (1370, "building_maize_farm", 4);
INSERT INTO demand(goods_id, building_id, max_demand, current_input, level) VALUES (32, 1370, 20.0, 4, 1.9815137934535165);
INSERT INTO demand(goods_id, building_id, max_demand, current_input, level) VALUES (33, 1370, 4.0, 4, 0.4967204511101509);
INSERT INTO supply(goods_id, building_id, max_supply, current_output, level) VALUES (7, 1370, 100.0, 4, 11.162790122510676);
INSERT INTO supply(goods_id, building_id, max_supply, current_output, level) VALUES (37, 1370, 28.0, 4, 3.1255812343029894);
INSERT INTO supply(goods_id, building_id, max_supply, current_output, level) VALUES (42, 1370, 20.0, 4, 2.2325580245021355);
INSERT INTO building(id, name, level) VALUES (1371, "building_vineyard_plantation", 3);
INSERT INTO supply(goods_id, building_id, max_supply, current_output, level) VALUES (39, 1371, 60.0, 3, 61.2);
INSERT INTO building(id, name, level) VALUES (1372, "building_livestock_ranch", 2);
INSERT INTO demand(goods_id, building_id, max_demand, current_input, level) VALUES (7, 1372, 14.898, 2, 4.7768300476241);
INSERT INTO demand(goods_id, building_id, max_demand, current_input, level) VALUES (33, 1372, 7.449, 2, 0.9250176600798784);
INSERT INTO supply(goods_id, building_id, max_supply, current_output, level) VALUES (9, 1372, 29.796, 2, 6.626865367783857);
INSERT INTO supply(goods_id, building_id, max_supply, current_output, level) VALUES (32, 1372, 7.449, 2, 1.6567163419459643);
INSERT INTO supply(goods_id, building_id, max_supply, current_output, level) VALUES (36, 1372, 22.347, 2, 4.970149025837893);
INSERT INTO building(id, name, level) VALUES (1373, "building_government_administration", 1);
INSERT INTO demand(goods_id, building_id, max_demand, current_input, level) VALUES (14, 1373, 20.0, 1, 1.586466497367609);
INSERT INTO building(id, name, level) VALUES (1374, "building_university", 1);
INSERT INTO demand(goods_id, building_id, max_demand, current_input, level) VALUES (14, 1374, 10.0, 1, 0.7932332486838045);
INSERT INTO building(id, name, level) VALUES (1375, "building_food_industry", 2);
INSERT INTO demand(goods_id, building_id, max_demand, current_input, level) VALUES (7, 1375, 80.0, 2, 25.650852719152102);
INSERT INTO demand(goods_id, building_id, max_demand, current_input, level) VALUES (42, 1375, 30.0, 2, 13.638565728773028);
INSERT INTO supply(goods_id, building_id, max_supply, current_output, level) VALUES (11, 1375, 130.0, 2, 50.39154357998598);
INSERT INTO building(id, name, level) VALUES (1376, "building_coal_mine", 2);
INSERT INTO demand(goods_id, building_id, max_demand, current_input, level) VALUES (33, 1376, 19.999999999999996, 2, 2.4836022555507538);
INSERT INTO supply(goods_id, building_id, max_supply, current_output, level) VALUES (23, 1376, 79.99999999999999, 2, 9.934409022203015);
INSERT INTO building(id, name, level) VALUES (1377, "building_tobacco_plantation", 8);
INSERT INTO supply(goods_id, building_id, max_supply, current_output, level) VALUES (43, 1377, 193.17, 8, 206.6919);
INSERT INTO building(id, name, level) VALUES (1378, "building_maize_farm", 4);
INSERT INTO demand(goods_id, building_id, max_demand, current_input, level) VALUES (32, 1378, 19.987592233009707, 4, 1.980284485381655);
INSERT INTO demand(goods_id, building_id, max_demand, current_input, level) VALUES (33, 1378, 3.997514563106796, 4, 0.49641180927645134);
INSERT INTO supply(goods_id, building_id, max_supply, current_output, level) VALUES (7, 1378, 99.93799999999999, 4, 11.155869192634718);
INSERT INTO supply(goods_id, building_id, max_supply, current_output, level) VALUES (37, 1378, 27.98263106796116, 4, 3.1236423768729726);
INSERT INTO supply(goods_id, building_id, max_supply, current_output, level) VALUES (42, 1378, 19.987592233009707, 4, 2.231172971514119);
INSERT INTO building(id, name, level) VALUES (1379, "building_vineyard_plantation", 2);
INSERT INTO supply(goods_id, building_id, max_supply, current_output, level) VALUES (39, 1379, 40.0, 2, 40.4);
INSERT INTO building(id, name, level) VALUES (1380, "building_livestock_ranch", 1);
INSERT INTO demand(goods_id, building_id, max_demand, current_input, level) VALUES (7, 1380, 9.9352, 1, 3.1855793991914996);
INSERT INTO demand(goods_id, building_id, max_demand, current_input, level) VALUES (33, 1380, 4.9676, 1, 0.6168771282336963);
INSERT INTO supply(goods_id, building_id, max_supply, current_output, level) VALUES (9, 1380, 19.8704, 1, 4.4193336556588925);
INSERT INTO supply(goods_id, building_id, max_supply, current_output, level) VALUES (32, 1380, 4.9676, 1, 1.1048334139147231);
INSERT INTO supply(goods_id, building_id, max_supply, current_output, level) VALUES (36, 1380, 14.9028, 1, 3.314500241744169);
INSERT INTO building(id, name, level) VALUES (1381, "building_government_administration", 1);
INSERT INTO demand(goods_id, building_id, max_demand, current_input, level) VALUES (14, 1381, 20.0, 1, 1.586466497367609);
INSERT INTO building(id, name, level) VALUES (1382, "building_food_industry", 2);
INSERT INTO demand(goods_id, building_id, max_demand, current_input, level) VALUES (7, 1382, 79.96719801980198, 2, 25.640335234615154);
INSERT INTO demand(goods_id, building_id, max_demand, current_input, level) VALUES (42, 1382, 79.96719801980198, 2, 36.35459621129592);
INSERT INTO supply(goods_id, building_id, max_supply, current_output, level) VALUES (11, 1382, 69.97129702970297, 2, 27.122782027849386);
INSERT INTO supply(goods_id, building_id, max_supply, current_output, level) VALUES (38, 1382, 119.95079207920791, 2, 46.49619666548648);
INSERT INTO building(id, name, level) VALUES (1383, "building_maize_farm", 10);
INSERT INTO demand(goods_id, building_id, max_demand, current_input, level) VALUES (32, 1383, 49.895495412844035, 10, 4.943430619587356);
INSERT INTO demand(goods_id, building_id, max_demand, current_input, level) VALUES (33, 1383, 9.979091743119264, 10, 1.2392047380779458);
INSERT INTO supply(goods_id, building_id, max_supply, current_output, level) VALUES (7, 1383, 249.47749541284404, 10, 27.848649215831983);
INSERT INTO supply(goods_id, building_id, max_supply, current_output, level) VALUES (37, 1383, 69.85369724770642, 10, 7.797621616575486);
INSERT INTO supply(goods_id, building_id, max_supply, current_output, level) VALUES (42, 1383, 49.895495412844035, 10, 5.569729433522722);
INSERT INTO building(id, name, level) VALUES (1384, "building_livestock_ranch", 1);
INSERT INTO demand(goods_id, building_id, max_demand, current_input, level) VALUES (7, 1384, 9.4764, 1, 3.038471758847162);
INSERT INTO demand(goods_id, building_id, max_demand, current_input, level) VALUES (33, 1384, 4.7382, 1, 0.5883902103625293);
INSERT INTO supply(goods_id, building_id, max_supply, current_output, level) VALUES (9, 1384, 18.9528, 1, 4.21525217957222);
INSERT INTO supply(goods_id, building_id, max_supply, current_output, level) VALUES (32, 1384, 4.7382, 1, 1.053813044893055);
INSERT INTO supply(goods_id, building_id, max_supply, current_output, level) VALUES (36, 1384, 14.2146, 1, 3.1614391346791653);
INSERT INTO building(id, name, level) VALUES (1385, "building_tobacco_plantation", 10);
INSERT INTO supply(goods_id, building_id, max_supply, current_output, level) VALUES (43, 1385, 249.905, 10, 272.39645);
INSERT INTO building(id, name, level) VALUES (1386, "building_cotton_plantation", 3);
INSERT INTO supply(goods_id, building_id, max_supply, current_output, level) VALUES (9, 1386, 119.53559842519685, 3, 151.81021);
INSERT INTO building(id, name, level) VALUES (1387, "building_government_administration", 1);
INSERT INTO demand(goods_id, building_id, max_demand, current_input, level) VALUES (14, 1387, 20.0, 1, 1.586466497367609);
INSERT INTO building(id, name, level) VALUES (1388, "building_cotton_plantation", 4);
INSERT INTO supply(goods_id, building_id, max_supply, current_output, level) VALUES (9, 1388, 157.968, 4, 202.19904);
INSERT INTO building(id, name, level) VALUES (1389, "building_maize_farm", 4);
INSERT INTO demand(goods_id, building_id, max_demand, current_input, level) VALUES (32, 1389, 20.0, 4, 1.9815137934535165);
INSERT INTO demand(goods_id, building_id, max_demand, current_input, level) VALUES (33, 1389, 4.0, 4, 0.4967204511101509);
INSERT INTO supply(goods_id, building_id, max_supply, current_output, level) VALUES (7, 1389, 160.0, 4, 17.860464196017084);
INSERT INTO building(id, name, level) VALUES (1390, "building_tobacco_plantation", 2);
INSERT INTO supply(goods_id, building_id, max_supply, current_output, level) VALUES (43, 1390, 50.0, 2, 50.5);
INSERT INTO building(id, name, level) VALUES (1391, "building_government_administration", 1);
INSERT INTO demand(goods_id, building_id, max_demand, current_input, level) VALUES (14, 1391, 20.0, 1, 1.586466497367609);
INSERT INTO building(id, name, level) VALUES (1392, "building_maize_farm", 6);
INSERT INTO demand(goods_id, building_id, max_demand, current_input, level) VALUES (32, 1392, 28.89869523809524, 6, 2.8631581613547588);
INSERT INTO demand(goods_id, building_id, max_demand, current_input, level) VALUES (33, 1392, 5.779733333333333, 6, 0.7177279371574273);
INSERT INTO supply(goods_id, building_id, max_supply, current_output, level) VALUES (7, 1392, 144.49349523809522, 6, 16.129505614108528);
INSERT INTO supply(goods_id, building_id, max_supply, current_output, level) VALUES (37, 1392, 40.458171428571426, 6, 4.516260763977008);
INSERT INTO supply(goods_id, building_id, max_supply, current_output, level) VALUES (42, 1392, 28.89869523809524, 6, 3.2259006975725586);
INSERT INTO building(id, name, level) VALUES (1393, "building_sugar_plantation", 1);
INSERT INTO supply(goods_id, building_id, max_supply, current_output, level) VALUES (42, 1393, 29.172, 1, 29.172);
INSERT INTO building(id, name, level) VALUES (1394, "building_cotton_plantation", 10);
INSERT INTO supply(goods_id, building_id, max_supply, current_output, level) VALUES (9, 1394, 400.0, 10, 536.0);
INSERT INTO building(id, name, level) VALUES (1395, "building_tobacco_plantation", 3);
INSERT INTO supply(goods_id, building_id, max_supply, current_output, level) VALUES (43, 1395, 75.0, 3, 76.5);
INSERT INTO building(id, name, level) VALUES (1396, "building_port", 1);
INSERT INTO demand(goods_id, building_id, max_demand, current_input, level) VALUES (18, 1396, 5.0, 1, 2.578118627290536);
INSERT INTO building(id, name, level) VALUES (1397, "building_government_administration", 2);
INSERT INTO demand(goods_id, building_id, max_demand, current_input, level) VALUES (14, 1397, 40.0, 2, 3.172932994735218);
INSERT INTO building(id, name, level) VALUES (1398, "building_maize_farm", 5);
INSERT INTO demand(goods_id, building_id, max_demand, current_input, level) VALUES (32, 1398, 23.700999999999997, 5, 2.3481929209320893);
INSERT INTO demand(goods_id, building_id, max_demand, current_input, level) VALUES (33, 1398, 4.740192307692308, 5, 0.5886376153564475);
INSERT INTO supply(goods_id, building_id, max_supply, current_output, level) VALUES (7, 1398, 189.60799999999998, 5, 21.16554309549004);
INSERT INTO building(id, name, level) VALUES (1399, "building_livestock_ranch", 1);
INSERT INTO demand(goods_id, building_id, max_demand, current_input, level) VALUES (7, 1399, 9.3019, 1, 2.982520836353512);
INSERT INTO demand(goods_id, building_id, max_demand, current_input, level) VALUES (33, 1399, 4.65095, 1, 0.577555495522689);
INSERT INTO supply(goods_id, building_id, max_supply, current_output, level) VALUES (9, 1399, 18.6038, 1, 4.13763182739889);
INSERT INTO supply(goods_id, building_id, max_supply, current_output, level) VALUES (32, 1399, 4.65095, 1, 1.0344079568497224);
INSERT INTO supply(goods_id, building_id, max_supply, current_output, level) VALUES (36, 1399, 13.95285, 1, 3.1032238705491673);
INSERT INTO building(id, name, level) VALUES (1400, "building_sugar_plantation", 1);
INSERT INTO supply(goods_id, building_id, max_supply, current_output, level) VALUES (42, 1400, 29.538, 1, 29.538);
INSERT INTO building(id, name, level) VALUES (1401, "building_cotton_plantation", 8);
INSERT INTO supply(goods_id, building_id, max_supply, current_output, level) VALUES (9, 1401, 319.62239393939393, 8, 421.90156);
INSERT INTO building(id, name, level) VALUES (1402, "building_tobacco_plantation", 3);
INSERT INTO supply(goods_id, building_id, max_supply, current_output, level) VALUES (43, 1402, 75.0, 3, 76.5);
INSERT INTO building(id, name, level) VALUES (1403, "building_port", 1);
INSERT INTO demand(goods_id, building_id, max_demand, current_input, level) VALUES (18, 1403, 5.0, 1, 2.578118627290536);
INSERT INTO building(id, name, level) VALUES (1404, "building_coal_mine", 3);
INSERT INTO demand(goods_id, building_id, max_demand, current_input, level) VALUES (33, 1404, 30.0, 3, 3.7254033833261317);
INSERT INTO supply(goods_id, building_id, max_supply, current_output, level) VALUES (23, 1404, 120.0, 3, 14.901613533304527);
INSERT INTO building(id, name, level) VALUES (1405, "building_logging_camp", 1);
INSERT INTO demand(goods_id, building_id, max_demand, current_input, level) VALUES (33, 1405, 4.9891, 1, 0.6195470006584134);
INSERT INTO supply(goods_id, building_id, max_supply, current_output, level) VALUES (10, 1405, 34.9237, 1, 4.3368290046088935);
INSERT INTO supply(goods_id, building_id, max_supply, current_output, level) VALUES (26, 1405, 12.47275, 1, 1.5488675016460336);
INSERT INTO building(id, name, level) VALUES (1406, "building_government_administration", 1);
INSERT INTO demand(goods_id, building_id, max_demand, current_input, level) VALUES (14, 1406, 20.0, 1, 1.586466497367609);
INSERT INTO building(id, name, level) VALUES (1407, "building_glassworks", 1);
INSERT INTO demand(goods_id, building_id, max_demand, current_input, level) VALUES (10, 1407, 20.0, 1, 4.975423291935584);
INSERT INTO demand(goods_id, building_id, max_demand, current_input, level) VALUES (21, 1407, 5.0, 1, 4.205805643316093);
INSERT INTO demand(goods_id, building_id, max_demand, current_input, level) VALUES (25, 1407, 10.0, 1, 1.6212637257139566);
INSERT INTO supply(goods_id, building_id, max_supply, current_output, level) VALUES (31, 1407, 20.0, 1, 8.34705777220929);
INSERT INTO supply(goods_id, building_id, max_supply, current_output, level) VALUES (35, 1407, 20.0, 1, 8.34705777220929);
INSERT INTO building(id, name, level) VALUES (1408, "building_fishing_wharf", 3);
INSERT INTO demand(goods_id, building_id, max_demand, current_input, level) VALUES (18, 1408, 15.0, 3, 7.7343558818716085);
INSERT INTO supply(goods_id, building_id, max_supply, current_output, level) VALUES (8, 1408, 150.0, 3, 77.34355881871608);
INSERT INTO building(id, name, level) VALUES (1409, "building_tobacco_plantation", 4);
INSERT INTO supply(goods_id, building_id, max_supply, current_output, level) VALUES (43, 1409, 100.0, 4, 103.0);
INSERT INTO building(id, name, level) VALUES (1410, "building_port", 2);
INSERT INTO demand(goods_id, building_id, max_demand, current_input, level) VALUES (18, 1410, 10.0, 2, 5.156237254581072);
INSERT INTO building(id, name, level) VALUES (1412, "building_fishing_wharf", 1);
INSERT INTO demand(goods_id, building_id, max_demand, current_input, level) VALUES (18, 1412, 5.0, 1, 2.578118627290536);
INSERT INTO supply(goods_id, building_id, max_supply, current_output, level) VALUES (8, 1412, 50.0, 1, 25.78118627290536);
INSERT INTO building(id, name, level) VALUES (1413, "building_livestock_ranch", 1);
INSERT INTO demand(goods_id, building_id, max_demand, current_input, level) VALUES (7, 1413, 9.9941, 1, 3.204464839505975);
INSERT INTO demand(goods_id, building_id, max_demand, current_input, level) VALUES (33, 1413, 9.9941, 1, 1.2410684651099897);
INSERT INTO supply(goods_id, building_id, max_supply, current_output, level) VALUES (9, 1413, 19.9882, 1, 4.445533304615965);
INSERT INTO supply(goods_id, building_id, max_supply, current_output, level) VALUES (32, 1413, 4.99705, 1, 1.1113833261539912);
INSERT INTO supply(goods_id, building_id, max_supply, current_output, level) VALUES (36, 1413, 24.98525, 1, 5.5569166307699565);
INSERT INTO building(id, name, level) VALUES (1414, "building_government_administration", 3);
INSERT INTO demand(goods_id, building_id, max_demand, current_input, level) VALUES (14, 1414, 60.0, 3, 4.759399492102827);
INSERT INTO building(id, name, level) VALUES (1415, "building_steel_mills", 2);
INSERT INTO demand(goods_id, building_id, max_demand, current_input, level) VALUES (23, 1415, 50.1, 2, 5.314358827582241);
INSERT INTO demand(goods_id, building_id, max_demand, current_input, level) VALUES (24, 1415, 66.8, 2, 4.007822595699944);
INSERT INTO supply(goods_id, building_id, max_supply, current_output, level) VALUES (30, 1415, 108.55, 2, 9.013577922220298);
INSERT INTO building(id, name, level) VALUES (1416, "building_construction_sector", 2);
INSERT INTO demand(goods_id, building_id, max_demand, current_input, level) VALUES (9, 1416, 39.9996, 2, 150.9306034217963);
INSERT INTO demand(goods_id, building_id, max_demand, current_input, level) VALUES (10, 1416, 79.9992, 2, 19.90149415081066);
INSERT INTO demand(goods_id, building_id, max_demand, current_input, level) VALUES (24, 1416, 99.999, 2, 5.999674427356267);
INSERT INTO demand(goods_id, building_id, max_demand, current_input, level) VALUES (33, 1416, 19.9998, 2, 2.4835774195281988);
INSERT INTO building(id, name, level) VALUES (1417, "building_textile_mills", 2);
INSERT INTO demand(goods_id, building_id, max_demand, current_input, level) VALUES (9, 1417, 80.0, 2, 301.86422548584744);
INSERT INTO demand(goods_id, building_id, max_demand, current_input, level) VALUES (21, 1417, 10.0, 2, 8.411611286632185);
INSERT INTO supply(goods_id, building_id, max_supply, current_output, level) VALUES (12, 1417, 120.0, 2, 110.46966771979311);
INSERT INTO building(id, name, level) VALUES (1418, "building_furniture_manufacturies", 4);
INSERT INTO demand(goods_id, building_id, max_demand, current_input, level) VALUES (9, 1418, 40.0, 4, 150.93211274292372);
INSERT INTO demand(goods_id, building_id, max_demand, current_input, level) VALUES (10, 1418, 59.99999999999999, 4, 14.92626987580675);
INSERT INTO demand(goods_id, building_id, max_demand, current_input, level) VALUES (26, 1418, 59.99999999999999, 4, 3.8597578032659174);
INSERT INTO demand(goods_id, building_id, max_demand, current_input, level) VALUES (33, 1418, 20.0, 4, 2.483602255550754);
INSERT INTO supply(goods_id, building_id, max_supply, current_output, level) VALUES (13, 1418, 160.0, 4, 57.491222963816625);
INSERT INTO supply(goods_id, building_id, max_supply, current_output, level) VALUES (49, 1418, 100.0, 4, 35.93201435238539);
INSERT INTO building(id, name, level) VALUES (1419, "building_munition_plants", 1);
INSERT INTO demand(goods_id, building_id, max_demand, current_input, level) VALUES (25, 1419, 13.3606, 1, 2.166105613377389);
INSERT INTO demand(goods_id, building_id, max_demand, current_input, level) VALUES (34, 1419, 13.3606, 1, 2.007030635162942);
INSERT INTO supply(goods_id, building_id, max_supply, current_output, level) VALUES (0, 1419, 33.4015, 1, 5.216420310675414);
INSERT INTO building(id, name, level) VALUES (1420, "building_glassworks", 1);
INSERT INTO demand(goods_id, building_id, max_demand, current_input, level) VALUES (10, 1420, 20.0, 1, 4.975423291935584);
INSERT INTO demand(goods_id, building_id, max_demand, current_input, level) VALUES (21, 1420, 5.0, 1, 4.205805643316093);
INSERT INTO demand(goods_id, building_id, max_demand, current_input, level) VALUES (25, 1420, 10.0, 1, 1.6212637257139566);
INSERT INTO supply(goods_id, building_id, max_supply, current_output, level) VALUES (31, 1420, 20.0, 1, 8.34705777220929);
INSERT INTO supply(goods_id, building_id, max_supply, current_output, level) VALUES (35, 1420, 20.0, 1, 8.34705777220929);
INSERT INTO building(id, name, level) VALUES (1421, "building_coal_mine", 4);
INSERT INTO demand(goods_id, building_id, max_demand, current_input, level) VALUES (33, 1421, 40.00000000000001, 4, 4.96720451110151);
INSERT INTO supply(goods_id, building_id, max_supply, current_output, level) VALUES (23, 1421, 160.00000000000003, 4, 19.86881804440604);
INSERT INTO building(id, name, level) VALUES (1422, "building_maize_farm", 3);
INSERT INTO demand(goods_id, building_id, max_demand, current_input, level) VALUES (32, 1422, 15.0, 3, 1.4861353450901373);
INSERT INTO demand(goods_id, building_id, max_demand, current_input, level) VALUES (33, 1422, 3.0, 3, 0.3725403383326132);
INSERT INTO supply(goods_id, building_id, max_supply, current_output, level) VALUES (7, 1422, 120.0, 3, 13.395348147012813);
INSERT INTO building(id, name, level) VALUES (1423, "building_tooling_workshops", 2);
INSERT INTO demand(goods_id, building_id, max_demand, current_input, level) VALUES (10, 1423, 60.0, 2, 14.926269875806751);
INSERT INTO demand(goods_id, building_id, max_demand, current_input, level) VALUES (30, 1423, 40.0, 2, 3.0952749777122004);
INSERT INTO supply(goods_id, building_id, max_supply, current_output, level) VALUES (33, 1423, 160.0, 2, 26.092243123166735);
INSERT INTO building(id, name, level) VALUES (1424, "building_iron_mine", 2);
INSERT INTO demand(goods_id, building_id, max_demand, current_input, level) VALUES (23, 1424, 20.0, 2, 2.1215005299729506);
INSERT INTO demand(goods_id, building_id, max_demand, current_input, level) VALUES (33, 1424, 20.0, 2, 2.483602255550754);
INSERT INTO supply(goods_id, building_id, max_supply, current_output, level) VALUES (24, 1424, 80.0, 2, 9.21020557104741);
INSERT INTO building(id, name, level) VALUES (1425, "building_vineyard_plantation", 2);
INSERT INTO supply(goods_id, building_id, max_supply, current_output, level) VALUES (39, 1425, 40.0, 2, 40.4);
INSERT INTO building(id, name, level) VALUES (1426, "building_livestock_ranch", 3);
INSERT INTO demand(goods_id, building_id, max_demand, current_input, level) VALUES (7, 1426, 30.0, 3, 9.619069769682039);
INSERT INTO demand(goods_id, building_id, max_demand, current_input, level) VALUES (33, 1426, 15.0, 3, 1.8627016916630659);
INSERT INTO supply(goods_id, building_id, max_supply, current_output, level) VALUES (9, 1426, 60.0, 3, 13.34447315300817);
INSERT INTO supply(goods_id, building_id, max_supply, current_output, level) VALUES (32, 1426, 15.0, 3, 3.3361182882520426);
INSERT INTO supply(goods_id, building_id, max_supply, current_output, level) VALUES (36, 1426, 45.0, 3, 10.008354864756127);
INSERT INTO building(id, name, level) VALUES (1427, "building_logging_camp", 5);
INSERT INTO demand(goods_id, building_id, max_demand, current_input, level) VALUES (33, 1427, 25.0, 5, 3.104502819438443);
INSERT INTO supply(goods_id, building_id, max_supply, current_output, level) VALUES (10, 1427, 175.0, 5, 21.731519736069103);
INSERT INTO supply(goods_id, building_id, max_supply, current_output, level) VALUES (26, 1427, 62.5, 5, 7.761257048596108);
INSERT INTO building(id, name, level) VALUES (1428, "building_explosives_factory", 1);
INSERT INTO demand(goods_id, building_id, max_demand, current_input, level) VALUES (22, 1428, 6.2666, 1, 0.9847567912261371);
INSERT INTO demand(goods_id, building_id, max_demand, current_input, level) VALUES (32, 1428, 6.2666, 1, 0.6208677169027903);
INSERT INTO supply(goods_id, building_id, max_supply, current_output, level) VALUES (34, 1428, 15.6665, 1, 2.007030635161159);
INSERT INTO building(id, name, level) VALUES (1429, "building_paper_mills", 3);
INSERT INTO demand(goods_id, building_id, max_demand, current_input, level) VALUES (10, 1429, 90.0, 3, 22.38940481371013);
INSERT INTO demand(goods_id, building_id, max_demand, current_input, level) VALUES (22, 1429, 30.0, 3, 4.714311386842005);
INSERT INTO supply(goods_id, building_id, max_supply, current_output, level) VALUES (14, 1429, 209.99999999999997, 3, 42.62106213660883);
INSERT INTO building(id, name, level) VALUES (1430, "building_government_administration", 1);
INSERT INTO demand(goods_id, building_id, max_demand, current_input, level) VALUES (14, 1430, 20.0, 1, 1.586466497367609);
INSERT INTO building(id, name, level) VALUES (1431, "building_fishing_wharf", 1);
INSERT INTO demand(goods_id, building_id, max_demand, current_input, level) VALUES (18, 1431, 3.5239, 1, 1.8170064461418238);
INSERT INTO supply(goods_id, building_id, max_supply, current_output, level) VALUES (8, 1431, 35.239, 1, 18.17006446141824);
INSERT INTO building(id, name, level) VALUES (1432, "building_maize_farm", 1);
INSERT INTO demand(goods_id, building_id, max_demand, current_input, level) VALUES (32, 1432, 4.0344, 1, 0.3997109624154433);
INSERT INTO demand(goods_id, building_id, max_demand, current_input, level) VALUES (33, 1432, 0.80688, 1, 0.10019844939793965);
INSERT INTO supply(goods_id, building_id, max_supply, current_output, level) VALUES (7, 1432, 20.172, 1, 2.2517580235128536);
INSERT INTO supply(goods_id, building_id, max_supply, current_output, level) VALUES (37, 1432, 5.64816, 1, 0.630492246583599);
INSERT INTO supply(goods_id, building_id, max_supply, current_output, level) VALUES (42, 1432, 4.0344, 1, 0.45035160470257074);
INSERT INTO building(id, name, level) VALUES (1433, "building_logging_camp", 2);
INSERT INTO demand(goods_id, building_id, max_demand, current_input, level) VALUES (33, 1433, 10.0, 2, 1.241801127775377);
INSERT INTO supply(goods_id, building_id, max_supply, current_output, level) VALUES (10, 1433, 120.0, 2, 14.901613533304525);
INSERT INTO building(id, name, level) VALUES (1434, "building_lead_mine", 2);
INSERT INTO demand(goods_id, building_id, max_demand, current_input, level) VALUES (23, 1434, 16.25639603960396, 2, 1.7243976406734987);
INSERT INTO demand(goods_id, building_id, max_demand, current_input, level) VALUES (33, 1434, 16.25639603960396, 2, 2.0187210935543374);
INSERT INTO supply(goods_id, building_id, max_supply, current_output, level) VALUES (25, 1434, 65.02559405940593, 2, 7.486238608332598);
INSERT INTO building(id, name, level) VALUES (1435, "building_maize_farm", 2);
INSERT INTO demand(goods_id, building_id, max_demand, current_input, level) VALUES (32, 1435, 10.0, 2, 0.9907568967267583);
INSERT INTO demand(goods_id, building_id, max_demand, current_input, level) VALUES (33, 1435, 2.0, 2, 0.24836022555507545);
INSERT INTO supply(goods_id, building_id, max_supply, current_output, level) VALUES (7, 1435, 50.0, 2, 5.581395061255338);
INSERT INTO supply(goods_id, building_id, max_supply, current_output, level) VALUES (37, 1435, 14.0, 2, 1.5627906171514947);
INSERT INTO supply(goods_id, building_id, max_supply, current_output, level) VALUES (42, 1435, 10.0, 2, 1.1162790122510677);
INSERT INTO building(id, name, level) VALUES (1437, "building_glassworks", 1);
INSERT INTO demand(goods_id, building_id, max_demand, current_input, level) VALUES (10, 1437, 17.047, 1, 4.240802042881295);
INSERT INTO demand(goods_id, building_id, max_demand, current_input, level) VALUES (21, 1437, 4.26175, 1, 3.584818440080472);
INSERT INTO demand(goods_id, building_id, max_demand, current_input, level) VALUES (25, 1437, 8.5235, 1, 1.381884136612291);
INSERT INTO supply(goods_id, building_id, max_supply, current_output, level) VALUES (31, 1437, 17.047, 1, 7.114614692142588);
INSERT INTO supply(goods_id, building_id, max_supply, current_output, level) VALUES (35, 1437, 17.047, 1, 7.114614692142588);
INSERT INTO building(id, name, level) VALUES (1438, "building_fishing_wharf", 1);
INSERT INTO demand(goods_id, building_id, max_demand, current_input, level) VALUES (18, 1438, 3.80865, 1, 1.96383030196602);
INSERT INTO supply(goods_id, building_id, max_supply, current_output, level) VALUES (8, 1438, 38.0865, 1, 19.6383030196602);
INSERT INTO building(id, name, level) VALUES (1439, "building_government_administration", 1);
INSERT INTO demand(goods_id, building_id, max_demand, current_input, level) VALUES (14, 1439, 20.0, 1, 1.586466497367609);
INSERT INTO building(id, name, level) VALUES (1440, "building_iron_mine", 2);
INSERT INTO demand(goods_id, building_id, max_demand, current_input, level) VALUES (23, 1440, 17.88259405940594, 2, 1.8968966387160417);
INSERT INTO demand(goods_id, building_id, max_demand, current_input, level) VALUES (33, 1440, 17.88259405940594, 2, 2.2206625470519556);
INSERT INTO supply(goods_id, building_id, max_supply, current_output, level) VALUES (24, 1440, 71.53039603960396, 2, 8.235120651289849);
INSERT INTO building(id, name, level) VALUES (1441, "building_port", 1);
INSERT INTO demand(goods_id, building_id, max_demand, current_input, level) VALUES (18, 1441, 5.0, 1, 2.578118627290536);
INSERT INTO building(id, name, level) VALUES (1442, "building_government_administration", 1);
INSERT INTO demand(goods_id, building_id, max_demand, current_input, level) VALUES (14, 1442, 19.752, 1, 1.5667943128002506);
INSERT INTO building(id, name, level) VALUES (1443, "building_construction_sector", 1);
INSERT INTO demand(goods_id, building_id, max_demand, current_input, level) VALUES (9, 1443, 18.27981, 1, 68.97525859598062);
INSERT INTO demand(goods_id, building_id, max_demand, current_input, level) VALUES (10, 1443, 36.55963, 1, 9.094981732327346);
INSERT INTO demand(goods_id, building_id, max_demand, current_input, level) VALUES (24, 1443, 45.69954, 1, 2.7418510333097816);
INSERT INTO demand(goods_id, building_id, max_demand, current_input, level) VALUES (33, 1443, 9.1399, 1, 1.134993812775417);
INSERT INTO building(id, name, level) VALUES (1444, "building_university", 2);
INSERT INTO demand(goods_id, building_id, max_demand, current_input, level) VALUES (14, 1444, 20.0, 2, 1.586466497367609);
INSERT INTO building(id, name, level) VALUES (1445, "building_textile_mills", 3);
INSERT INTO demand(goods_id, building_id, max_demand, current_input, level) VALUES (9, 1445, 57.078, 3, 215.37257827851502);
INSERT INTO demand(goods_id, building_id, max_demand, current_input, level) VALUES (21, 1445, 7.1347450980392155, 3, 6.001470239391033);
INSERT INTO supply(goods_id, building_id, max_supply, current_output, level) VALUES (12, 1445, 85.617, 3, 78.8173461763794);
INSERT INTO building(id, name, level) VALUES (1446, "building_glassworks", 1);
INSERT INTO demand(goods_id, building_id, max_demand, current_input, level) VALUES (10, 1446, 20.0, 1, 4.975423291935584);
INSERT INTO demand(goods_id, building_id, max_demand, current_input, level) VALUES (21, 1446, 5.0, 1, 4.205805643316093);
INSERT INTO demand(goods_id, building_id, max_demand, current_input, level) VALUES (25, 1446, 10.0, 1, 1.6212637257139566);
INSERT INTO supply(goods_id, building_id, max_supply, current_output, level) VALUES (31, 1446, 20.0, 1, 8.34705777220929);
INSERT INTO supply(goods_id, building_id, max_supply, current_output, level) VALUES (35, 1446, 20.0, 1, 8.34705777220929);
INSERT INTO building(id, name, level) VALUES (1447, "building_shipyards", 2);
INSERT INTO demand(goods_id, building_id, max_demand, current_input, level) VALUES (9, 1447, 19.44, 2, 73.35300679306093);
INSERT INTO demand(goods_id, building_id, max_demand, current_input, level) VALUES (10, 1447, 38.88, 2, 9.672222879522776);
INSERT INTO supply(goods_id, building_id, max_supply, current_output, level) VALUES (18, 1447, 34.02, 2, 21.241597509791216);
INSERT INTO building(id, name, level) VALUES (1448, "building_fishing_wharf", 3);
INSERT INTO demand(goods_id, building_id, max_demand, current_input, level) VALUES (18, 1448, 15.0, 3, 7.7343558818716085);
INSERT INTO supply(goods_id, building_id, max_supply, current_output, level) VALUES (8, 1448, 150.0, 3, 77.34355881871608);
INSERT INTO building(id, name, level) VALUES (1449, "building_whaling_station", 1);
INSERT INTO demand(goods_id, building_id, max_demand, current_input, level) VALUES (18, 1449, 5.0, 1, 2.578118627290536);
INSERT INTO supply(goods_id, building_id, max_supply, current_output, level) VALUES (28, 1449, 20.0, 1, 10.312474509162143);
INSERT INTO supply(goods_id, building_id, max_supply, current_output, level) VALUES (36, 1449, 10.0, 1, 5.156237254581072);
INSERT INTO building(id, name, level) VALUES (1450, "building_wheat_farm", 2);
INSERT INTO demand(goods_id, building_id, max_demand, current_input, level) VALUES (32, 1450, 10.0, 2, 0.9907568967267583);
INSERT INTO demand(goods_id, building_id, max_demand, current_input, level) VALUES (33, 1450, 2.0, 2, 0.24836022555507545);
INSERT INTO supply(goods_id, building_id, max_supply, current_output, level) VALUES (7, 1450, 50.0, 2, 5.581395061255338);
INSERT INTO supply(goods_id, building_id, max_supply, current_output, level) VALUES (37, 1450, 14.0, 2, 1.5627906171514947);
INSERT INTO supply(goods_id, building_id, max_supply, current_output, level) VALUES (42, 1450, 10.0, 2, 1.1162790122510677);
INSERT INTO building(id, name, level) VALUES (1451, "building_port", 3);
INSERT INTO demand(goods_id, building_id, max_demand, current_input, level) VALUES (18, 1451, 15.0, 3, 7.7343558818716085);
INSERT INTO building(id, name, level) VALUES (1452, "building_logging_camp", 1);
INSERT INTO demand(goods_id, building_id, max_demand, current_input, level) VALUES (16, 1452, 5.0, 1, 1.0784788024707952);
INSERT INTO demand(goods_id, building_id, max_demand, current_input, level) VALUES (33, 1452, 5.0, 1, 0.6209005638876886);
INSERT INTO supply(goods_id, building_id, max_supply, current_output, level) VALUES (10, 1452, 60.0, 1, 10.196276198150903);
INSERT INTO building(id, name, level) VALUES (1453, "building_government_administration", 1);
INSERT INTO demand(goods_id, building_id, max_demand, current_input, level) VALUES (14, 1453, 20.0, 1, 1.586466497367609);
INSERT INTO building(id, name, level) VALUES (1454, "building_logging_camp", 1);
INSERT INTO demand(goods_id, building_id, max_demand, current_input, level) VALUES (33, 1454, 5.0, 1, 0.6209005638876886);
INSERT INTO supply(goods_id, building_id, max_supply, current_output, level) VALUES (10, 1454, 60.0, 1, 7.450806766652263);
INSERT INTO building(id, name, level) VALUES (1455, "building_livestock_ranch", 1);
INSERT INTO demand(goods_id, building_id, max_demand, current_input, level) VALUES (7, 1455, 4.1705, 1, 1.3372110158152979);
INSERT INTO demand(goods_id, building_id, max_demand, current_input, level) VALUES (33, 1455, 4.1705, 1, 0.517893160338721);
INSERT INTO supply(goods_id, building_id, max_supply, current_output, level) VALUES (9, 1455, 8.341, 1, 1.8551041761540188);
INSERT INTO supply(goods_id, building_id, max_supply, current_output, level) VALUES (32, 1455, 2.08525, 1, 0.4637760440385047);
INSERT INTO supply(goods_id, building_id, max_supply, current_output, level) VALUES (36, 1455, 10.42625, 1, 2.318880220192524);
INSERT INTO building(id, name, level) VALUES (1456, "building_food_industry", 2);
INSERT INTO demand(goods_id, building_id, max_demand, current_input, level) VALUES (7, 1456, 49.29279207920792, 2, 15.80502687174437);
INSERT INTO demand(goods_id, building_id, max_demand, current_input, level) VALUES (42, 1456, 49.29279207920792, 2, 22.40943282423399);
INSERT INTO supply(goods_id, building_id, max_supply, current_output, level) VALUES (11, 1456, 43.131198019801985, 2, 16.718828035937356);
INSERT INTO supply(goods_id, building_id, max_supply, current_output, level) VALUES (38, 1456, 73.93919801980198, 2, 28.660848609877412);
INSERT INTO building(id, name, level) VALUES (1457, "building_logging_camp", 1);
INSERT INTO demand(goods_id, building_id, max_demand, current_input, level) VALUES (33, 1457, 5.0, 1, 0.6209005638876886);
INSERT INTO supply(goods_id, building_id, max_supply, current_output, level) VALUES (10, 1457, 60.0, 1, 7.450806766652263);
INSERT INTO building(id, name, level) VALUES (1458, "building_livestock_ranch", 1);
INSERT INTO demand(goods_id, building_id, max_demand, current_input, level) VALUES (7, 1458, 3.0137, 1, 0.9662996854963586);
INSERT INTO demand(goods_id, building_id, max_demand, current_input, level) VALUES (33, 1458, 3.0137, 1, 0.3742416058776655);
INSERT INTO supply(goods_id, building_id, max_supply, current_output, level) VALUES (9, 1458, 6.0274, 1, 1.340541291374024);
INSERT INTO supply(goods_id, building_id, max_supply, current_output, level) VALUES (32, 1458, 1.50685, 1, 0.335135322843506);
INSERT INTO supply(goods_id, building_id, max_supply, current_output, level) VALUES (36, 1458, 7.53425, 1, 1.6756766142175301);
INSERT INTO building(id, name, level) VALUES (1459, "building_government_administration", 1);
INSERT INTO demand(goods_id, building_id, max_demand, current_input, level) VALUES (14, 1459, 20.0, 1, 1.586466497367609);
INSERT INTO building(id, name, level) VALUES (1460, "building_furniture_manufacturies", 1);
INSERT INTO demand(goods_id, building_id, max_demand, current_input, level) VALUES (9, 1460, 10.0, 1, 37.73302818573093);
INSERT INTO demand(goods_id, building_id, max_demand, current_input, level) VALUES (10, 1460, 15.0, 1, 3.731567468951688);
INSERT INTO demand(goods_id, building_id, max_demand, current_input, level) VALUES (26, 1460, 15.0, 1, 0.9649394508164795);
INSERT INTO demand(goods_id, building_id, max_demand, current_input, level) VALUES (33, 1460, 5.0, 1, 0.6209005638876886);
INSERT INTO supply(goods_id, building_id, max_supply, current_output, level) VALUES (13, 1460, 40.0, 1, 14.372805740954156);
INSERT INTO supply(goods_id, building_id, max_supply, current_output, level) VALUES (49, 1460, 25.0, 1, 8.983003588096347);
INSERT INTO building(id, name, level) VALUES (1461, "building_logging_camp", 3);
INSERT INTO demand(goods_id, building_id, max_demand, current_input, level) VALUES (33, 1461, 14.047794117647058, 3, 1.7444566578050427);
INSERT INTO supply(goods_id, building_id, max_supply, current_output, level) VALUES (10, 1461, 98.33459803921568, 3, 12.211201474443643);
INSERT INTO supply(goods_id, building_id, max_supply, current_output, level) VALUES (26, 1461, 35.1195, 3, 4.361143470690736);
INSERT INTO building(id, name, level) VALUES (1462, "building_shipyards", 2);
INSERT INTO demand(goods_id, building_id, max_demand, current_input, level) VALUES (9, 1462, 20.212793248945147, 2, 76.26898973747991);
INSERT INTO demand(goods_id, building_id, max_demand, current_input, level) VALUES (10, 1462, 40.42559493670886, 2, 10.056722331922725);
INSERT INTO demand(goods_id, building_id, max_demand, current_input, level) VALUES (26, 1462, 20.212793248945147, 2, 1.3002747744736118);
INSERT INTO demand(goods_id, building_id, max_demand, current_input, level) VALUES (29, 1462, 5.053198312236287, 2, 0.40445719041167305);
INSERT INTO supply(goods_id, building_id, max_supply, current_output, level) VALUES (18, 1462, 70.74479324894514, 2, 24.639355666918643);
INSERT INTO building(id, name, level) VALUES (1463, "building_fishing_wharf", 3);
INSERT INTO demand(goods_id, building_id, max_demand, current_input, level) VALUES (18, 1463, 14.872794117647057, 3, 7.668765510912599);
INSERT INTO supply(goods_id, building_id, max_supply, current_output, level) VALUES (8, 1463, 148.728, 3, 76.68768543993339);
INSERT INTO building(id, name, level) VALUES (1464, "building_port", 1);
INSERT INTO demand(goods_id, building_id, max_demand, current_input, level) VALUES (18, 1464, 4.946, 1, 2.550274946115798);
INSERT INTO building(id, name, level) VALUES (1465, "building_government_administration", 2);
INSERT INTO demand(goods_id, building_id, max_demand, current_input, level) VALUES (14, 1465, 40.0, 2, 3.172932994735218);
INSERT INTO building(id, name, level) VALUES (1466, "building_food_industry", 1);
INSERT INTO demand(goods_id, building_id, max_demand, current_input, level) VALUES (7, 1466, 40.0, 1, 12.825426359576051);
INSERT INTO demand(goods_id, building_id, max_demand, current_input, level) VALUES (42, 1466, 40.0, 1, 18.1847543050307);
INSERT INTO supply(goods_id, building_id, max_supply, current_output, level) VALUES (11, 1466, 35.0, 1, 13.566954040765452);
INSERT INTO supply(goods_id, building_id, max_supply, current_output, level) VALUES (38, 1466, 60.0, 1, 23.257635498455063);
INSERT INTO building(id, name, level) VALUES (1467, "building_coal_mine", 2);
INSERT INTO demand(goods_id, building_id, max_demand, current_input, level) VALUES (33, 1467, 19.780396396396394, 2, 2.456331855288905);
INSERT INTO supply(goods_id, building_id, max_supply, current_output, level) VALUES (23, 1467, 79.12159459459458, 2, 9.825328539895375);
INSERT INTO building(id, name, level) VALUES (1468, "building_logging_camp", 1);
INSERT INTO demand(goods_id, building_id, max_demand, current_input, level) VALUES (33, 1468, 4.93475, 1, 0.6127978115289543);
INSERT INTO supply(goods_id, building_id, max_supply, current_output, level) VALUES (10, 1468, 59.217, 1, 7.3535737383474515);
INSERT INTO building(id, name, level) VALUES (1469, "building_maize_farm", 5);
INSERT INTO demand(goods_id, building_id, max_demand, current_input, level) VALUES (32, 1469, 23.8065, 5, 2.358645406192557);
INSERT INTO demand(goods_id, building_id, max_demand, current_input, level) VALUES (33, 1469, 4.761298076923077, 5, 0.5912585321597811);
INSERT INTO supply(goods_id, building_id, max_supply, current_output, level) VALUES (7, 1469, 119.0325, 5, 13.287348152577522);
INSERT INTO supply(goods_id, building_id, max_supply, current_output, level) VALUES (37, 1469, 33.32909615384616, 5, 3.7204570533836248);
INSERT INTO supply(goods_id, building_id, max_supply, current_output, level) VALUES (42, 1469, 23.8065, 5, 2.657469630515504);
INSERT INTO building(id, name, level) VALUES (1470, "building_cotton_plantation", 10);
INSERT INTO supply(goods_id, building_id, max_supply, current_output, level) VALUES (9, 1470, 399.8159999999999, 10, 535.75344);
INSERT INTO building(id, name, level) VALUES (1471, "building_port", 1);
INSERT INTO demand(goods_id, building_id, max_demand, current_input, level) VALUES (18, 1471, 5.0, 1, 2.578118627290536);
INSERT INTO building(id, name, level) VALUES (1472, "building_government_administration", 2);
INSERT INTO demand(goods_id, building_id, max_demand, current_input, level) VALUES (14, 1472, 40.0, 2, 3.172932994735218);
INSERT INTO building(id, name, level) VALUES (1473, "building_cotton_plantation", 10);
INSERT INTO supply(goods_id, building_id, max_supply, current_output, level) VALUES (9, 1473, 390.6479999999999, 10, 523.46832);
INSERT INTO building(id, name, level) VALUES (1474, "building_tobacco_plantation", 5);
INSERT INTO supply(goods_id, building_id, max_supply, current_output, level) VALUES (43, 1474, 122.085, 5, 126.9684);
INSERT INTO building(id, name, level) VALUES (1475, "building_dye_plantation", 2);
INSERT INTO supply(goods_id, building_id, max_supply, current_output, level) VALUES (21, 1475, 48.809999999999995, 2, 49.2981);
INSERT INTO building(id, name, level) VALUES (1476, "building_maize_farm", 5);
INSERT INTO demand(goods_id, building_id, max_demand, current_input, level) VALUES (32, 1476, 22.73425, 5, 2.25241149794103);
INSERT INTO demand(goods_id, building_id, max_demand, current_input, level) VALUES (33, 1476, 4.546846153846154, 5, 0.564627868166729);
INSERT INTO supply(goods_id, building_id, max_supply, current_output, level) VALUES (7, 1476, 181.874, 5, 20.30221290741507);
INSERT INTO building(id, name, level) VALUES (1477, "building_port", 1);
INSERT INTO demand(goods_id, building_id, max_demand, current_input, level) VALUES (18, 1477, 4.64, 1, 2.3924940861256174);
INSERT INTO building(id, name, level) VALUES (16778945, "building_naval_base", 2);
INSERT INTO demand(goods_id, building_id, max_demand, current_input, level) VALUES (5, 16778945, 0.065, 2, 0.014237835132355162);
INSERT INTO building(id, name, level) VALUES (2690, "building_subsistence_farms", 117);
INSERT INTO supply(goods_id, building_id, max_supply, current_output, level) VALUES (7, 2690, 25.89912, 117, 25.89912);
INSERT INTO supply(goods_id, building_id, max_supply, current_output, level) VALUES (9, 2690, 6.47478, 117, 6.47478);
INSERT INTO supply(goods_id, building_id, max_supply, current_output, level) VALUES (10, 2690, 6.47478, 117, 6.47478);
INSERT INTO supply(goods_id, building_id, max_supply, current_output, level) VALUES (12, 2690, 6.47478, 117, 6.47478);
INSERT INTO supply(goods_id, building_id, max_supply, current_output, level) VALUES (13, 2690, 6.47478, 117, 6.47478);
INSERT INTO supply(goods_id, building_id, max_supply, current_output, level) VALUES (15, 2690, 6.47478, 117, 6.47478);
INSERT INTO supply(goods_id, building_id, max_supply, current_output, level) VALUES (38, 2690, 6.47478, 117, 6.47478);
INSERT INTO building(id, name, level) VALUES (2691, "building_subsistence_farms", 114);
INSERT INTO supply(goods_id, building_id, max_supply, current_output, level) VALUES (7, 2691, 113.27952, 114, 113.27952);
INSERT INTO supply(goods_id, building_id, max_supply, current_output, level) VALUES (9, 2691, 28.31988, 114, 28.31988);
INSERT INTO supply(goods_id, building_id, max_supply, current_output, level) VALUES (10, 2691, 28.31988, 114, 28.31988);
INSERT INTO supply(goods_id, building_id, max_supply, current_output, level) VALUES (12, 2691, 28.31988, 114, 28.31988);
INSERT INTO supply(goods_id, building_id, max_supply, current_output, level) VALUES (13, 2691, 28.31988, 114, 28.31988);
INSERT INTO supply(goods_id, building_id, max_supply, current_output, level) VALUES (15, 2691, 28.31988, 114, 28.31988);
INSERT INTO supply(goods_id, building_id, max_supply, current_output, level) VALUES (38, 2691, 28.31988, 114, 28.31988);
INSERT INTO building(id, name, level) VALUES (2692, "building_urban_center", 10);
INSERT INTO demand(goods_id, building_id, max_demand, current_input, level) VALUES (10, 2692, 9.954192660550458, 10, 2.4763161007858496);
INSERT INTO demand(goods_id, building_id, max_demand, current_input, level) VALUES (23, 2692, 9.954192660550458, 10, 1.0558912502405324);
INSERT INTO demand(goods_id, building_id, max_demand, current_input, level) VALUES (31, 2692, 9.954192660550458, 10, 5.750880934153397);
INSERT INTO supply(goods_id, building_id, max_supply, current_output, level) VALUES (15, 2692, 218.9923944954128, 10, 68.07602924077543);
INSERT INTO supply(goods_id, building_id, max_supply, current_output, level) VALUES (16, 2692, 49.771, 10, 15.471825216348352);
INSERT INTO building(id, name, level) VALUES (2693, "building_subsistence_farms", 162);
INSERT INTO supply(goods_id, building_id, max_supply, current_output, level) VALUES (7, 2693, 56.35008, 162, 56.35008);
INSERT INTO supply(goods_id, building_id, max_supply, current_output, level) VALUES (9, 2693, 14.08752, 162, 14.08752);
INSERT INTO supply(goods_id, building_id, max_supply, current_output, level) VALUES (10, 2693, 14.08752, 162, 14.08752);
INSERT INTO supply(goods_id, building_id, max_supply, current_output, level) VALUES (12, 2693, 14.08752, 162, 14.08752);
INSERT INTO supply(goods_id, building_id, max_supply, current_output, level) VALUES (13, 2693, 14.08752, 162, 14.08752);
INSERT INTO supply(goods_id, building_id, max_supply, current_output, level) VALUES (15, 2693, 14.08752, 162, 14.08752);
INSERT INTO supply(goods_id, building_id, max_supply, current_output, level) VALUES (38, 2693, 14.08752, 162, 14.08752);
INSERT INTO building(id, name, level) VALUES (2694, "building_urban_center", 3);
INSERT INTO demand(goods_id, building_id, max_demand, current_input, level) VALUES (10, 2694, 3.0, 3, 0.7463134937903376);
INSERT INTO demand(goods_id, building_id, max_demand, current_input, level) VALUES (23, 2694, 3.0, 3, 0.31822507949594253);
INSERT INTO demand(goods_id, building_id, max_demand, current_input, level) VALUES (29, 2694, 3.0, 3, 0.24011952356923097);
INSERT INTO demand(goods_id, building_id, max_demand, current_input, level) VALUES (31, 2694, 3.0, 3, 1.733203624924227);
INSERT INTO supply(goods_id, building_id, max_supply, current_output, level) VALUES (15, 2694, 65.99999999999999, 3, 16.70823946978856);
INSERT INTO supply(goods_id, building_id, max_supply, current_output, level) VALUES (16, 2694, 24.0, 3, 6.075723443559477);
INSERT INTO building(id, name, level) VALUES (2739, "building_subsistence_farms", 37);
INSERT INTO supply(goods_id, building_id, max_supply, current_output, level) VALUES (7, 2739, 0.04958, 37, 0.04958);
INSERT INTO supply(goods_id, building_id, max_supply, current_output, level) VALUES (9, 2739, 0.01239, 37, 0.01239);
INSERT INTO supply(goods_id, building_id, max_supply, current_output, level) VALUES (10, 2739, 0.01239, 37, 0.01239);
INSERT INTO supply(goods_id, building_id, max_supply, current_output, level) VALUES (12, 2739, 0.01239, 37, 0.01239);
INSERT INTO supply(goods_id, building_id, max_supply, current_output, level) VALUES (13, 2739, 0.01239, 37, 0.01239);
INSERT INTO supply(goods_id, building_id, max_supply, current_output, level) VALUES (15, 2739, 0.01239, 37, 0.01239);
INSERT INTO supply(goods_id, building_id, max_supply, current_output, level) VALUES (38, 2739, 0.01239, 37, 0.01239);
INSERT INTO building(id, name, level) VALUES (2740, "building_subsistence_farms", 122);
INSERT INTO supply(goods_id, building_id, max_supply, current_output, level) VALUES (7, 2740, 5.002, 122, 5.002);
INSERT INTO supply(goods_id, building_id, max_supply, current_output, level) VALUES (9, 2740, 1.2505, 122, 1.2505);
INSERT INTO supply(goods_id, building_id, max_supply, current_output, level) VALUES (10, 2740, 1.2505, 122, 1.2505);
INSERT INTO supply(goods_id, building_id, max_supply, current_output, level) VALUES (12, 2740, 1.2505, 122, 1.2505);
INSERT INTO supply(goods_id, building_id, max_supply, current_output, level) VALUES (13, 2740, 1.2505, 122, 1.2505);
INSERT INTO supply(goods_id, building_id, max_supply, current_output, level) VALUES (15, 2740, 1.2505, 122, 1.2505);
INSERT INTO supply(goods_id, building_id, max_supply, current_output, level) VALUES (38, 2740, 1.2505, 122, 1.2505);
INSERT INTO building(id, name, level) VALUES (2743, "building_subsistence_farms", 142);
INSERT INTO supply(goods_id, building_id, max_supply, current_output, level) VALUES (7, 2743, 4.53832, 142, 4.53832);
INSERT INTO supply(goods_id, building_id, max_supply, current_output, level) VALUES (9, 2743, 1.13458, 142, 1.13458);
INSERT INTO supply(goods_id, building_id, max_supply, current_output, level) VALUES (10, 2743, 1.13458, 142, 1.13458);
INSERT INTO supply(goods_id, building_id, max_supply, current_output, level) VALUES (12, 2743, 1.13458, 142, 1.13458);
INSERT INTO supply(goods_id, building_id, max_supply, current_output, level) VALUES (13, 2743, 1.13458, 142, 1.13458);
INSERT INTO supply(goods_id, building_id, max_supply, current_output, level) VALUES (15, 2743, 1.13458, 142, 1.13458);
INSERT INTO supply(goods_id, building_id, max_supply, current_output, level) VALUES (38, 2743, 1.13458, 142, 1.13458);
INSERT INTO building(id, name, level) VALUES (2747, "building_subsistence_farms", 160);
INSERT INTO supply(goods_id, building_id, max_supply, current_output, level) VALUES (7, 2747, 6.9536, 160, 8.34432);
INSERT INTO supply(goods_id, building_id, max_supply, current_output, level) VALUES (9, 2747, 1.7384, 160, 2.08608);
INSERT INTO supply(goods_id, building_id, max_supply, current_output, level) VALUES (10, 2747, 1.7384, 160, 2.08608);
INSERT INTO supply(goods_id, building_id, max_supply, current_output, level) VALUES (12, 2747, 1.7384, 160, 2.08608);
INSERT INTO supply(goods_id, building_id, max_supply, current_output, level) VALUES (13, 2747, 1.7384, 160, 2.08608);
INSERT INTO supply(goods_id, building_id, max_supply, current_output, level) VALUES (15, 2747, 1.7384, 160, 2.08608);
INSERT INTO supply(goods_id, building_id, max_supply, current_output, level) VALUES (38, 2747, 1.7384, 160, 2.08608);
INSERT INTO building(id, name, level) VALUES (2750, "building_subsistence_farms", 50);
INSERT INTO supply(goods_id, building_id, max_supply, current_output, level) VALUES (7, 2750, 1.0090000000000001, 50, 1.2108);
INSERT INTO supply(goods_id, building_id, max_supply, current_output, level) VALUES (9, 2750, 0.25225000000000003, 50, 0.3027);
INSERT INTO supply(goods_id, building_id, max_supply, current_output, level) VALUES (10, 2750, 0.25225000000000003, 50, 0.3027);
INSERT INTO supply(goods_id, building_id, max_supply, current_output, level) VALUES (12, 2750, 0.25225000000000003, 50, 0.3027);
INSERT INTO supply(goods_id, building_id, max_supply, current_output, level) VALUES (13, 2750, 0.25225000000000003, 50, 0.3027);
INSERT INTO supply(goods_id, building_id, max_supply, current_output, level) VALUES (15, 2750, 0.25225000000000003, 50, 0.3027);
INSERT INTO supply(goods_id, building_id, max_supply, current_output, level) VALUES (38, 2750, 0.25225000000000003, 50, 0.3027);
INSERT INTO building(id, name, level) VALUES (2751, "building_subsistence_farms", 69);
INSERT INTO supply(goods_id, building_id, max_supply, current_output, level) VALUES (7, 2751, 1.0046333333333333, 69, 1.20556);
INSERT INTO supply(goods_id, building_id, max_supply, current_output, level) VALUES (9, 2751, 0.2511583333333333, 69, 0.30139);
INSERT INTO supply(goods_id, building_id, max_supply, current_output, level) VALUES (10, 2751, 0.2511583333333333, 69, 0.30139);
INSERT INTO supply(goods_id, building_id, max_supply, current_output, level) VALUES (12, 2751, 0.2511583333333333, 69, 0.30139);
INSERT INTO supply(goods_id, building_id, max_supply, current_output, level) VALUES (13, 2751, 0.2511583333333333, 69, 0.30139);
INSERT INTO supply(goods_id, building_id, max_supply, current_output, level) VALUES (15, 2751, 0.2511583333333333, 69, 0.30139);
INSERT INTO supply(goods_id, building_id, max_supply, current_output, level) VALUES (38, 2751, 0.2511583333333333, 69, 0.30139);
INSERT INTO building(id, name, level) VALUES (2754, "building_subsistence_farms", 183);
INSERT INTO supply(goods_id, building_id, max_supply, current_output, level) VALUES (7, 2754, 6.573358333333333, 183, 7.88803);
INSERT INTO supply(goods_id, building_id, max_supply, current_output, level) VALUES (9, 2754, 1.6433333333333333, 183, 1.972);
INSERT INTO supply(goods_id, building_id, max_supply, current_output, level) VALUES (10, 2754, 1.6433333333333333, 183, 1.972);
INSERT INTO supply(goods_id, building_id, max_supply, current_output, level) VALUES (12, 2754, 1.6433333333333333, 183, 1.972);
INSERT INTO supply(goods_id, building_id, max_supply, current_output, level) VALUES (13, 2754, 1.6433333333333333, 183, 1.972);
INSERT INTO supply(goods_id, building_id, max_supply, current_output, level) VALUES (15, 2754, 1.6433333333333333, 183, 1.972);
INSERT INTO supply(goods_id, building_id, max_supply, current_output, level) VALUES (38, 2754, 1.6433333333333333, 183, 1.972);
INSERT INTO building(id, name, level) VALUES (2759, "building_subsistence_farms", 178);
INSERT INTO supply(goods_id, building_id, max_supply, current_output, level) VALUES (7, 2759, 18.41944, 178, 18.41944);
INSERT INTO supply(goods_id, building_id, max_supply, current_output, level) VALUES (9, 2759, 4.60486, 178, 4.60486);
INSERT INTO supply(goods_id, building_id, max_supply, current_output, level) VALUES (10, 2759, 4.60486, 178, 4.60486);
INSERT INTO supply(goods_id, building_id, max_supply, current_output, level) VALUES (12, 2759, 4.60486, 178, 4.60486);
INSERT INTO supply(goods_id, building_id, max_supply, current_output, level) VALUES (13, 2759, 4.60486, 178, 4.60486);
INSERT INTO supply(goods_id, building_id, max_supply, current_output, level) VALUES (15, 2759, 4.60486, 178, 4.60486);
INSERT INTO supply(goods_id, building_id, max_supply, current_output, level) VALUES (38, 2759, 4.60486, 178, 4.60486);
INSERT INTO building(id, name, level) VALUES (2760, "building_subsistence_farms", 227);
INSERT INTO supply(goods_id, building_id, max_supply, current_output, level) VALUES (7, 2760, 34.65382, 227, 34.65382);
INSERT INTO supply(goods_id, building_id, max_supply, current_output, level) VALUES (9, 2760, 8.66345, 227, 8.66345);
INSERT INTO supply(goods_id, building_id, max_supply, current_output, level) VALUES (10, 2760, 8.66345, 227, 8.66345);
INSERT INTO supply(goods_id, building_id, max_supply, current_output, level) VALUES (12, 2760, 8.66345, 227, 8.66345);
INSERT INTO supply(goods_id, building_id, max_supply, current_output, level) VALUES (13, 2760, 8.66345, 227, 8.66345);
INSERT INTO supply(goods_id, building_id, max_supply, current_output, level) VALUES (15, 2760, 8.66345, 227, 8.66345);
INSERT INTO supply(goods_id, building_id, max_supply, current_output, level) VALUES (38, 2760, 8.66345, 227, 8.66345);
INSERT INTO building(id, name, level) VALUES (2761, "building_subsistence_farms", 240);
INSERT INTO supply(goods_id, building_id, max_supply, current_output, level) VALUES (7, 2761, 15.48, 240, 15.48);
INSERT INTO supply(goods_id, building_id, max_supply, current_output, level) VALUES (9, 2761, 3.87, 240, 3.87);
INSERT INTO supply(goods_id, building_id, max_supply, current_output, level) VALUES (10, 2761, 3.87, 240, 3.87);
INSERT INTO supply(goods_id, building_id, max_supply, current_output, level) VALUES (12, 2761, 3.87, 240, 3.87);
INSERT INTO supply(goods_id, building_id, max_supply, current_output, level) VALUES (13, 2761, 3.87, 240, 3.87);
INSERT INTO supply(goods_id, building_id, max_supply, current_output, level) VALUES (15, 2761, 3.87, 240, 3.87);
INSERT INTO supply(goods_id, building_id, max_supply, current_output, level) VALUES (38, 2761, 3.87, 240, 3.87);
INSERT INTO building(id, name, level) VALUES (2762, "building_subsistence_farms", 133);
INSERT INTO supply(goods_id, building_id, max_supply, current_output, level) VALUES (7, 2762, 16.88568, 133, 16.88568);
INSERT INTO supply(goods_id, building_id, max_supply, current_output, level) VALUES (9, 2762, 4.22142, 133, 4.22142);
INSERT INTO supply(goods_id, building_id, max_supply, current_output, level) VALUES (10, 2762, 4.22142, 133, 4.22142);
INSERT INTO supply(goods_id, building_id, max_supply, current_output, level) VALUES (12, 2762, 4.22142, 133, 4.22142);
INSERT INTO supply(goods_id, building_id, max_supply, current_output, level) VALUES (13, 2762, 4.22142, 133, 4.22142);
INSERT INTO supply(goods_id, building_id, max_supply, current_output, level) VALUES (15, 2762, 4.22142, 133, 4.22142);
INSERT INTO supply(goods_id, building_id, max_supply, current_output, level) VALUES (38, 2762, 4.22142, 133, 4.22142);
INSERT INTO building(id, name, level) VALUES (2764, "building_subsistence_farms", 180);
INSERT INTO supply(goods_id, building_id, max_supply, current_output, level) VALUES (7, 2764, 13.8744, 180, 13.8744);
INSERT INTO supply(goods_id, building_id, max_supply, current_output, level) VALUES (9, 2764, 3.4686, 180, 3.4686);
INSERT INTO supply(goods_id, building_id, max_supply, current_output, level) VALUES (10, 2764, 3.4686, 180, 3.4686);
INSERT INTO supply(goods_id, building_id, max_supply, current_output, level) VALUES (12, 2764, 3.4686, 180, 3.4686);
INSERT INTO supply(goods_id, building_id, max_supply, current_output, level) VALUES (13, 2764, 3.4686, 180, 3.4686);
INSERT INTO supply(goods_id, building_id, max_supply, current_output, level) VALUES (15, 2764, 3.4686, 180, 3.4686);
INSERT INTO supply(goods_id, building_id, max_supply, current_output, level) VALUES (38, 2764, 3.4686, 180, 3.4686);
INSERT INTO building(id, name, level) VALUES (2765, "building_subsistence_farms", 212);
INSERT INTO supply(goods_id, building_id, max_supply, current_output, level) VALUES (7, 2765, 44.6896, 212, 44.6896);
INSERT INTO supply(goods_id, building_id, max_supply, current_output, level) VALUES (9, 2765, 11.1724, 212, 11.1724);
INSERT INTO supply(goods_id, building_id, max_supply, current_output, level) VALUES (10, 2765, 11.1724, 212, 11.1724);
INSERT INTO supply(goods_id, building_id, max_supply, current_output, level) VALUES (12, 2765, 11.1724, 212, 11.1724);
INSERT INTO supply(goods_id, building_id, max_supply, current_output, level) VALUES (13, 2765, 11.1724, 212, 11.1724);
INSERT INTO supply(goods_id, building_id, max_supply, current_output, level) VALUES (15, 2765, 11.1724, 212, 11.1724);
INSERT INTO supply(goods_id, building_id, max_supply, current_output, level) VALUES (38, 2765, 11.1724, 212, 11.1724);
INSERT INTO building(id, name, level) VALUES (2766, "building_urban_center", 1);
INSERT INTO demand(goods_id, building_id, max_demand, current_input, level) VALUES (10, 2766, 1.0, 1, 0.2487711645967792);
INSERT INTO demand(goods_id, building_id, max_demand, current_input, level) VALUES (23, 2766, 1.0, 1, 0.10607502649864753);
INSERT INTO demand(goods_id, building_id, max_demand, current_input, level) VALUES (29, 2766, 1.0, 1, 0.08003984118974365);
INSERT INTO demand(goods_id, building_id, max_demand, current_input, level) VALUES (31, 2766, 1.0, 1, 0.577734541641409);
INSERT INTO supply(goods_id, building_id, max_supply, current_output, level) VALUES (15, 2766, 22.0, 1, 5.569413156596187);
INSERT INTO supply(goods_id, building_id, max_supply, current_output, level) VALUES (16, 2766, 8.0, 1, 2.025241147853159);
INSERT INTO building(id, name, level) VALUES (2767, "building_subsistence_farms", 179);
INSERT INTO supply(goods_id, building_id, max_supply, current_output, level) VALUES (7, 2767, 21.73418, 179, 21.73418);
INSERT INTO supply(goods_id, building_id, max_supply, current_output, level) VALUES (9, 2767, 5.43354, 179, 5.43354);
INSERT INTO supply(goods_id, building_id, max_supply, current_output, level) VALUES (10, 2767, 5.43354, 179, 5.43354);
INSERT INTO supply(goods_id, building_id, max_supply, current_output, level) VALUES (12, 2767, 5.43354, 179, 5.43354);
INSERT INTO supply(goods_id, building_id, max_supply, current_output, level) VALUES (13, 2767, 5.43354, 179, 5.43354);
INSERT INTO supply(goods_id, building_id, max_supply, current_output, level) VALUES (15, 2767, 5.43354, 179, 5.43354);
INSERT INTO supply(goods_id, building_id, max_supply, current_output, level) VALUES (38, 2767, 5.43354, 179, 5.43354);
INSERT INTO building(id, name, level) VALUES (2768, "building_subsistence_farms", 171);
INSERT INTO supply(goods_id, building_id, max_supply, current_output, level) VALUES (7, 2768, 100.74636, 171, 100.74636);
INSERT INTO supply(goods_id, building_id, max_supply, current_output, level) VALUES (9, 2768, 25.18659, 171, 25.18659);
INSERT INTO supply(goods_id, building_id, max_supply, current_output, level) VALUES (10, 2768, 25.18659, 171, 25.18659);
INSERT INTO supply(goods_id, building_id, max_supply, current_output, level) VALUES (12, 2768, 25.18659, 171, 25.18659);
INSERT INTO supply(goods_id, building_id, max_supply, current_output, level) VALUES (13, 2768, 25.18659, 171, 25.18659);
INSERT INTO supply(goods_id, building_id, max_supply, current_output, level) VALUES (15, 2768, 25.18659, 171, 25.18659);
INSERT INTO supply(goods_id, building_id, max_supply, current_output, level) VALUES (38, 2768, 25.18659, 171, 25.18659);
INSERT INTO building(id, name, level) VALUES (2769, "building_urban_center", 1);
INSERT INTO demand(goods_id, building_id, max_demand, current_input, level) VALUES (10, 2769, 1.0, 1, 0.2487711645967792);
INSERT INTO demand(goods_id, building_id, max_demand, current_input, level) VALUES (23, 2769, 1.0, 1, 0.10607502649864753);
INSERT INTO demand(goods_id, building_id, max_demand, current_input, level) VALUES (29, 2769, 1.0, 1, 0.08003984118974365);
INSERT INTO demand(goods_id, building_id, max_demand, current_input, level) VALUES (31, 2769, 1.0, 1, 0.577734541641409);
INSERT INTO supply(goods_id, building_id, max_supply, current_output, level) VALUES (15, 2769, 22.0, 1, 5.569413156596187);
INSERT INTO supply(goods_id, building_id, max_supply, current_output, level) VALUES (16, 2769, 8.0, 1, 2.025241147853159);
INSERT INTO building(id, name, level) VALUES (2770, "building_subsistence_farms", 165);
INSERT INTO supply(goods_id, building_id, max_supply, current_output, level) VALUES (7, 2770, 48.5826, 165, 48.5826);
INSERT INTO supply(goods_id, building_id, max_supply, current_output, level) VALUES (9, 2770, 12.14565, 165, 12.14565);
INSERT INTO supply(goods_id, building_id, max_supply, current_output, level) VALUES (10, 2770, 12.14565, 165, 12.14565);
INSERT INTO supply(goods_id, building_id, max_supply, current_output, level) VALUES (12, 2770, 12.14565, 165, 12.14565);
INSERT INTO supply(goods_id, building_id, max_supply, current_output, level) VALUES (13, 2770, 12.14565, 165, 12.14565);
INSERT INTO supply(goods_id, building_id, max_supply, current_output, level) VALUES (15, 2770, 12.14565, 165, 12.14565);
INSERT INTO supply(goods_id, building_id, max_supply, current_output, level) VALUES (38, 2770, 12.14565, 165, 12.14565);
INSERT INTO building(id, name, level) VALUES (2771, "building_urban_center", 1);
INSERT INTO demand(goods_id, building_id, max_demand, current_input, level) VALUES (10, 2771, 1.0, 1, 0.2487711645967792);
INSERT INTO demand(goods_id, building_id, max_demand, current_input, level) VALUES (23, 2771, 1.0, 1, 0.10607502649864753);
INSERT INTO demand(goods_id, building_id, max_demand, current_input, level) VALUES (31, 2771, 1.0, 1, 0.577734541641409);
INSERT INTO supply(goods_id, building_id, max_supply, current_output, level) VALUES (15, 2771, 22.0, 1, 6.8389253734034625);
INSERT INTO supply(goods_id, building_id, max_supply, current_output, level) VALUES (16, 2771, 5.0, 1, 1.5543012212280596);
INSERT INTO building(id, name, level) VALUES (2772, "building_subsistence_farms", 156);
INSERT INTO supply(goods_id, building_id, max_supply, current_output, level) VALUES (7, 2772, 39.9516, 156, 39.9516);
INSERT INTO supply(goods_id, building_id, max_supply, current_output, level) VALUES (9, 2772, 9.9879, 156, 9.9879);
INSERT INTO supply(goods_id, building_id, max_supply, current_output, level) VALUES (10, 2772, 9.9879, 156, 9.9879);
INSERT INTO supply(goods_id, building_id, max_supply, current_output, level) VALUES (12, 2772, 9.9879, 156, 9.9879);
INSERT INTO supply(goods_id, building_id, max_supply, current_output, level) VALUES (13, 2772, 9.9879, 156, 9.9879);
INSERT INTO supply(goods_id, building_id, max_supply, current_output, level) VALUES (15, 2772, 9.9879, 156, 9.9879);
INSERT INTO supply(goods_id, building_id, max_supply, current_output, level) VALUES (38, 2772, 9.9879, 156, 9.9879);
INSERT INTO building(id, name, level) VALUES (2773, "building_urban_center", 1);
INSERT INTO demand(goods_id, building_id, max_demand, current_input, level) VALUES (10, 2773, 1.0, 1, 0.2487711645967792);
INSERT INTO demand(goods_id, building_id, max_demand, current_input, level) VALUES (23, 2773, 1.0, 1, 0.10607502649864753);
INSERT INTO demand(goods_id, building_id, max_demand, current_input, level) VALUES (31, 2773, 1.0, 1, 0.577734541641409);
INSERT INTO supply(goods_id, building_id, max_supply, current_output, level) VALUES (15, 2773, 22.0, 1, 6.8389253734034625);
INSERT INTO supply(goods_id, building_id, max_supply, current_output, level) VALUES (16, 2773, 5.0, 1, 1.5543012212280596);
INSERT INTO building(id, name, level) VALUES (2774, "building_subsistence_farms", 150);
INSERT INTO supply(goods_id, building_id, max_supply, current_output, level) VALUES (7, 2774, 16.569, 150, 16.569);
INSERT INTO supply(goods_id, building_id, max_supply, current_output, level) VALUES (9, 2774, 4.14225, 150, 4.14225);
INSERT INTO supply(goods_id, building_id, max_supply, current_output, level) VALUES (10, 2774, 4.14225, 150, 4.14225);
INSERT INTO supply(goods_id, building_id, max_supply, current_output, level) VALUES (12, 2774, 4.14225, 150, 4.14225);
INSERT INTO supply(goods_id, building_id, max_supply, current_output, level) VALUES (13, 2774, 4.14225, 150, 4.14225);
INSERT INTO supply(goods_id, building_id, max_supply, current_output, level) VALUES (15, 2774, 4.14225, 150, 4.14225);
INSERT INTO supply(goods_id, building_id, max_supply, current_output, level) VALUES (38, 2774, 4.14225, 150, 4.14225);
INSERT INTO building(id, name, level) VALUES (2775, "building_subsistence_farms", 150);
INSERT INTO supply(goods_id, building_id, max_supply, current_output, level) VALUES (7, 2775, 40.296, 150, 40.296);
INSERT INTO supply(goods_id, building_id, max_supply, current_output, level) VALUES (9, 2775, 10.074, 150, 10.074);
INSERT INTO supply(goods_id, building_id, max_supply, current_output, level) VALUES (10, 2775, 10.074, 150, 10.074);
INSERT INTO supply(goods_id, building_id, max_supply, current_output, level) VALUES (12, 2775, 10.074, 150, 10.074);
INSERT INTO supply(goods_id, building_id, max_supply, current_output, level) VALUES (13, 2775, 10.074, 150, 10.074);
INSERT INTO supply(goods_id, building_id, max_supply, current_output, level) VALUES (15, 2775, 10.074, 150, 10.074);
INSERT INTO supply(goods_id, building_id, max_supply, current_output, level) VALUES (38, 2775, 10.074, 150, 10.074);
INSERT INTO building(id, name, level) VALUES (2776, "building_urban_center", 1);
INSERT INTO demand(goods_id, building_id, max_demand, current_input, level) VALUES (10, 2776, 1.0, 1, 0.2487711645967792);
INSERT INTO demand(goods_id, building_id, max_demand, current_input, level) VALUES (23, 2776, 1.0, 1, 0.10607502649864753);
INSERT INTO demand(goods_id, building_id, max_demand, current_input, level) VALUES (31, 2776, 1.0, 1, 0.577734541641409);
INSERT INTO supply(goods_id, building_id, max_supply, current_output, level) VALUES (15, 2776, 22.0, 1, 6.8389253734034625);
INSERT INTO supply(goods_id, building_id, max_supply, current_output, level) VALUES (16, 2776, 5.0, 1, 1.5543012212280596);
INSERT INTO building(id, name, level) VALUES (2777, "building_subsistence_farms", 99);
INSERT INTO supply(goods_id, building_id, max_supply, current_output, level) VALUES (7, 2777, 14.69754, 99, 14.69754);
INSERT INTO supply(goods_id, building_id, max_supply, current_output, level) VALUES (9, 2777, 3.67438, 99, 3.67438);
INSERT INTO supply(goods_id, building_id, max_supply, current_output, level) VALUES (10, 2777, 3.67438, 99, 3.67438);
INSERT INTO supply(goods_id, building_id, max_supply, current_output, level) VALUES (12, 2777, 3.67438, 99, 3.67438);
INSERT INTO supply(goods_id, building_id, max_supply, current_output, level) VALUES (13, 2777, 3.67438, 99, 3.67438);
INSERT INTO supply(goods_id, building_id, max_supply, current_output, level) VALUES (15, 2777, 3.67438, 99, 3.67438);
INSERT INTO supply(goods_id, building_id, max_supply, current_output, level) VALUES (38, 2777, 3.67438, 99, 3.67438);
INSERT INTO building(id, name, level) VALUES (2778, "building_subsistence_farms", 162);
INSERT INTO supply(goods_id, building_id, max_supply, current_output, level) VALUES (7, 2778, 45.5058, 162, 45.5058);
INSERT INTO supply(goods_id, building_id, max_supply, current_output, level) VALUES (9, 2778, 11.37645, 162, 11.37645);
INSERT INTO supply(goods_id, building_id, max_supply, current_output, level) VALUES (10, 2778, 11.37645, 162, 11.37645);
INSERT INTO supply(goods_id, building_id, max_supply, current_output, level) VALUES (12, 2778, 11.37645, 162, 11.37645);
INSERT INTO supply(goods_id, building_id, max_supply, current_output, level) VALUES (13, 2778, 11.37645, 162, 11.37645);
INSERT INTO supply(goods_id, building_id, max_supply, current_output, level) VALUES (15, 2778, 11.37645, 162, 11.37645);
INSERT INTO supply(goods_id, building_id, max_supply, current_output, level) VALUES (38, 2778, 11.37645, 162, 11.37645);
INSERT INTO building(id, name, level) VALUES (2779, "building_urban_center", 1);
INSERT INTO demand(goods_id, building_id, max_demand, current_input, level) VALUES (10, 2779, 1.0, 1, 0.2487711645967792);
INSERT INTO demand(goods_id, building_id, max_demand, current_input, level) VALUES (23, 2779, 1.0, 1, 0.10607502649864753);
INSERT INTO demand(goods_id, building_id, max_demand, current_input, level) VALUES (31, 2779, 1.0, 1, 0.577734541641409);
INSERT INTO supply(goods_id, building_id, max_supply, current_output, level) VALUES (15, 2779, 22.0, 1, 6.8389253734034625);
INSERT INTO supply(goods_id, building_id, max_supply, current_output, level) VALUES (16, 2779, 5.0, 1, 1.5543012212280596);
INSERT INTO building(id, name, level) VALUES (2780, "building_subsistence_farms", 1);
INSERT INTO supply(goods_id, building_id, max_supply, current_output, level) VALUES (7, 2780, 2.0, 1, 2.0);
INSERT INTO supply(goods_id, building_id, max_supply, current_output, level) VALUES (9, 2780, 0.5, 1, 0.5);
INSERT INTO supply(goods_id, building_id, max_supply, current_output, level) VALUES (10, 2780, 0.5, 1, 0.5);
INSERT INTO supply(goods_id, building_id, max_supply, current_output, level) VALUES (12, 2780, 0.5, 1, 0.5);
INSERT INTO supply(goods_id, building_id, max_supply, current_output, level) VALUES (13, 2780, 0.5, 1, 0.5);
INSERT INTO supply(goods_id, building_id, max_supply, current_output, level) VALUES (15, 2780, 0.5, 1, 0.5);
INSERT INTO supply(goods_id, building_id, max_supply, current_output, level) VALUES (38, 2780, 0.5, 1, 0.5);
INSERT INTO building(id, name, level) VALUES (2782, "building_subsistence_farms", 50);
INSERT INTO supply(goods_id, building_id, max_supply, current_output, level) VALUES (7, 2782, 15.69, 50, 15.69);
INSERT INTO supply(goods_id, building_id, max_supply, current_output, level) VALUES (9, 2782, 3.9225, 50, 3.9225);
INSERT INTO supply(goods_id, building_id, max_supply, current_output, level) VALUES (10, 2782, 3.9225, 50, 3.9225);
INSERT INTO supply(goods_id, building_id, max_supply, current_output, level) VALUES (12, 2782, 3.9225, 50, 3.9225);
INSERT INTO supply(goods_id, building_id, max_supply, current_output, level) VALUES (13, 2782, 3.9225, 50, 3.9225);
INSERT INTO supply(goods_id, building_id, max_supply, current_output, level) VALUES (15, 2782, 3.9225, 50, 3.9225);
INSERT INTO supply(goods_id, building_id, max_supply, current_output, level) VALUES (38, 2782, 3.9225, 50, 3.9225);
INSERT INTO building(id, name, level) VALUES (2783, "building_subsistence_farms", 21);
INSERT INTO supply(goods_id, building_id, max_supply, current_output, level) VALUES (7, 2783, 16.63326, 21, 16.63326);
INSERT INTO supply(goods_id, building_id, max_supply, current_output, level) VALUES (9, 2783, 4.15831, 21, 4.15831);
INSERT INTO supply(goods_id, building_id, max_supply, current_output, level) VALUES (10, 2783, 4.15831, 21, 4.15831);
INSERT INTO supply(goods_id, building_id, max_supply, current_output, level) VALUES (12, 2783, 4.15831, 21, 4.15831);
INSERT INTO supply(goods_id, building_id, max_supply, current_output, level) VALUES (13, 2783, 4.15831, 21, 4.15831);
INSERT INTO supply(goods_id, building_id, max_supply, current_output, level) VALUES (15, 2783, 4.15831, 21, 4.15831);
INSERT INTO supply(goods_id, building_id, max_supply, current_output, level) VALUES (38, 2783, 4.15831, 21, 4.15831);
INSERT INTO building(id, name, level) VALUES (2784, "building_subsistence_farms", 14);
INSERT INTO supply(goods_id, building_id, max_supply, current_output, level) VALUES (7, 2784, 5.94552, 14, 5.94552);
INSERT INTO supply(goods_id, building_id, max_supply, current_output, level) VALUES (9, 2784, 1.48638, 14, 1.48638);
INSERT INTO supply(goods_id, building_id, max_supply, current_output, level) VALUES (10, 2784, 1.48638, 14, 1.48638);
INSERT INTO supply(goods_id, building_id, max_supply, current_output, level) VALUES (12, 2784, 1.48638, 14, 1.48638);
INSERT INTO supply(goods_id, building_id, max_supply, current_output, level) VALUES (13, 2784, 1.48638, 14, 1.48638);
INSERT INTO supply(goods_id, building_id, max_supply, current_output, level) VALUES (15, 2784, 1.48638, 14, 1.48638);
INSERT INTO supply(goods_id, building_id, max_supply, current_output, level) VALUES (38, 2784, 1.48638, 14, 1.48638);
INSERT INTO building(id, name, level) VALUES (2785, "building_subsistence_farms", 172);
INSERT INTO supply(goods_id, building_id, max_supply, current_output, level) VALUES (7, 2785, 75.56648, 172, 75.56648);
INSERT INTO supply(goods_id, building_id, max_supply, current_output, level) VALUES (9, 2785, 18.89162, 172, 18.89162);
INSERT INTO supply(goods_id, building_id, max_supply, current_output, level) VALUES (10, 2785, 18.89162, 172, 18.89162);
INSERT INTO supply(goods_id, building_id, max_supply, current_output, level) VALUES (12, 2785, 18.89162, 172, 18.89162);
INSERT INTO supply(goods_id, building_id, max_supply, current_output, level) VALUES (13, 2785, 18.89162, 172, 18.89162);
INSERT INTO supply(goods_id, building_id, max_supply, current_output, level) VALUES (15, 2785, 18.89162, 172, 18.89162);
INSERT INTO supply(goods_id, building_id, max_supply, current_output, level) VALUES (38, 2785, 18.89162, 172, 18.89162);
INSERT INTO building(id, name, level) VALUES (2786, "building_urban_center", 4);
INSERT INTO demand(goods_id, building_id, max_demand, current_input, level) VALUES (10, 2786, 4.0, 4, 0.9950846583871168);
INSERT INTO demand(goods_id, building_id, max_demand, current_input, level) VALUES (23, 2786, 4.0, 4, 0.4243001059945901);
INSERT INTO demand(goods_id, building_id, max_demand, current_input, level) VALUES (29, 2786, 4.0, 4, 0.3201593647589746);
INSERT INTO demand(goods_id, building_id, max_demand, current_input, level) VALUES (31, 2786, 4.0, 4, 2.310938166565636);
INSERT INTO supply(goods_id, building_id, max_supply, current_output, level) VALUES (15, 2786, 88.0, 4, 22.277652626384747);
INSERT INTO supply(goods_id, building_id, max_supply, current_output, level) VALUES (16, 2786, 32.0, 4, 8.100964591412636);
INSERT INTO building(id, name, level) VALUES (2787, "building_subsistence_farms", 39);
INSERT INTO supply(goods_id, building_id, max_supply, current_output, level) VALUES (7, 2787, 15.86286, 39, 15.86286);
INSERT INTO supply(goods_id, building_id, max_supply, current_output, level) VALUES (9, 2787, 3.96571, 39, 3.96571);
INSERT INTO supply(goods_id, building_id, max_supply, current_output, level) VALUES (10, 2787, 3.96571, 39, 3.96571);
INSERT INTO supply(goods_id, building_id, max_supply, current_output, level) VALUES (12, 2787, 3.96571, 39, 3.96571);
INSERT INTO supply(goods_id, building_id, max_supply, current_output, level) VALUES (13, 2787, 3.96571, 39, 3.96571);
INSERT INTO supply(goods_id, building_id, max_supply, current_output, level) VALUES (15, 2787, 3.96571, 39, 3.96571);
INSERT INTO supply(goods_id, building_id, max_supply, current_output, level) VALUES (38, 2787, 3.96571, 39, 3.96571);
INSERT INTO building(id, name, level) VALUES (2788, "building_urban_center", 1);
INSERT INTO demand(goods_id, building_id, max_demand, current_input, level) VALUES (10, 2788, 1.0, 1, 0.2487711645967792);
INSERT INTO demand(goods_id, building_id, max_demand, current_input, level) VALUES (23, 2788, 1.0, 1, 0.10607502649864753);
INSERT INTO demand(goods_id, building_id, max_demand, current_input, level) VALUES (29, 2788, 1.0, 1, 0.08003984118974365);
INSERT INTO demand(goods_id, building_id, max_demand, current_input, level) VALUES (31, 2788, 1.0, 1, 0.577734541641409);
INSERT INTO supply(goods_id, building_id, max_supply, current_output, level) VALUES (15, 2788, 22.0, 1, 5.569413156596187);
INSERT INTO supply(goods_id, building_id, max_supply, current_output, level) VALUES (16, 2788, 8.0, 1, 2.025241147853159);
INSERT INTO building(id, name, level) VALUES (2789, "building_subsistence_farms", 268);
INSERT INTO supply(goods_id, building_id, max_supply, current_output, level) VALUES (7, 2789, 43.16944, 268, 43.16944);
INSERT INTO supply(goods_id, building_id, max_supply, current_output, level) VALUES (9, 2789, 10.79236, 268, 10.79236);
INSERT INTO supply(goods_id, building_id, max_supply, current_output, level) VALUES (10, 2789, 10.79236, 268, 10.79236);
INSERT INTO supply(goods_id, building_id, max_supply, current_output, level) VALUES (12, 2789, 10.79236, 268, 10.79236);
INSERT INTO supply(goods_id, building_id, max_supply, current_output, level) VALUES (13, 2789, 10.79236, 268, 10.79236);
INSERT INTO supply(goods_id, building_id, max_supply, current_output, level) VALUES (15, 2789, 10.79236, 268, 10.79236);
INSERT INTO supply(goods_id, building_id, max_supply, current_output, level) VALUES (38, 2789, 10.79236, 268, 10.79236);
INSERT INTO building(id, name, level) VALUES (2790, "building_subsistence_fishing_villages", 15);
INSERT INTO supply(goods_id, building_id, max_supply, current_output, level) VALUES (7, 2790, 2.45085, 15, 2.45085);
INSERT INTO supply(goods_id, building_id, max_supply, current_output, level) VALUES (8, 2790, 9.8034, 15, 9.8034);
INSERT INTO supply(goods_id, building_id, max_supply, current_output, level) VALUES (9, 2790, 1.22542, 15, 1.22542);
INSERT INTO supply(goods_id, building_id, max_supply, current_output, level) VALUES (10, 2790, 3.67627, 15, 3.67627);
INSERT INTO supply(goods_id, building_id, max_supply, current_output, level) VALUES (12, 2790, 2.45085, 15, 2.45085);
INSERT INTO supply(goods_id, building_id, max_supply, current_output, level) VALUES (13, 2790, 2.45085, 15, 2.45085);
INSERT INTO supply(goods_id, building_id, max_supply, current_output, level) VALUES (15, 2790, 2.45085, 15, 2.45085);
INSERT INTO supply(goods_id, building_id, max_supply, current_output, level) VALUES (38, 2790, 2.45085, 15, 2.45085);
INSERT INTO building(id, name, level) VALUES (2791, "building_subsistence_fishing_villages", 10);
INSERT INTO supply(goods_id, building_id, max_supply, current_output, level) VALUES (7, 2791, 1.6042, 10, 1.6042);
INSERT INTO supply(goods_id, building_id, max_supply, current_output, level) VALUES (8, 2791, 6.4168, 10, 6.4168);
INSERT INTO supply(goods_id, building_id, max_supply, current_output, level) VALUES (9, 2791, 0.8021, 10, 0.8021);
INSERT INTO supply(goods_id, building_id, max_supply, current_output, level) VALUES (10, 2791, 2.4063, 10, 2.4063);
INSERT INTO supply(goods_id, building_id, max_supply, current_output, level) VALUES (12, 2791, 1.6042, 10, 1.6042);
INSERT INTO supply(goods_id, building_id, max_supply, current_output, level) VALUES (13, 2791, 1.6042, 10, 1.6042);
INSERT INTO supply(goods_id, building_id, max_supply, current_output, level) VALUES (15, 2791, 1.6042, 10, 1.6042);
INSERT INTO supply(goods_id, building_id, max_supply, current_output, level) VALUES (38, 2791, 1.6042, 10, 1.6042);
INSERT INTO building(id, name, level) VALUES (2792, "building_subsistence_fishing_villages", 18);
INSERT INTO supply(goods_id, building_id, max_supply, current_output, level) VALUES (7, 2792, 8.6859, 18, 8.6859);
INSERT INTO supply(goods_id, building_id, max_supply, current_output, level) VALUES (8, 2792, 34.7436, 18, 34.7436);
INSERT INTO supply(goods_id, building_id, max_supply, current_output, level) VALUES (9, 2792, 4.34295, 18, 4.34295);
INSERT INTO supply(goods_id, building_id, max_supply, current_output, level) VALUES (10, 2792, 13.02885, 18, 13.02885);
INSERT INTO supply(goods_id, building_id, max_supply, current_output, level) VALUES (12, 2792, 8.6859, 18, 8.6859);
INSERT INTO supply(goods_id, building_id, max_supply, current_output, level) VALUES (13, 2792, 8.6859, 18, 8.6859);
INSERT INTO supply(goods_id, building_id, max_supply, current_output, level) VALUES (15, 2792, 8.6859, 18, 8.6859);
INSERT INTO supply(goods_id, building_id, max_supply, current_output, level) VALUES (38, 2792, 8.6859, 18, 8.6859);
INSERT INTO building(id, name, level) VALUES (2793, "building_urban_center", 2);
INSERT INTO demand(goods_id, building_id, max_demand, current_input, level) VALUES (10, 2793, 1.9201782178217823, 2, 0.4776849714808928);
INSERT INTO demand(goods_id, building_id, max_demand, current_input, level) VALUES (23, 2793, 1.9201782178217823, 2, 0.20368295533757133);
INSERT INTO demand(goods_id, building_id, max_demand, current_input, level) VALUES (29, 2793, 1.9201782178217823, 2, 0.15369075961046047);
INSERT INTO demand(goods_id, building_id, max_demand, current_input, level) VALUES (31, 2793, 1.9201782178217823, 2, 1.109353282543085);
INSERT INTO supply(goods_id, building_id, max_supply, current_output, level) VALUES (15, 2793, 42.2439504950495, 2, 10.694273348805757);
INSERT INTO supply(goods_id, building_id, max_supply, current_output, level) VALUES (16, 2793, 15.361435643564358, 2, 3.888826444430588);
INSERT INTO building(id, name, level) VALUES (2794, "building_subsistence_farms", 23);
INSERT INTO supply(goods_id, building_id, max_supply, current_output, level) VALUES (7, 2794, 20.3205, 23, 20.3205);
INSERT INTO supply(goods_id, building_id, max_supply, current_output, level) VALUES (9, 2794, 5.08012, 23, 5.08012);
INSERT INTO supply(goods_id, building_id, max_supply, current_output, level) VALUES (10, 2794, 5.08012, 23, 5.08012);
INSERT INTO supply(goods_id, building_id, max_supply, current_output, level) VALUES (12, 2794, 5.08012, 23, 5.08012);
INSERT INTO supply(goods_id, building_id, max_supply, current_output, level) VALUES (13, 2794, 5.08012, 23, 5.08012);
INSERT INTO supply(goods_id, building_id, max_supply, current_output, level) VALUES (15, 2794, 5.08012, 23, 5.08012);
INSERT INTO supply(goods_id, building_id, max_supply, current_output, level) VALUES (38, 2794, 5.08012, 23, 5.08012);
INSERT INTO building(id, name, level) VALUES (2795, "building_subsistence_farms", 14);
INSERT INTO supply(goods_id, building_id, max_supply, current_output, level) VALUES (7, 2795, 20.6262, 14, 20.6262);
INSERT INTO supply(goods_id, building_id, max_supply, current_output, level) VALUES (9, 2795, 5.15655, 14, 5.15655);
INSERT INTO supply(goods_id, building_id, max_supply, current_output, level) VALUES (10, 2795, 5.15655, 14, 5.15655);
INSERT INTO supply(goods_id, building_id, max_supply, current_output, level) VALUES (12, 2795, 5.15655, 14, 5.15655);
INSERT INTO supply(goods_id, building_id, max_supply, current_output, level) VALUES (13, 2795, 5.15655, 14, 5.15655);
INSERT INTO supply(goods_id, building_id, max_supply, current_output, level) VALUES (15, 2795, 5.15655, 14, 5.15655);
INSERT INTO supply(goods_id, building_id, max_supply, current_output, level) VALUES (38, 2795, 5.15655, 14, 5.15655);
INSERT INTO building(id, name, level) VALUES (2796, "building_subsistence_fishing_villages", 20);
INSERT INTO supply(goods_id, building_id, max_supply, current_output, level) VALUES (7, 2796, 2.7658, 20, 2.7658);
INSERT INTO supply(goods_id, building_id, max_supply, current_output, level) VALUES (8, 2796, 11.0632, 20, 11.0632);
INSERT INTO supply(goods_id, building_id, max_supply, current_output, level) VALUES (9, 2796, 1.3829, 20, 1.3829);
INSERT INTO supply(goods_id, building_id, max_supply, current_output, level) VALUES (10, 2796, 4.1487, 20, 4.1487);
INSERT INTO supply(goods_id, building_id, max_supply, current_output, level) VALUES (12, 2796, 2.7658, 20, 2.7658);
INSERT INTO supply(goods_id, building_id, max_supply, current_output, level) VALUES (13, 2796, 2.7658, 20, 2.7658);
INSERT INTO supply(goods_id, building_id, max_supply, current_output, level) VALUES (15, 2796, 2.7658, 20, 2.7658);
INSERT INTO supply(goods_id, building_id, max_supply, current_output, level) VALUES (38, 2796, 2.7658, 20, 2.7658);
INSERT INTO building(id, name, level) VALUES (2797, "building_urban_center", 2);
INSERT INTO demand(goods_id, building_id, max_demand, current_input, level) VALUES (10, 2797, 1.1552376237623763, 2, 0.28738980904938216);
INSERT INTO demand(goods_id, building_id, max_demand, current_input, level) VALUES (23, 2797, 1.1552376237623763, 2, 0.12254186155282867);
INSERT INTO demand(goods_id, building_id, max_demand, current_input, level) VALUES (29, 2797, 1.1552376237623763, 2, 0.09246503594235743);
INSERT INTO demand(goods_id, building_id, max_demand, current_input, level) VALUES (31, 2797, 1.1552376237623763, 2, 0.667420679051267);
INSERT INTO supply(goods_id, building_id, max_supply, current_output, level) VALUES (15, 2797, 25.415277227722772, 2, 6.434008153209939);
INSERT INTO supply(goods_id, building_id, max_supply, current_output, level) VALUES (16, 2797, 9.241910891089109, 2, 2.3396372776782397);
INSERT INTO building(id, name, level) VALUES (2798, "building_subsistence_farms", 165);
INSERT INTO supply(goods_id, building_id, max_supply, current_output, level) VALUES (7, 2798, 53.4402, 165, 53.4402);
INSERT INTO supply(goods_id, building_id, max_supply, current_output, level) VALUES (9, 2798, 13.36005, 165, 13.36005);
INSERT INTO supply(goods_id, building_id, max_supply, current_output, level) VALUES (10, 2798, 13.36005, 165, 13.36005);
INSERT INTO supply(goods_id, building_id, max_supply, current_output, level) VALUES (12, 2798, 13.36005, 165, 13.36005);
INSERT INTO supply(goods_id, building_id, max_supply, current_output, level) VALUES (13, 2798, 13.36005, 165, 13.36005);
INSERT INTO supply(goods_id, building_id, max_supply, current_output, level) VALUES (15, 2798, 13.36005, 165, 13.36005);
INSERT INTO supply(goods_id, building_id, max_supply, current_output, level) VALUES (38, 2798, 13.36005, 165, 13.36005);
INSERT INTO building(id, name, level) VALUES (2799, "building_urban_center", 1);
INSERT INTO demand(goods_id, building_id, max_demand, current_input, level) VALUES (10, 2799, 1.0, 1, 0.2487711645967792);
INSERT INTO demand(goods_id, building_id, max_demand, current_input, level) VALUES (23, 2799, 1.0, 1, 0.10607502649864753);
INSERT INTO demand(goods_id, building_id, max_demand, current_input, level) VALUES (31, 2799, 1.0, 1, 0.577734541641409);
INSERT INTO supply(goods_id, building_id, max_supply, current_output, level) VALUES (15, 2799, 22.0, 1, 6.8389253734034625);
INSERT INTO supply(goods_id, building_id, max_supply, current_output, level) VALUES (16, 2799, 5.0, 1, 1.5543012212280596);
INSERT INTO building(id, name, level) VALUES (16780735, "building_barracks", 5);
INSERT INTO demand(goods_id, building_id, max_demand, current_input, level) VALUES (0, 16780735, 0.4006, 5, 0.17578878544853715);
INSERT INTO demand(goods_id, building_id, max_demand, current_input, level) VALUES (1, 16780735, 0.8012, 5, 0.10626586259966657);
INSERT INTO demand(goods_id, building_id, max_demand, current_input, level) VALUES (2, 16780735, 1.6024, 5, 0.04839694022687544);
INSERT INTO building(id, name, level) VALUES (3758, "building_subsistence_farms", 78);
INSERT INTO supply(goods_id, building_id, max_supply, current_output, level) VALUES (7, 3758, 38.01876, 78, 38.01876);
INSERT INTO supply(goods_id, building_id, max_supply, current_output, level) VALUES (9, 3758, 9.50469, 78, 9.50469);
INSERT INTO supply(goods_id, building_id, max_supply, current_output, level) VALUES (10, 3758, 9.50469, 78, 9.50469);
INSERT INTO supply(goods_id, building_id, max_supply, current_output, level) VALUES (12, 3758, 9.50469, 78, 9.50469);
INSERT INTO supply(goods_id, building_id, max_supply, current_output, level) VALUES (13, 3758, 9.50469, 78, 9.50469);
INSERT INTO supply(goods_id, building_id, max_supply, current_output, level) VALUES (15, 3758, 9.50469, 78, 9.50469);
INSERT INTO supply(goods_id, building_id, max_supply, current_output, level) VALUES (38, 3758, 9.50469, 78, 9.50469);
INSERT INTO building(id, name, level) VALUES (3759, "building_urban_center", 1);
INSERT INTO demand(goods_id, building_id, max_demand, current_input, level) VALUES (10, 3759, 0.56247, 1, 0.13992631695075042);
INSERT INTO demand(goods_id, building_id, max_demand, current_input, level) VALUES (23, 3759, 0.56247, 1, 0.059664020154694276);
INSERT INTO demand(goods_id, building_id, max_demand, current_input, level) VALUES (31, 3759, 0.56247, 1, 0.32495834763704334);
INSERT INTO supply(goods_id, building_id, max_supply, current_output, level) VALUES (15, 3759, 12.37434, 1, 3.8466903547782456);
INSERT INTO supply(goods_id, building_id, max_supply, current_output, level) VALUES (16, 3759, 2.81235, 1, 0.8742478079041467);
INSERT INTO building(id, name, level) VALUES (3990, "building_barracks", 3);
INSERT INTO demand(goods_id, building_id, max_demand, current_input, level) VALUES (0, 3990, 2.42796, 3, 1.0654222154708695);
INSERT INTO demand(goods_id, building_id, max_demand, current_input, level) VALUES (1, 3990, 4.85595, 3, 0.644061052784387);
INSERT INTO building(id, name, level) VALUES (3991, "building_barracks", 2);
INSERT INTO demand(goods_id, building_id, max_demand, current_input, level) VALUES (0, 3991, 0.052, 2, 0.022818314636355294);
INSERT INTO demand(goods_id, building_id, max_demand, current_input, level) VALUES (1, 3991, 0.104, 2, 0.013793871330960212);
INSERT INTO building(id, name, level) VALUES (3992, "building_barracks", 2);
INSERT INTO demand(goods_id, building_id, max_demand, current_input, level) VALUES (0, 3992, 0.143, 2, 0.06275036524997706);
INSERT INTO demand(goods_id, building_id, max_demand, current_input, level) VALUES (1, 3992, 0.286, 2, 0.03793314616014058);
INSERT INTO building(id, name, level) VALUES (3993, "building_barracks", 2);
INSERT INTO demand(goods_id, building_id, max_demand, current_input, level) VALUES (0, 3993, 2.0, 2, 0.8776274860136651);
INSERT INTO demand(goods_id, building_id, max_demand, current_input, level) VALUES (1, 3993, 4.0, 2, 0.530533512729239);
INSERT INTO building(id, name, level) VALUES (3994, "building_barracks", 1);
INSERT INTO demand(goods_id, building_id, max_demand, current_input, level) VALUES (0, 3994, 0.965, 1, 0.42345526200159345);
INSERT INTO demand(goods_id, building_id, max_demand, current_input, level) VALUES (1, 3994, 1.93, 1, 0.25598241989185777);
INSERT INTO building(id, name, level) VALUES (3995, "building_barracks", 2);
INSERT INTO demand(goods_id, building_id, max_demand, current_input, level) VALUES (0, 3995, 1.0, 2, 0.43881374300683257);
INSERT INTO demand(goods_id, building_id, max_demand, current_input, level) VALUES (1, 3995, 2.0, 2, 0.2652667563646195);
INSERT INTO demand(goods_id, building_id, max_demand, current_input, level) VALUES (2, 3995, 2.0, 2, 0.06040556693319451);
INSERT INTO building(id, name, level) VALUES (3996, "building_barracks", 1);
INSERT INTO demand(goods_id, building_id, max_demand, current_input, level) VALUES (0, 3996, 1.0, 1, 0.43881374300683257);
INSERT INTO demand(goods_id, building_id, max_demand, current_input, level) VALUES (1, 3996, 2.0, 1, 0.2652667563646195);
INSERT INTO building(id, name, level) VALUES (3997, "building_barracks", 2);
INSERT INTO demand(goods_id, building_id, max_demand, current_input, level) VALUES (0, 3997, 0.671, 2, 0.2944440215575847);
INSERT INTO demand(goods_id, building_id, max_demand, current_input, level) VALUES (1, 3997, 1.342, 2, 0.1779939935206597);
INSERT INTO demand(goods_id, building_id, max_demand, current_input, level) VALUES (2, 3997, 1.342, 2, 0.040532135412173514);
INSERT INTO building(id, name, level) VALUES (3998, "building_barracks", 3);
INSERT INTO demand(goods_id, building_id, max_demand, current_input, level) VALUES (0, 3998, 0.99999, 3, 0.43880935486940253);
INSERT INTO demand(goods_id, building_id, max_demand, current_input, level) VALUES (1, 3998, 1.99998, 3, 0.2652641036970559);
INSERT INTO demand(goods_id, building_id, max_demand, current_input, level) VALUES (2, 3998, 3.99999, 3, 0.12081083183855434);
INSERT INTO building(id, name, level) VALUES (3999, "building_barracks", 1);
INSERT INTO demand(goods_id, building_id, max_demand, current_input, level) VALUES (0, 3999, 0.969, 1, 0.4252105169736207);
INSERT INTO demand(goods_id, building_id, max_demand, current_input, level) VALUES (1, 3999, 1.938, 1, 0.25704348691731627);
INSERT INTO building(id, name, level) VALUES (4000, "building_barracks", 3);
INSERT INTO demand(goods_id, building_id, max_demand, current_input, level) VALUES (1, 4000, 1.29598, 3, 0.17189020545670974);
INSERT INTO demand(goods_id, building_id, max_demand, current_input, level) VALUES (2, 4000, 1.29598, 3, 0.03914220331704071);
INSERT INTO demand(goods_id, building_id, max_demand, current_input, level) VALUES (7, 4000, 1.29598, 3, 0.4155374013370842);
INSERT INTO demand(goods_id, building_id, max_demand, current_input, level) VALUES (24, 4000, 1.29598, 3, 0.07775535819723373);
INSERT INTO building(id, name, level) VALUES (4001, "building_naval_base", 5);
INSERT INTO demand(goods_id, building_id, max_demand, current_input, level) VALUES (5, 4001, 9.0, 5, 1.9713925567876376);
INSERT INTO building(id, name, level) VALUES (4002, "building_naval_base", 6);
INSERT INTO demand(goods_id, building_id, max_demand, current_input, level) VALUES (5, 4002, 9.99996, 6, 2.1904274124637895);
INSERT INTO building(id, name, level) VALUES (4003, "building_naval_base", 3);
INSERT INTO demand(goods_id, building_id, max_demand, current_input, level) VALUES (5, 4003, 2.63898, 3, 0.5780517255012712);
INSERT INTO building(id, name, level) VALUES (4004, "building_naval_base", 1);
INSERT INTO demand(goods_id, building_id, max_demand, current_input, level) VALUES (5, 4004, 0.896, 1, 0.19626308120908037);
INSERT INTO building(id, name, level) VALUES (4005, "building_naval_base", 9);
INSERT INTO demand(goods_id, building_id, max_demand, current_input, level) VALUES (5, 4005, 14.99994, 9, 3.2856411186956844);
INSERT INTO building(id, name, level) VALUES (16781347, "building_conscription_center", 20);
INSERT INTO building(id, name, level) VALUES (4133, "building_trade_center", 32);
INSERT INTO building(id, name, level) VALUES (4134, "building_trade_center", 65);
INSERT INTO building(id, name, level) VALUES (4135, "building_trade_center", 6);
INSERT INTO building(id, name, level) VALUES (16781442, "building_conscription_center", 12);
INSERT INTO building(id, name, level) VALUES (4239, "building_shipyards", 1);
INSERT INTO demand(goods_id, building_id, max_demand, current_input, level) VALUES (9, 4239, 19.9608, 1, 75.31814290097378);
INSERT INTO demand(goods_id, building_id, max_demand, current_input, level) VALUES (10, 4239, 39.9216, 1, 9.931342924566781);
INSERT INTO demand(goods_id, building_id, max_demand, current_input, level) VALUES (26, 4239, 19.9608, 1, 1.2840642259905055);
INSERT INTO demand(goods_id, building_id, max_demand, current_input, level) VALUES (29, 4239, 4.990195744680851, 1, 0.3994144749099899);
INSERT INTO supply(goods_id, building_id, max_supply, current_output, level) VALUES (18, 4239, 69.8628, 1, 24.332170581507363);
INSERT INTO building(id, name, level) VALUES (4492, "building_conscription_center", 8);
INSERT INTO building(id, name, level) VALUES (4601, "building_artillery_foundries", 1);
INSERT INTO demand(goods_id, building_id, max_demand, current_input, level) VALUES (24, 4601, 3.5535, 1, 0.2132005627817328);
INSERT INTO demand(goods_id, building_id, max_demand, current_input, level) VALUES (26, 4601, 2.369, 1, 0.15239610393228267);
INSERT INTO supply(goods_id, building_id, max_supply, current_output, level) VALUES (2, 4601, 5.9225, 1, 0.3681622655667973);
INSERT INTO building(id, name, level) VALUES (4676, "building_conscription_center", 16);
INSERT INTO building(id, name, level) VALUES (4831, "building_motor_industry", 1);
INSERT INTO demand(goods_id, building_id, max_demand, current_input, level) VALUES (30, 4831, 0.34559999999999996, 1, 0.02674317580743341);
INSERT INTO supply(goods_id, building_id, max_supply, current_output, level) VALUES (29, 4831, 0.4608, 1, 0.03565756774324455);
INSERT INTO building(id, name, level) VALUES (4928, "building_barracks", 1);
INSERT INTO demand(goods_id, building_id, max_demand, current_input, level) VALUES (0, 4928, 0.135, 1, 0.059239855305922406);
INSERT INTO demand(goods_id, building_id, max_demand, current_input, level) VALUES (1, 4928, 0.27, 1, 0.035811012109223626);
INSERT INTO building(id, name, level) VALUES (4935, "building_construction_sector", 2);
INSERT INTO demand(goods_id, building_id, max_demand, current_input, level) VALUES (9, 4935, 39.9996, 2, 150.9306034217963);
INSERT INTO demand(goods_id, building_id, max_demand, current_input, level) VALUES (10, 4935, 79.9992, 2, 19.90149415081066);
INSERT INTO demand(goods_id, building_id, max_demand, current_input, level) VALUES (24, 4935, 99.999, 2, 5.999674427356267);
INSERT INTO demand(goods_id, building_id, max_demand, current_input, level) VALUES (33, 4935, 19.9998, 2, 2.4835774195281988);
INSERT INTO building(id, name, level) VALUES (4961, "building_construction_sector", 1);
INSERT INTO demand(goods_id, building_id, max_demand, current_input, level) VALUES (9, 4961, 17.35582, 1, 65.48876452464727);
INSERT INTO demand(goods_id, building_id, max_demand, current_input, level) VALUES (10, 4961, 34.71165, 1, 8.63525759557579);
INSERT INTO demand(goods_id, building_id, max_demand, current_input, level) VALUES (24, 4961, 43.38956, 1, 2.603258368046085);
INSERT INTO demand(goods_id, building_id, max_demand, current_input, level) VALUES (33, 4961, 8.67791, 1, 1.0776238424733224);
INSERT INTO building(id, name, level) VALUES (4963, "building_conscription_center", 9);
INSERT INTO building(id, name, level) VALUES (4974, "building_conscription_center", 6);
INSERT INTO building(id, name, level) VALUES (5011, "building_conscription_center", 7);
INSERT INTO building(id, name, level) VALUES (5038, "building_conscription_center", 11);
INSERT INTO building(id, name, level) VALUES (5041, "building_conscription_center", 16);
INSERT INTO building(id, name, level) VALUES (5042, "building_conscription_center", 8);
INSERT INTO building(id, name, level) VALUES (5049, "building_construction_sector", 1);
INSERT INTO demand(goods_id, building_id, max_demand, current_input, level) VALUES (9, 5049, 19.9998, 1, 75.46530171089815);
INSERT INTO demand(goods_id, building_id, max_demand, current_input, level) VALUES (10, 5049, 39.9996, 1, 9.95074707540533);
INSERT INTO demand(goods_id, building_id, max_demand, current_input, level) VALUES (24, 5049, 49.9995, 1, 2.9998372136781337);
INSERT INTO demand(goods_id, building_id, max_demand, current_input, level) VALUES (33, 5049, 9.9999, 1, 1.2417887097640994);
INSERT INTO building(id, name, level) VALUES (16782305, "building_trade_center", 5);
INSERT INTO building(id, name, level) VALUES (5133, "building_construction_sector", 1);
INSERT INTO demand(goods_id, building_id, max_demand, current_input, level) VALUES (9, 5133, 19.9998, 1, 75.46530171089815);
INSERT INTO demand(goods_id, building_id, max_demand, current_input, level) VALUES (10, 5133, 39.9996, 1, 9.95074707540533);
INSERT INTO demand(goods_id, building_id, max_demand, current_input, level) VALUES (24, 5133, 49.9995, 1, 2.9998372136781337);
INSERT INTO demand(goods_id, building_id, max_demand, current_input, level) VALUES (33, 5133, 9.9999, 1, 1.2417887097640994);
INSERT INTO building(id, name, level) VALUES (5144, "building_construction_sector", 1);
INSERT INTO demand(goods_id, building_id, max_demand, current_input, level) VALUES (9, 5144, 19.9998, 1, 75.46530171089815);
INSERT INTO demand(goods_id, building_id, max_demand, current_input, level) VALUES (10, 5144, 39.9996, 1, 9.95074707540533);
INSERT INTO demand(goods_id, building_id, max_demand, current_input, level) VALUES (24, 5144, 49.9995, 1, 2.9998372136781337);
INSERT INTO demand(goods_id, building_id, max_demand, current_input, level) VALUES (33, 5144, 9.9999, 1, 1.2417887097640994);
INSERT INTO building(id, name, level) VALUES (5149, "building_naval_base", 3);
INSERT INTO demand(goods_id, building_id, max_demand, current_input, level) VALUES (5, 5149, 0.76131, 3, 0.1667600963786663);
INSERT INTO building(id, name, level) VALUES (5161, "building_naval_base", 3);
INSERT INTO demand(goods_id, building_id, max_demand, current_input, level) VALUES (5, 5161, 0.08232, 3, 0.01803167058608426);
INSERT INTO building(id, name, level) VALUES (5207, "building_naval_base", 1);
INSERT INTO demand(goods_id, building_id, max_demand, current_input, level) VALUES (5, 5207, 0.321, 1, 0.07031300119209241);
INSERT INTO building(id, name, level) VALUES (5209, "building_naval_base", 3);
INSERT INTO demand(goods_id, building_id, max_demand, current_input, level) VALUES (5, 5209, 0.66798, 3, 0.14631675556477847);
INSERT INTO building(id, name, level) VALUES (5212, "building_naval_base", 1);
INSERT INTO demand(goods_id, building_id, max_demand, current_input, level) VALUES (5, 5212, 1.194, 1, 0.26153807920049327);
INSERT INTO building(id, name, level) VALUES (5213, "building_naval_base", 4);
INSERT INTO demand(goods_id, building_id, max_demand, current_input, level) VALUES (5, 5213, 0.777, 4, 0.1701968907359994);
INSERT INTO building(id, name, level) VALUES (5221, "building_trade_center", 9);
INSERT INTO building(id, name, level) VALUES (5224, "building_shipyards", 1);
INSERT INTO demand(goods_id, building_id, max_demand, current_input, level) VALUES (9, 5224, 8.8216, 1, 33.2865681443244);
INSERT INTO demand(goods_id, building_id, max_demand, current_input, level) VALUES (10, 5224, 17.6432, 1, 4.389119411213895);
INSERT INTO demand(goods_id, building_id, max_demand, current_input, level) VALUES (26, 5224, 8.8216, 1, 0.5674873239548437);
INSERT INTO demand(goods_id, building_id, max_demand, current_input, level) VALUES (29, 5224, 2.205395744680851, 1, 0.17651952516479175);
INSERT INTO supply(goods_id, building_id, max_supply, current_output, level) VALUES (18, 5224, 30.8756, 1, 10.753510681026079);
INSERT INTO building(id, name, level) VALUES (5226, "building_naval_base", 1);
INSERT INTO demand(goods_id, building_id, max_demand, current_input, level) VALUES (5, 5226, 0.396, 1, 0.08674127249865606);
INSERT INTO building(id, name, level) VALUES (5227, "building_naval_base", 1);
INSERT INTO demand(goods_id, building_id, max_demand, current_input, level) VALUES (5, 5227, 0.333, 1, 0.0729415246011426);
INSERT INTO building(id, name, level) VALUES (5229, "building_naval_base", 3);
INSERT INTO demand(goods_id, building_id, max_demand, current_input, level) VALUES (5, 5229, 0.43899, 3, 0.09615795761157833);
INSERT INTO building(id, name, level) VALUES (5252, "building_naval_base", 1);
INSERT INTO demand(goods_id, building_id, max_demand, current_input, level) VALUES (5, 5252, 0.756, 1, 0.16559697477016155);
INSERT INTO building(id, name, level) VALUES (5317, "building_naval_base", 1);
INSERT INTO demand(goods_id, building_id, max_demand, current_input, level) VALUES (5, 5317, 0.738, 1, 0.1616541896565863);
INSERT INTO building(id, name, level) VALUES (5352, "building_barracks", 4);
INSERT INTO demand(goods_id, building_id, max_demand, current_input, level) VALUES (0, 5352, 0.868, 4, 0.3808903289299307);
INSERT INTO demand(goods_id, building_id, max_demand, current_input, level) VALUES (1, 5352, 1.736, 4, 0.2302515445244897);
INSERT INTO building(id, name, level) VALUES (5353, "building_tobacco_plantation", 1);
INSERT INTO supply(goods_id, building_id, max_supply, current_output, level) VALUES (43, 5353, 8.16, 1, 8.16);
INSERT INTO building(id, name, level) VALUES (5354, "building_barracks", 2);
INSERT INTO demand(goods_id, building_id, max_demand, current_input, level) VALUES (2, 5354, 0.148, 2, 0.004470011953056393);
INSERT INTO building(id, name, level) VALUES (5356, "building_barracks", 3);
INSERT INTO demand(goods_id, building_id, max_demand, current_input, level) VALUES (2, 5356, 1.72931, 3, 0.052229975476621296);
INSERT INTO building(id, name, level) VALUES (5364, "building_barracks", 1);
INSERT INTO demand(goods_id, building_id, max_demand, current_input, level) VALUES (2, 5364, 0.072, 1, 0.002174600409595002);
INSERT INTO building(id, name, level) VALUES (5367, "building_barracks", 1);
INSERT INTO demand(goods_id, building_id, max_demand, current_input, level) VALUES (0, 5367, 0.23, 1, 0.1009271608915715);
INSERT INTO demand(goods_id, building_id, max_demand, current_input, level) VALUES (1, 5367, 0.46, 1, 0.06101135396386248);
INSERT INTO building(id, name, level) VALUES (5392, "building_barracks", 1);
INSERT INTO demand(goods_id, building_id, max_demand, current_input, level) VALUES (0, 5392, 0.026, 1, 0.011409157318177647);
INSERT INTO demand(goods_id, building_id, max_demand, current_input, level) VALUES (1, 5392, 0.052, 1, 0.006896935665480106);
INSERT INTO building(id, name, level) VALUES (5446, "building_arts_academy", 1);
INSERT INTO demand(goods_id, building_id, max_demand, current_input, level) VALUES (14, 5446, 0.054, 1, 0.004283459542892544);
INSERT INTO supply(goods_id, building_id, max_supply, current_output, level) VALUES (51, 5446, 0.0216, 1, 0.0017133838171570178);
INSERT INTO building(id, name, level) VALUES (5507, "building_motor_industry", 1);
INSERT INTO demand(goods_id, building_id, max_demand, current_input, level) VALUES (30, 5507, 29.0868, 1, 2.250791105542981);
INSERT INTO supply(goods_id, building_id, max_supply, current_output, level) VALUES (29, 5507, 38.782399999999996, 1, 3.001054807390641);
INSERT INTO building(id, name, level) VALUES (5621, "building_gold_fields", 1);
INSERT INTO supply(goods_id, building_id, max_supply, current_output, level) VALUES (50, 5621, 20.0, 1, 20.0);
INSERT INTO building(id, name, level) VALUES (5645, "building_steel_mills", 1);
INSERT INTO demand(goods_id, building_id, max_demand, current_input, level) VALUES (23, 5645, 19.4151, 1, 2.059457246973891);
INSERT INTO demand(goods_id, building_id, max_demand, current_input, level) VALUES (24, 5645, 38.8302, 1, 2.3297088765800593);
INSERT INTO supply(goods_id, building_id, max_supply, current_output, level) VALUES (30, 5645, 58.2453, 1, 4.8364675278958815);
INSERT INTO building(id, name, level) VALUES (5690, "building_conscription_center", 7);
INSERT INTO building(id, name, level) VALUES (5711, "building_conscription_center", 3);
INSERT INTO building(id, name, level) VALUES (5729, "building_conscription_center", 4);
INSERT INTO building(id, name, level) VALUES (5776, "building_conscription_center", 3);
INSERT INTO building(id, name, level) VALUES (16783025, "building_dye_plantation", 1);
INSERT INTO supply(goods_id, building_id, max_supply, current_output, level) VALUES (21, 16783025, 3.6815, 1, 3.6815);
